person_age,person_income,person_home_ownership,person_emp_length,loan_intent,loan_grade,loan_amnt,loan_int_rate,loan_status,loan_percent_income,cb_person_default_on_file,cb_person_cred_hist_length,actual_loan_status,predicted_loan_status,predicted_default_probability
28,56461,RENT,5.0,EDUCATION,E,5400,15.68,1,0.1,Y,6,0,1,52.0
30,108000,MORTGAGE,0.0,DEBTCONSOLIDATION,B,4925,10.99,0,0.05,N,9,1,0,6.0
29,102000,OWN,10.0,MEDICAL,B,18000,9.33,0,0.18,N,7,0,0,1.0
29,45000,RENT,4.0,VENTURE,B,10000,12.42,0,0.22,N,7,0,0,5.0
31,30000,RENT,4.0,DEBTCONSOLIDATION,B,12000,10.39,1,0.4,N,9,1,1,100.0
34,113000,RENT,6.0,DEBTCONSOLIDATION,C,9600,13.49,0,0.08,N,5,0,0,15.0
31,73000,MORTGAGE,4.0,DEBTCONSOLIDATION,F,16000,19.41,1,0.22,N,7,1,1,93.0
23,90000,RENT,5.0,VENTURE,D,7500,15.58,0,0.08,Y,3,0,0,8.0
36,135000,RENT,0.0,DEBTCONSOLIDATION,C,24250,12.87,0,0.18,Y,15,0,0,10.0
36,52000,MORTGAGE,2.0,HOMEIMPROVEMENT,A,8000,7.51,0,0.15,N,14,0,0,1.0
35,143485,MORTGAGE,10.0,PERSONAL,B,8000,10.62,0,0.06,N,7,0,0,6.0
43,47840,RENT,27.0,PERSONAL,B,15000,12.42,1,0.31,N,12,1,1,99.0
22,76000,RENT,0.0,EDUCATION,C,14400,14.35,0,0.19,N,2,0,0,18.0
26,30000,OWN,0.0,HOMEIMPROVEMENT,C,15000,13.22,0,0.5,Y,2,0,0,13.0
21,27000,RENT,5.0,VENTURE,A,5000,5.42,0,0.19,N,3,0,0,5.0
39,61000,MORTGAGE,3.0,VENTURE,D,14000,16.29,0,0.23,Y,17,0,0,32.0
31,273655,MORTGAGE,4.0,DEBTCONSOLIDATION,A,19600,7.51,0,0.07,N,5,0,0,1.0
22,40000,RENT,2.0,DEBTCONSOLIDATION,A,4000,7.49,0,0.1,N,3,0,0,7.000000000000001
24,38000,RENT,0.0,VENTURE,B,12000,11.89,1,0.32,N,3,1,1,92.0
32,98406,MORTGAGE,1.0,DEBTCONSOLIDATION,A,5400,9.38,0,0.05,N,6,0,0,7.000000000000001
22,36000,RENT,4.0,PERSONAL,B,10000,11.36,0,0.28,N,2,1,0,18.0
28,41000,RENT,11.0,VENTURE,E,4000,18.64,0,0.1,Y,5,1,0,46.0
37,78000,MORTGAGE,0.0,PERSONAL,B,5600,10.74,0,0.07,N,12,1,0,17.0
36,66000,RENT,3.0,EDUCATION,A,10000,6.62,0,0.15,N,12,0,0,0.0
29,59354,MORTGAGE,5.0,MEDICAL,D,9600,13.67,1,0.14,Y,10,1,1,80.0
21,65000,MORTGAGE,5.0,DEBTCONSOLIDATION,B,2200,12.42,0,0.03,N,3,0,0,8.0
24,74000,RENT,0.0,PERSONAL,B,4500,12.18,0,0.06,N,4,0,0,3.0
28,50176,RENT,3.0,VENTURE,B,5000,10.59,0,0.1,N,7,0,0,0.0
42,50426,RENT,0.0,MEDICAL,A,4200,7.49,0,0.08,N,14,0,0,5.0
31,46500,MORTGAGE,7.0,PERSONAL,C,8000,13.04,0,0.17,Y,6,0,0,7.000000000000001
31,45000,RENT,1.0,MEDICAL,C,14000,13.06,1,0.31,N,6,1,1,93.0
32,101000,RENT,3.0,MEDICAL,B,20000,10.75,0,0.2,N,8,0,0,1.0
33,140000,MORTGAGE,8.0,VENTURE,A,8000,5.79,0,0.06,N,6,0,0,0.0
23,54000,RENT,6.0,HOMEIMPROVEMENT,E,6000,16.45,0,0.11,N,2,1,0,50.0
27,40000,RENT,1.0,MEDICAL,B,5000,11.99,0,0.13,N,9,0,0,3.0
43,76000,MORTGAGE,4.0,HOMEIMPROVEMENT,D,9150,16.29,0,0.12,Y,16,0,0,18.0
23,55000,MORTGAGE,1.0,VENTURE,B,1500,11.49,0,0.03,N,3,0,0,1.0
40,28000,RENT,2.0,VENTURE,C,5000,12.99,0,0.18,Y,13,0,0,10.0
25,61200,MORTGAGE,10.0,MEDICAL,A,5200,5.42,0,0.08,N,4,0,0,6.0
22,30000,RENT,3.0,PERSONAL,B,3000,11.12,0,0.1,N,3,0,0,9.0
24,64000,MORTGAGE,8.0,VENTURE,B,4800,12.21,0,0.07,N,4,0,0,5.0
31,98000,OWN,7.0,MEDICAL,C,5000,15.96,0,0.05,Y,7,0,0,6.0
28,110000,MORTGAGE,0.0,HOMEIMPROVEMENT,B,6000,10.65,0,0.05,N,8,0,0,3.0
26,36000,RENT,4.0,MEDICAL,C,7000,13.98,0,0.19,Y,2,1,0,28.000000000000004
22,66000,RENT,1.0,EDUCATION,F,22000,18.43,1,0.33,N,2,1,1,98.0
32,51000,RENT,1.0,PERSONAL,C,9000,12.99,0,0.18,Y,5,0,0,5.0
38,110000,MORTGAGE,5.0,PERSONAL,B,16000,11.99,0,0.15,N,17,0,0,2.0
21,84000,MORTGAGE,5.0,DEBTCONSOLIDATION,B,10000,12.53,0,0.12,N,4,0,0,5.0
45,69600,OWN,11.0,VENTURE,A,6000,7.9,0,0.09,N,13,0,0,0.0
23,50004,MORTGAGE,7.0,PERSONAL,B,16000,11.83,0,0.32,N,2,0,0,18.0
27,100000,MORTGAGE,0.0,VENTURE,C,16000,13.49,0,0.16,Y,6,0,0,4.0
22,29554,MORTGAGE,4.0,DEBTCONSOLIDATION,A,5775,5.42,0,0.2,N,3,1,0,5.0
31,36000,RENT,2.0,MEDICAL,C,3500,12.53,0,0.1,Y,10,0,0,4.0
27,47000,RENT,11.0,MEDICAL,B,1300,10.46,0,0.03,N,8,0,0,2.0
26,75000,MORTGAGE,6.0,EDUCATION,A,5000,7.66,0,0.07,N,2,0,0,12.0
28,88000,RENT,3.0,PERSONAL,B,10000,10.65,0,0.11,N,9,1,0,0.0
25,30000,RENT,6.0,EDUCATION,B,4000,9.76,0,0.13,N,3,0,0,8.0
23,115275,RENT,7.0,DEBTCONSOLIDATION,C,7500,11.28,0,0.07,Y,4,0,0,2.0
27,55000,RENT,11.0,DEBTCONSOLIDATION,B,13000,8.88,0,0.24,N,6,0,0,5.0
31,101416,MORTGAGE,9.0,HOMEIMPROVEMENT,C,15000,12.87,0,0.15,Y,8,0,0,2.0
29,50000,RENT,13.0,VENTURE,A,12000,8.94,0,0.24,N,5,0,0,2.0
25,25200,OWN,5.0,HOMEIMPROVEMENT,D,1200,15.99,0,0.05,Y,3,0,0,24.0
29,60000,RENT,4.0,DEBTCONSOLIDATION,A,10000,8.59,0,0.17,N,5,0,0,0.0
22,89250,MORTGAGE,6.0,MEDICAL,D,7500,13.24,1,0.07,Y,2,1,1,68.0
23,75000,OWN,5.0,MEDICAL,D,12500,15.33,0,0.17,Y,3,0,0,20.0
32,106300,MORTGAGE,13.0,PERSONAL,A,20000,7.49,0,0.19,N,5,0,0,2.0
22,43000,OWN,5.0,VENTURE,B,3500,11.49,0,0.08,N,3,0,0,3.0
24,88494,OWN,8.0,MEDICAL,B,24000,10.99,0,0.27,N,2,0,0,3.0
28,35000,MORTGAGE,5.0,PERSONAL,C,9600,13.16,0,0.27,N,8,0,0,5.0
28,40000,RENT,2.0,MEDICAL,B,9000,12.53,0,0.23,N,8,0,0,1.0
25,21812,RENT,7.0,EDUCATION,C,6000,14.72,0,0.28,Y,2,0,0,21.0
24,43000,MORTGAGE,8.0,DEBTCONSOLIDATION,D,10000,16.89,1,0.23,N,4,1,1,93.0
32,45000,MORTGAGE,16.0,PERSONAL,A,6000,7.49,0,0.13,N,6,0,0,0.0
21,12000,RENT,5.0,EDUCATION,A,3000,8.9,1,0.25,N,4,1,1,100.0
23,24000,MORTGAGE,1.0,DEBTCONSOLIDATION,D,2800,16.07,1,0.12,N,3,1,1,80.0
32,27600,RENT,0.0,MEDICAL,A,7000,6.54,0,0.25,N,9,0,0,6.0
22,60000,RENT,2.0,MEDICAL,B,5125,11.86,0,0.09,N,3,0,0,2.0
21,62000,MORTGAGE,2.0,PERSONAL,A,6000,7.51,0,0.1,N,4,0,0,0.0
21,36000,RENT,3.0,MEDICAL,A,15000,6.62,1,0.42,N,2,1,1,98.0
21,118000,OWN,5.0,VENTURE,A,14000,7.88,0,0.12,N,3,0,0,0.0
30,65144,MORTGAGE,9.0,MEDICAL,E,5000,16.35,1,0.07,Y,6,1,1,87.0
26,58000,MORTGAGE,10.0,VENTURE,B,5000,10.62,0,0.09,N,2,0,0,2.0
32,84996,MORTGAGE,5.0,MEDICAL,B,20000,8.88,0,0.24,N,5,0,0,4.0
40,55182,RENT,0.0,VENTURE,A,6000,6.99,0,0.11,N,13,0,0,0.0
28,110004,MORTGAGE,2.0,EDUCATION,B,15000,10.99,0,0.14,N,5,0,0,0.0
31,65000,MORTGAGE,3.0,MEDICAL,C,10000,13.61,0,0.15,N,9,0,0,4.0
32,84000,RENT,7.0,DEBTCONSOLIDATION,B,15000,10.99,0,0.18,N,7,0,0,9.0
22,30000,RENT,4.0,DEBTCONSOLIDATION,D,7000,16.49,1,0.23,Y,3,1,1,94.0
25,46144,MORTGAGE,9.0,EDUCATION,A,1500,7.49,0,0.03,N,2,0,0,5.0
31,72000,MORTGAGE,14.0,MEDICAL,A,7000,5.42,0,0.1,N,8,0,0,3.0
24,40800,RENT,5.0,MEDICAL,C,4800,13.85,0,0.12,Y,3,0,0,19.0
33,102000,MORTGAGE,17.0,VENTURE,E,35000,16.77,0,0.34,Y,8,0,0,38.0
22,130000,MORTGAGE,6.0,PERSONAL,C,3000,13.49,0,0.02,N,2,0,0,10.0
37,50000,RENT,1.0,HOMEIMPROVEMENT,C,15000,13.22,0,0.3,Y,11,0,0,17.0
47,53808,MORTGAGE,4.0,HOMEIMPROVEMENT,B,15000,11.71,0,0.28,N,16,0,0,11.0
22,75000,RENT,2.0,VENTURE,C,7200,13.61,0,0.1,N,4,0,0,8.0
27,65000,MORTGAGE,8.0,MEDICAL,B,3000,12.42,0,0.05,N,10,0,0,13.0
38,48000,OWN,4.0,VENTURE,A,7600,7.88,0,0.16,N,11,0,0,0.0
22,62400,RENT,3.0,EDUCATION,D,24000,14.84,1,0.38,N,2,1,1,97.0
26,88500,MORTGAGE,10.0,EDUCATION,A,10000,8.59,0,0.11,N,4,0,0,3.0
25,65454,MORTGAGE,9.0,DEBTCONSOLIDATION,B,8400,11.99,0,0.13,N,2,0,0,7.000000000000001
39,48000,RENT,4.0,MEDICAL,D,20500,14.59,1,0.43,N,16,1,1,97.0
22,59000,MORTGAGE,5.0,MEDICAL,A,6000,7.49,0,0.1,N,2,0,0,7.000000000000001
27,120000,MORTGAGE,3.0,PERSONAL,B,14000,11.99,0,0.12,N,10,0,0,3.0
28,50000,RENT,4.0,PERSONAL,A,15000,7.49,0,0.3,N,8,0,0,7.000000000000001
24,25800,RENT,0.0,MEDICAL,A,6000,7.14,0,0.23,N,4,0,0,3.0
23,43955,RENT,7.0,EDUCATION,D,7800,15.62,0,0.18,N,3,0,0,15.0
27,34800,RENT,2.0,VENTURE,D,4000,14.54,1,0.11,Y,7,1,1,96.0
30,143000,MORTGAGE,11.0,PERSONAL,A,18000,8.49,0,0.13,N,7,0,0,1.0
23,56525,RENT,1.0,MEDICAL,B,15000,11.48,0,0.23,N,4,1,0,10.0
35,100000,MORTGAGE,9.0,EDUCATION,B,6000,9.99,0,0.06,N,7,0,0,0.0
23,75000,MORTGAGE,5.0,PERSONAL,B,5000,11.12,0,0.07,N,2,0,0,12.0
24,57000,RENT,0.0,PERSONAL,A,13500,6.92,0,0.24,N,2,0,0,2.0
33,300000,OWN,8.0,MEDICAL,D,25000,14.42,0,0.08,Y,7,0,0,21.0
26,57000,MORTGAGE,4.0,EDUCATION,C,12000,13.49,0,0.21,Y,2,0,0,11.0
22,60000,MORTGAGE,7.0,EDUCATION,D,10000,15.31,0,0.17,N,3,0,0,15.0
24,18000,RENT,8.0,PERSONAL,B,6000,12.21,1,0.33,N,2,1,1,100.0
24,38000,MORTGAGE,3.0,DEBTCONSOLIDATION,B,16000,10.99,0,0.42,N,2,0,0,10.0
28,33600,RENT,12.0,EDUCATION,B,4200,10.0,0,0.13,N,5,0,0,12.0
26,97188,RENT,7.0,VENTURE,D,16000,12.8,0,0.16,N,3,0,0,28.000000000000004
40,52479,RENT,17.0,HOMEIMPROVEMENT,D,6600,14.54,0,0.13,N,17,1,0,50.0
27,80000,RENT,8.0,HOMEIMPROVEMENT,F,12800,18.67,0,0.16,Y,6,0,0,25.0
32,90000,RENT,11.0,PERSONAL,C,20000,13.22,0,0.22,Y,6,0,0,12.0
28,33000,RENT,12.0,PERSONAL,C,8000,14.65,0,0.24,N,9,1,0,46.0
22,30000,RENT,2.0,EDUCATION,C,13000,13.11,1,0.43,N,3,1,1,99.0
24,110000,RENT,4.0,PERSONAL,A,8000,5.99,0,0.07,N,3,0,0,1.0
34,59000,MORTGAGE,1.0,MEDICAL,C,20000,13.49,0,0.34,Y,7,1,0,34.0
36,250000,MORTGAGE,14.0,PERSONAL,C,31400,14.27,0,0.13,Y,16,0,0,10.0
31,65000,RENT,9.0,VENTURE,B,20000,10.65,1,0.31,N,8,1,1,92.0
27,72000,MORTGAGE,8.0,VENTURE,C,15250,13.16,0,0.21,Y,5,0,0,9.0
25,64800,RENT,5.0,HOMEIMPROVEMENT,A,10000,7.88,0,0.15,N,4,0,0,8.0
27,68000,MORTGAGE,4.0,HOMEIMPROVEMENT,D,30000,15.99,1,0.44,N,7,0,1,56.99999999999999
22,59600,MORTGAGE,6.0,PERSONAL,A,6000,5.42,0,0.1,N,3,0,0,6.0
27,58000,RENT,0.0,EDUCATION,C,4600,13.99,0,0.08,Y,10,0,0,19.0
22,51500,MORTGAGE,6.0,EDUCATION,B,7500,9.88,0,0.15,N,3,0,0,12.0
38,140000,MORTGAGE,0.0,HOMEIMPROVEMENT,B,25000,9.99,0,0.18,N,12,0,0,9.0
28,200000,MORTGAGE,2.0,MEDICAL,A,15000,8.9,0,0.07,N,10,0,0,5.0
30,57000,MORTGAGE,3.0,MEDICAL,E,9000,17.93,1,0.16,Y,6,1,1,87.0
23,28000,RENT,0.0,VENTURE,C,5000,11.78,0,0.18,N,3,0,0,7.000000000000001
30,40525,MORTGAGE,8.0,HOMEIMPROVEMENT,C,4800,14.65,0,0.12,N,10,1,0,25.0
23,21600,RENT,1.0,EDUCATION,D,4500,15.65,1,0.21,N,2,1,1,82.0
26,71046,MORTGAGE,10.0,DEBTCONSOLIDATION,B,6500,10.99,0,0.09,N,4,0,0,4.0
24,64000,MORTGAGE,8.0,EDUCATION,A,5000,7.88,0,0.08,N,4,1,0,4.0
23,91000,RENT,5.0,EDUCATION,B,10000,10.2,0,0.11,N,2,0,0,2.0
26,45900,RENT,0.0,PERSONAL,B,12000,10.39,0,0.26,N,3,0,0,3.0
25,28800,RENT,2.0,MEDICAL,A,1600,6.62,0,0.06,N,2,0,0,28.999999999999996
25,60000,MORTGAGE,9.0,HOMEIMPROVEMENT,A,6500,5.79,0,0.11,N,4,0,0,19.0
34,120000,RENT,4.0,PERSONAL,B,12000,11.49,0,0.1,N,6,0,0,0.0
26,40000,MORTGAGE,6.0,HOMEIMPROVEMENT,B,6000,11.99,0,0.15,N,2,0,0,47.0
24,91000,MORTGAGE,5.0,MEDICAL,A,15000,7.88,0,0.16,N,4,0,0,0.0
35,49872,RENT,2.0,VENTURE,A,8400,7.29,0,0.17,N,9,0,0,1.0
27,27000,RENT,3.0,MEDICAL,B,6900,9.99,0,0.26,N,7,0,0,2.0
25,52000,RENT,9.0,MEDICAL,C,17000,12.98,1,0.33,Y,2,1,1,99.0
30,57000,MORTGAGE,6.0,HOMEIMPROVEMENT,A,4000,8.0,0,0.07,N,8,0,0,3.0
23,95000,MORTGAGE,7.0,PERSONAL,F,25000,18.78,0,0.26,N,4,0,0,41.0
23,31800,RENT,7.0,PERSONAL,C,9600,13.48,0,0.3,Y,3,1,0,38.0
24,100000,RENT,1.0,DEBTCONSOLIDATION,A,5000,7.49,0,0.05,N,3,0,0,1.0
23,61000,RENT,2.0,PERSONAL,D,8400,14.84,1,0.14,N,2,1,1,93.0
27,39000,MORTGAGE,6.0,DEBTCONSOLIDATION,B,6400,10.99,0,0.16,N,10,0,0,19.0
36,55200,RENT,3.0,MEDICAL,D,9900,14.84,1,0.18,Y,13,1,1,86.0
23,38000,RENT,7.0,PERSONAL,B,12000,11.71,1,0.32,N,4,1,1,97.0
31,179000,MORTGAGE,13.0,MEDICAL,C,11200,14.27,0,0.06,N,5,0,0,8.0
24,66000,RENT,3.0,EDUCATION,B,25000,9.91,1,0.38,N,2,1,1,99.0
45,38268,MORTGAGE,14.0,PERSONAL,B,8400,12.18,0,0.22,N,11,0,0,16.0
24,70000,MORTGAGE,8.0,VENTURE,B,25000,9.62,0,0.36,N,2,0,0,2.0
26,34000,MORTGAGE,5.0,EDUCATION,B,5500,10.65,0,0.16,N,3,1,0,15.0
28,108000,RENT,2.0,DEBTCONSOLIDATION,D,20000,15.31,1,0.19,Y,8,1,1,97.0
24,87000,MORTGAGE,7.0,HOMEIMPROVEMENT,B,25000,10.99,0,0.29,N,2,0,0,8.0
22,30000,RENT,4.0,VENTURE,E,8000,16.77,1,0.27,N,3,1,1,63.0
33,66500,MORTGAGE,1.0,PERSONAL,A,9200,7.49,0,0.14,N,7,0,0,0.0
23,140000,MORTGAGE,7.0,PERSONAL,C,6000,13.49,0,0.04,Y,3,0,0,12.0
34,120000,RENT,17.0,VENTURE,B,35000,10.59,0,0.29,N,6,0,0,16.0
29,59000,RENT,4.0,VENTURE,G,20000,20.17,1,0.34,Y,5,1,1,100.0
24,39000,RENT,2.0,HOMEIMPROVEMENT,C,16000,13.06,1,0.41,N,2,1,1,99.0
31,36000,RENT,4.0,MEDICAL,B,8000,10.65,0,0.22,N,6,0,0,13.0
32,40000,RENT,0.0,MEDICAL,B,6000,12.69,0,0.15,N,8,0,0,3.0
28,63000,MORTGAGE,7.0,EDUCATION,C,8575,13.49,0,0.14,N,8,0,0,17.0
27,82000,MORTGAGE,0.0,VENTURE,B,14000,10.0,0,0.17,N,7,0,0,4.0
29,77000,RENT,3.0,MEDICAL,C,17600,13.48,0,0.23,N,8,0,0,9.0
21,32000,RENT,5.0,DEBTCONSOLIDATION,A,6000,5.42,0,0.19,N,4,0,0,13.0
33,26100,RENT,16.0,PERSONAL,B,5000,10.75,0,0.19,N,6,0,0,17.0
33,235000,MORTGAGE,3.0,EDUCATION,B,25000,10.62,0,0.11,N,6,0,0,11.0
31,95000,RENT,3.0,HOMEIMPROVEMENT,D,24000,13.67,0,0.25,Y,10,0,0,50.0
23,73500,RENT,7.0,PERSONAL,D,6000,14.96,0,0.08,Y,4,0,0,28.999999999999996
44,30000,RENT,6.0,VENTURE,C,5000,13.98,0,0.17,N,11,0,0,17.0
25,40000,OWN,0.0,EDUCATION,B,8000,10.38,0,0.2,N,4,0,0,1.0
47,140000,RENT,4.0,VENTURE,C,10000,13.49,0,0.07,Y,13,0,0,14.000000000000002
28,45000,RENT,6.0,MEDICAL,D,3600,16.29,1,0.08,N,7,0,1,63.0
22,65000,RENT,0.0,MEDICAL,B,15000,11.36,0,0.23,N,3,0,0,3.0
25,138000,MORTGAGE,9.0,PERSONAL,A,8000,6.99,0,0.06,N,4,0,0,1.0
38,170000,RENT,0.0,VENTURE,A,5500,7.49,0,0.03,N,13,0,0,0.0
22,18000,RENT,1.0,EDUCATION,C,4000,10.91,1,0.22,Y,4,1,1,99.0
28,41600,OWN,0.0,VENTURE,B,13000,11.58,0,0.31,N,9,0,0,3.0
36,87000,RENT,5.0,MEDICAL,C,5000,13.98,0,0.06,N,14,0,0,5.0
36,30500,RENT,3.0,HOMEIMPROVEMENT,B,8000,11.11,1,0.26,N,13,1,1,69.0
22,70000,RENT,6.0,EDUCATION,D,29100,15.99,1,0.42,N,3,1,1,95.0
23,46800,OWN,7.0,VENTURE,C,9000,13.49,0,0.19,N,4,0,0,2.0
23,47000,MORTGAGE,7.0,DEBTCONSOLIDATION,C,13850,12.68,0,0.29,Y,4,0,0,5.0
28,90000,RENT,7.0,VENTURE,C,16000,12.68,0,0.18,N,10,0,0,6.0
24,48000,MORTGAGE,2.0,EDUCATION,B,5500,11.36,0,0.11,N,3,0,0,6.0
22,98000,MORTGAGE,1.0,HOMEIMPROVEMENT,A,9000,9.63,0,0.09,N,2,1,0,25.0
25,24000,RENT,3.0,DEBTCONSOLIDATION,C,6250,13.72,0,0.26,Y,3,0,0,7.000000000000001
32,62500,MORTGAGE,3.0,PERSONAL,C,3800,13.11,0,0.06,N,10,1,0,11.0
37,72800,MORTGAGE,0.0,EDUCATION,B,23000,11.58,0,0.32,N,17,0,0,12.0
26,26004,MORTGAGE,2.0,HOMEIMPROVEMENT,B,10000,11.14,0,0.38,N,3,0,0,30.0
24,64000,RENT,8.0,DEBTCONSOLIDATION,D,30000,14.54,1,0.47,Y,3,1,1,100.0
42,153000,MORTGAGE,7.0,EDUCATION,G,25000,20.53,1,0.16,N,14,1,1,61.0
26,74970,RENT,5.0,MEDICAL,A,6000,7.88,0,0.08,N,2,0,0,5.0
27,75000,MORTGAGE,4.0,DEBTCONSOLIDATION,B,6625,10.99,0,0.09,N,10,0,0,13.0
36,171870,MORTGAGE,4.0,MEDICAL,D,9400,15.62,1,0.05,Y,11,1,1,79.0
24,102000,OWN,5.0,PERSONAL,A,23800,8.9,0,0.23,N,2,0,0,4.0
24,75000,RENT,4.0,VENTURE,B,6400,10.36,0,0.09,N,4,0,0,1.0
22,36000,MORTGAGE,6.0,VENTURE,A,7500,7.14,0,0.21,N,3,0,0,2.0
24,69000,MORTGAGE,4.0,DEBTCONSOLIDATION,D,25000,15.57,1,0.36,N,2,1,1,89.0
35,54000,RENT,1.0,EDUCATION,D,9000,14.46,1,0.17,N,8,1,1,97.0
25,63300,MORTGAGE,0.0,EDUCATION,C,17600,12.53,0,0.28,Y,4,0,0,10.0
28,63550,MORTGAGE,12.0,HOMEIMPROVEMENT,A,12500,7.49,0,0.2,N,10,0,0,2.0
36,48000,MORTGAGE,17.0,VENTURE,A,10000,9.63,0,0.21,N,14,0,0,4.0
26,68004,RENT,10.0,DEBTCONSOLIDATION,D,3500,15.28,1,0.05,Y,3,1,1,95.0
23,26500,OWN,6.0,VENTURE,A,6000,8.0,0,0.23,N,3,0,0,2.0
25,33600,RENT,5.0,PERSONAL,A,5075,5.79,0,0.15,N,2,0,0,3.0
22,60000,MORTGAGE,5.0,EDUCATION,B,8800,10.37,0,0.15,N,4,0,0,2.0
41,60000,OWN,7.0,PERSONAL,A,12000,6.91,0,0.2,N,13,0,0,0.0
30,48000,OWN,3.0,HOMEIMPROVEMENT,C,1500,13.48,0,0.03,Y,5,0,0,4.0
26,26000,MORTGAGE,4.0,HOMEIMPROVEMENT,B,12000,10.99,0,0.46,N,3,0,0,42.0
21,30000,OWN,5.0,MEDICAL,A,9000,5.99,0,0.3,N,4,0,0,11.0
32,56784,OWN,3.0,PERSONAL,D,12000,14.96,0,0.21,Y,10,0,0,5.0
22,57000,MORTGAGE,6.0,PERSONAL,B,11425,9.91,0,0.2,N,4,0,0,1.0
36,50000,MORTGAGE,2.0,MEDICAL,C,16000,13.48,0,0.32,N,15,0,0,30.0
32,72500,MORTGAGE,4.0,HOMEIMPROVEMENT,A,4000,5.42,0,0.06,N,10,0,0,2.0
23,25596,RENT,2.0,MEDICAL,B,4500,9.99,0,0.18,N,4,0,0,5.0
24,69996,MORTGAGE,8.0,EDUCATION,A,3000,6.39,0,0.04,N,3,0,0,0.0
25,44196,MORTGAGE,8.0,HOMEIMPROVEMENT,A,4000,7.51,0,0.09,N,3,0,0,4.0
27,65000,RENT,9.0,PERSONAL,A,4000,6.99,0,0.06,N,5,0,0,11.0
22,23000,MORTGAGE,2.0,DEBTCONSOLIDATION,B,4800,10.0,0,0.21,N,4,0,0,4.0
27,70000,RENT,4.0,PERSONAL,B,20000,11.48,0,0.29,N,8,0,0,14.000000000000002
29,15600,RENT,4.0,PERSONAL,C,5275,14.72,1,0.34,Y,8,1,1,99.0
24,62500,MORTGAGE,2.0,VENTURE,A,6000,5.79,0,0.1,N,2,0,0,0.0
22,48000,RENT,6.0,EDUCATION,B,4000,9.91,0,0.08,N,3,0,0,11.0
37,26240,RENT,0.0,VENTURE,B,6600,11.49,0,0.25,N,15,0,0,5.0
29,60000,MORTGAGE,4.0,PERSONAL,C,14125,13.49,0,0.24,N,5,0,0,0.0
23,124800,MORTGAGE,4.0,MEDICAL,B,28000,10.99,0,0.22,N,2,0,0,7.000000000000001
31,40000,RENT,3.0,MEDICAL,B,2000,10.37,0,0.05,N,7,0,0,4.0
43,98760,RENT,8.0,VENTURE,D,5000,14.84,0,0.05,N,14,0,0,17.0
24,70000,RENT,5.0,HOMEIMPROVEMENT,C,14400,12.23,0,0.21,N,4,0,0,9.0
27,200000,MORTGAGE,6.0,EDUCATION,A,10000,7.51,0,0.05,N,10,0,0,0.0
24,52000,MORTGAGE,7.0,MEDICAL,C,5000,14.22,0,0.1,Y,3,0,0,23.0
24,36000,RENT,6.0,MEDICAL,E,15250,15.95,1,0.42,Y,2,1,1,98.0
25,36000,MORTGAGE,2.0,DEBTCONSOLIDATION,C,13750,13.22,0,0.38,N,4,1,0,43.0
24,80000,MORTGAGE,8.0,DEBTCONSOLIDATION,C,24000,14.35,0,0.3,Y,3,0,0,34.0
25,120000,MORTGAGE,6.0,EDUCATION,B,10000,10.99,0,0.08,N,2,0,0,7.000000000000001
34,30000,OWN,3.0,HOMEIMPROVEMENT,C,8875,14.27,0,0.3,Y,8,0,0,23.0
27,83604,RENT,2.0,MEDICAL,B,11000,9.76,0,0.13,N,7,0,0,1.0
30,92000,MORTGAGE,9.0,VENTURE,A,5000,7.49,0,0.05,N,10,0,0,0.0
34,357000,MORTGAGE,3.0,HOMEIMPROVEMENT,E,14000,18.64,0,0.04,Y,9,0,0,28.999999999999996
23,39996,RENT,0.0,EDUCATION,C,6000,11.66,0,0.15,N,3,0,0,8.0
28,62000,RENT,0.0,VENTURE,B,12000,10.65,0,0.19,N,8,0,0,1.0
26,69000,MORTGAGE,8.0,PERSONAL,A,15000,7.49,0,0.22,N,3,0,0,14.000000000000002
22,103000,MORTGAGE,4.0,MEDICAL,A,2500,7.49,0,0.02,N,3,0,0,7.000000000000001
24,38400,RENT,2.0,DEBTCONSOLIDATION,A,5500,6.92,0,0.14,N,3,0,0,2.0
21,40000,MORTGAGE,3.0,DEBTCONSOLIDATION,A,8000,6.92,0,0.2,N,4,0,0,7.000000000000001
22,33000,RENT,1.0,DEBTCONSOLIDATION,A,2000,7.49,0,0.06,N,3,0,0,10.0
26,50200,RENT,1.0,HOMEIMPROVEMENT,A,9000,7.66,0,0.18,N,3,0,0,7.000000000000001
40,148350,MORTGAGE,11.0,VENTURE,A,5000,6.03,0,0.03,N,11,0,0,1.0
38,50000,MORTGAGE,6.0,PERSONAL,D,3000,15.05,0,0.06,N,12,0,0,9.0
45,28320,RENT,1.0,MEDICAL,B,3000,10.99,0,0.11,N,11,0,0,21.0
24,60000,OWN,1.0,VENTURE,D,15000,16.89,0,0.25,Y,2,0,0,12.0
48,49000,RENT,2.0,EDUCATION,D,6000,14.09,1,0.12,Y,11,1,1,73.0
24,20000,RENT,3.0,MEDICAL,B,3600,11.71,0,0.18,N,4,0,0,9.0
22,32000,RENT,0.0,PERSONAL,D,7875,14.91,1,0.25,N,2,1,1,93.0
24,90000,RENT,4.0,PERSONAL,B,12000,9.91,0,0.13,N,2,0,0,3.0
22,42000,RENT,6.0,DEBTCONSOLIDATION,B,3000,12.69,0,0.07,N,2,0,0,11.0
25,70000,RENT,3.0,PERSONAL,C,8000,14.26,0,0.11,N,4,0,0,11.0
27,108000,MORTGAGE,6.0,MEDICAL,A,10000,6.54,0,0.09,N,8,0,0,0.0
38,77250,OWN,4.0,VENTURE,A,3000,8.59,0,0.04,N,15,0,0,0.0
23,37344,MORTGAGE,0.0,EDUCATION,C,3200,12.68,0,0.09,Y,2,0,0,10.0
22,50000,OWN,1.0,EDUCATION,A,3600,7.49,0,0.07,N,3,0,0,0.0
31,168000,MORTGAGE,2.0,EDUCATION,B,15500,9.25,0,0.09,N,9,0,0,4.0
22,38400,RENT,4.0,EDUCATION,C,4000,12.99,0,0.1,N,2,0,0,8.0
21,24000,RENT,5.0,DEBTCONSOLIDATION,C,13000,12.87,1,0.54,N,2,1,1,100.0
22,75000,MORTGAGE,6.0,DEBTCONSOLIDATION,A,18000,5.79,0,0.24,N,2,0,0,4.0
23,141000,MORTGAGE,1.0,EDUCATION,B,15000,10.99,0,0.11,N,4,0,0,0.0
33,50000,RENT,0.0,HOMEIMPROVEMENT,A,20400,6.54,1,0.41,N,7,1,1,97.0
35,66560,MORTGAGE,11.0,VENTURE,A,4200,5.79,0,0.06,N,10,0,0,0.0
36,33481,RENT,9.0,MEDICAL,E,13475,15.68,1,0.4,Y,15,1,1,98.0
37,40800,OWN,4.0,PERSONAL,B,2875,11.99,0,0.07,N,14,0,0,5.0
27,32200,RENT,1.0,EDUCATION,E,6300,16.45,1,0.2,N,6,1,1,89.0
28,75000,RENT,0.0,HOMEIMPROVEMENT,B,20000,11.11,0,0.27,N,7,0,0,24.0
53,138000,RENT,4.0,PERSONAL,B,15000,12.69,0,0.11,N,21,1,0,6.0
22,31000,RENT,6.0,PERSONAL,D,15000,15.31,1,0.48,Y,4,1,1,100.0
33,33000,RENT,4.0,PERSONAL,B,16750,12.53,1,0.51,N,5,1,1,99.0
22,78000,MORTGAGE,2.0,EDUCATION,B,1750,10.65,0,0.02,N,4,0,0,4.0
23,90000,RENT,2.0,MEDICAL,B,20000,11.49,0,0.22,N,4,0,0,2.0
24,42000,RENT,1.0,PERSONAL,B,2000,12.69,0,0.05,N,4,1,0,10.0
21,24000,RENT,5.0,EDUCATION,B,2000,11.14,0,0.08,N,4,0,0,14.000000000000002
33,42000,RENT,0.0,MEDICAL,A,8000,5.99,0,0.19,N,7,0,0,0.0
41,92000,MORTGAGE,15.0,EDUCATION,A,12000,7.66,0,0.13,N,13,0,0,0.0
42,35004,RENT,12.0,MEDICAL,A,1500,7.37,0,0.04,N,12,0,0,10.0
22,50000,MORTGAGE,0.0,EDUCATION,A,12800,5.79,0,0.26,N,3,0,0,3.0
38,86105,RENT,2.0,MEDICAL,A,8000,6.54,0,0.08,N,17,1,0,1.0
24,70000,MORTGAGE,1.0,VENTURE,B,25000,10.62,0,0.36,N,2,0,0,4.0
35,31000,RENT,0.0,VENTURE,C,5000,14.35,0,0.16,N,7,0,0,28.000000000000004
28,68004,RENT,1.0,PERSONAL,C,15000,13.16,0,0.22,Y,7,0,0,3.0
25,50400,MORTGAGE,4.0,HOMEIMPROVEMENT,A,6000,7.14,0,0.12,N,4,0,0,6.0
24,30000,RENT,0.0,PERSONAL,E,10000,19.29,1,0.33,Y,3,1,1,100.0
30,51000,RENT,14.0,PERSONAL,B,4800,12.69,0,0.09,N,10,0,0,13.0
27,75000,RENT,5.0,PERSONAL,A,15000,6.91,0,0.2,N,10,0,0,0.0
24,60000,MORTGAGE,8.0,MEDICAL,A,17000,7.49,0,0.28,N,2,0,0,4.0
21,30000,RENT,1.0,VENTURE,C,6000,13.16,0,0.2,N,4,1,0,35.0
41,26400,MORTGAGE,1.0,PERSONAL,D,10300,16.29,1,0.39,Y,14,1,1,51.0
27,78200,OWN,4.0,MEDICAL,E,35000,17.99,1,0.38,Y,7,1,1,83.0
32,53000,RENT,4.0,MEDICAL,A,9000,5.79,0,0.17,N,6,0,0,1.0
36,70000,MORTGAGE,11.0,PERSONAL,C,25000,12.84,0,0.36,Y,16,0,0,18.0
28,107000,RENT,4.0,HOMEIMPROVEMENT,C,16000,13.49,0,0.15,N,6,0,0,3.0
25,48000,MORTGAGE,8.0,PERSONAL,A,2250,8.49,0,0.05,N,3,1,0,4.0
22,56400,MORTGAGE,6.0,EDUCATION,D,17300,15.62,0,0.31,N,4,0,0,28.999999999999996
22,34000,RENT,5.0,VENTURE,A,7200,7.9,0,0.21,N,4,0,0,13.0
31,62000,MORTGAGE,4.0,HOMEIMPROVEMENT,B,17000,10.99,0,0.27,N,10,0,0,3.0
41,65000,MORTGAGE,6.0,HOMEIMPROVEMENT,B,20000,12.21,0,0.31,N,13,0,0,10.0
30,40000,MORTGAGE,8.0,HOMEIMPROVEMENT,B,8600,10.65,0,0.21,N,6,0,0,7.000000000000001
22,67000,MORTGAGE,6.0,VENTURE,A,4000,6.76,0,0.06,N,3,0,0,0.0
44,57000,RENT,1.0,MEDICAL,B,4200,10.99,0,0.07,N,13,0,0,9.0
21,32400,RENT,1.0,EDUCATION,B,10000,11.48,1,0.31,N,2,1,1,95.0
24,61000,MORTGAGE,4.0,PERSONAL,D,10000,15.65,0,0.16,N,3,0,0,13.0
24,34000,RENT,0.0,VENTURE,D,8000,16.49,1,0.24,Y,3,1,1,89.0
26,67983,MORTGAGE,7.0,MEDICAL,D,15000,16.49,1,0.19,Y,3,1,1,99.0
31,18996,OWN,6.0,HOMEIMPROVEMENT,C,7000,13.49,1,0.37,N,8,1,1,95.0
44,67000,MORTGAGE,28.0,HOMEIMPROVEMENT,B,3000,10.99,0,0.04,N,14,0,0,14.000000000000002
37,55000,OWN,2.0,VENTURE,B,24375,10.37,0,0.44,N,13,0,0,6.0
30,80000,MORTGAGE,6.0,HOMEIMPROVEMENT,B,12000,10.99,0,0.15,N,8,0,0,1.0
28,64500,MORTGAGE,1.0,VENTURE,C,4000,13.79,0,0.06,Y,8,1,0,10.0
33,42000,RENT,3.0,MEDICAL,C,12000,13.57,0,0.29,Y,6,0,0,10.0
30,56030,MORTGAGE,14.0,PERSONAL,B,13000,11.89,0,0.23,N,7,0,0,11.0
30,55000,RENT,14.0,DEBTCONSOLIDATION,C,15800,14.72,1,0.29,N,9,0,1,52.0
30,105000,MORTGAGE,12.0,EDUCATION,A,12000,7.88,0,0.11,N,6,0,0,2.0
24,36000,RENT,2.0,VENTURE,D,8000,14.96,1,0.22,Y,2,1,1,90.0
22,48000,RENT,7.0,EDUCATION,A,5000,6.99,0,0.1,N,2,0,0,0.0
23,57664,MORTGAGE,4.0,EDUCATION,A,10000,6.62,0,0.17,N,4,0,0,0.0
23,60000,MORTGAGE,7.0,PERSONAL,C,2000,15.23,0,0.03,Y,2,0,0,8.0
31,80000,MORTGAGE,10.0,MEDICAL,A,10000,7.49,0,0.13,N,5,0,0,1.0
23,32000,MORTGAGE,4.0,EDUCATION,A,1200,7.68,0,0.04,N,2,0,0,24.0
30,97192,MORTGAGE,3.0,PERSONAL,A,6500,7.29,0,0.07,N,10,0,0,0.0
24,72000,MORTGAGE,4.0,MEDICAL,B,5000,9.25,0,0.07,N,2,0,0,11.0
34,62000,RENT,1.0,HOMEIMPROVEMENT,A,6000,7.49,0,0.1,N,9,0,0,2.0
23,50508,OWN,8.0,PERSONAL,B,7500,10.83,0,0.15,N,4,0,0,2.0
28,95000,OWN,4.0,HOMEIMPROVEMENT,B,25000,9.62,0,0.26,N,8,0,0,6.0
23,14664,MORTGAGE,0.0,DEBTCONSOLIDATION,C,6000,13.49,1,0.41,N,4,1,1,98.0
39,130000,OWN,13.0,HOMEIMPROVEMENT,D,25000,16.07,0,0.19,N,14,0,0,11.0
23,80000,RENT,5.0,EDUCATION,A,8000,7.9,0,0.1,N,3,0,0,2.0
27,65000,MORTGAGE,7.0,HOMEIMPROVEMENT,C,4500,13.92,0,0.07,N,7,0,0,14.000000000000002
22,60000,RENT,5.0,EDUCATION,B,6000,11.49,0,0.1,N,4,0,0,3.0
29,42000,RENT,6.0,DEBTCONSOLIDATION,D,10800,16.29,1,0.26,Y,7,1,1,87.0
25,25000,RENT,0.0,MEDICAL,C,8500,12.53,1,0.34,Y,2,1,1,100.0
30,22800,RENT,5.0,PERSONAL,B,1000,11.49,0,0.04,N,5,0,0,23.0
31,42000,OWN,0.0,HOMEIMPROVEMENT,B,7200,9.99,0,0.17,N,8,0,0,10.0
22,60000,RENT,0.0,EDUCATION,C,4400,15.23,0,0.07,Y,3,0,0,9.0
24,34000,MORTGAGE,1.0,PERSONAL,C,5100,14.35,0,0.15,N,4,0,0,31.0
24,40000,MORTGAGE,3.0,EDUCATION,B,6400,9.91,0,0.16,N,4,0,0,7.000000000000001
24,41004,RENT,2.0,DEBTCONSOLIDATION,B,10000,11.14,0,0.24,N,2,0,0,2.0
24,46704,RENT,2.0,PERSONAL,B,9000,11.49,0,0.19,N,3,0,0,1.0
27,66240,RENT,7.0,VENTURE,A,5000,5.79,0,0.08,N,6,0,0,1.0
22,85200,RENT,6.0,VENTURE,D,20000,15.65,0,0.23,Y,4,1,0,33.0
25,154008,MORTGAGE,1.0,DEBTCONSOLIDATION,B,9600,10.95,0,0.06,N,4,0,0,5.0
25,90000,MORTGAGE,9.0,VENTURE,B,5600,9.99,0,0.06,N,4,0,0,0.0
24,65450,RENT,7.0,DEBTCONSOLIDATION,A,9600,8.49,0,0.15,N,2,0,0,2.0
28,48096,RENT,4.0,DEBTCONSOLIDATION,E,1200,17.56,1,0.02,Y,5,1,1,85.0
24,52800,RENT,3.0,HOMEIMPROVEMENT,B,6000,9.91,0,0.11,N,4,0,0,18.0
42,360000,MORTGAGE,11.0,EDUCATION,B,25000,9.99,0,0.07,N,14,0,0,4.0
34,77000,RENT,0.0,VENTURE,A,4800,7.14,0,0.06,N,7,0,0,2.0
26,70000,RENT,5.0,PERSONAL,C,4000,13.85,0,0.06,N,4,0,0,5.0
25,80000,MORTGAGE,4.0,PERSONAL,A,11000,6.62,0,0.14,N,3,0,0,0.0
31,40000,RENT,5.0,MEDICAL,C,2500,13.23,0,0.06,Y,5,0,0,4.0
32,48000,RENT,15.0,DEBTCONSOLIDATION,A,3600,6.92,0,0.07,N,5,0,0,5.0
27,113800,MORTGAGE,3.0,MEDICAL,A,7500,8.63,0,0.07,N,10,0,0,1.0
42,30000,RENT,0.0,DEBTCONSOLIDATION,A,4200,7.49,0,0.14,N,13,0,0,9.0
24,55000,RENT,6.0,DEBTCONSOLIDATION,A,10000,8.94,0,0.18,N,3,0,0,0.0
29,30000,MORTGAGE,2.0,MEDICAL,A,6500,8.59,0,0.22,N,10,0,0,21.0
22,48000,RENT,2.0,EDUCATION,B,2600,11.12,0,0.05,N,3,0,0,7.000000000000001
30,45000,RENT,0.0,MEDICAL,B,8500,11.89,0,0.19,N,7,0,0,2.0
34,27000,RENT,3.0,MEDICAL,B,2525,12.21,0,0.09,N,10,0,0,21.0
29,60000,MORTGAGE,7.0,PERSONAL,A,8500,6.92,0,0.14,N,6,0,0,6.0
25,18000,RENT,1.0,PERSONAL,B,5500,11.71,1,0.31,N,2,1,1,100.0
21,31680,RENT,5.0,MEDICAL,C,15000,12.61,1,0.47,Y,4,1,1,100.0
21,9600,RENT,4.0,HOMEIMPROVEMENT,D,2000,15.99,1,0.21,N,3,1,1,91.0
25,67200,MORTGAGE,9.0,HOMEIMPROVEMENT,C,15000,13.49,0,0.22,N,4,0,0,6.0
24,42000,RENT,1.0,HOMEIMPROVEMENT,D,2000,15.62,1,0.05,Y,2,1,1,89.0
25,155796,MORTGAGE,4.0,PERSONAL,C,25000,13.48,0,0.16,N,2,0,0,6.0
25,50000,RENT,3.0,PERSONAL,D,4000,14.61,0,0.08,Y,4,0,0,28.000000000000004
35,44000,RENT,8.0,DEBTCONSOLIDATION,A,10000,6.54,0,0.23,N,6,0,0,4.0
25,60000,RENT,9.0,MEDICAL,C,8400,13.99,0,0.14,Y,3,0,0,7.000000000000001
23,36000,RENT,0.0,PERSONAL,B,4800,11.11,0,0.13,N,3,0,0,2.0
27,39000,RENT,6.0,DEBTCONSOLIDATION,C,11100,13.49,0,0.28,Y,9,1,0,25.0
29,64000,RENT,3.0,DEBTCONSOLIDATION,D,9000,15.31,1,0.14,Y,6,1,1,92.0
23,83600,RENT,7.0,PERSONAL,A,15000,8.49,0,0.18,N,3,1,0,36.0
23,36000,RENT,1.0,MEDICAL,C,5000,13.22,0,0.14,N,4,0,0,34.0
26,24000,RENT,5.0,DEBTCONSOLIDATION,A,6000,6.62,0,0.25,N,4,0,0,2.0
23,90000,RENT,0.0,DEBTCONSOLIDATION,B,25000,11.36,0,0.28,N,3,0,0,10.0
33,60626,RENT,3.0,VENTURE,B,10000,10.74,0,0.16,N,6,0,0,1.0
23,39996,RENT,2.0,EDUCATION,B,18000,9.25,1,0.45,N,4,1,1,99.0
24,42996,RENT,5.0,MEDICAL,A,5000,7.14,0,0.12,N,4,0,0,0.0
23,34320,RENT,5.0,DEBTCONSOLIDATION,F,7000,18.3,1,0.2,Y,3,1,1,86.0
22,72000,MORTGAGE,6.0,PERSONAL,B,5000,12.69,0,0.07,N,3,0,0,14.000000000000002
23,34800,RENT,6.0,EDUCATION,A,6600,7.49,0,0.19,N,3,0,0,6.0
36,15000,RENT,0.0,PERSONAL,C,5000,10.59,1,0.33,N,11,1,1,98.0
25,26400,MORTGAGE,1.0,HOMEIMPROVEMENT,A,7500,8.9,0,0.28,N,3,0,0,20.0
27,37793,RENT,11.0,VENTURE,B,17625,12.69,1,0.47,N,7,1,1,100.0
25,32200,RENT,1.0,VENTURE,D,10000,16.77,1,0.31,Y,4,1,1,97.0
29,37200,RENT,1.0,MEDICAL,A,15000,6.03,1,0.4,N,10,1,1,98.0
35,78750,MORTGAGE,3.0,DEBTCONSOLIDATION,C,10750,12.23,0,0.14,N,8,0,0,12.0
38,52000,MORTGAGE,3.0,DEBTCONSOLIDATION,A,15250,7.88,0,0.29,N,15,0,0,3.0
29,163000,RENT,4.0,DEBTCONSOLIDATION,B,25000,9.91,0,0.15,N,5,0,0,0.0
26,22000,RENT,2.0,MEDICAL,B,1750,10.99,0,0.08,N,3,0,0,9.0
26,64000,RENT,8.0,EDUCATION,B,7500,9.83,0,0.12,N,4,0,0,4.0
28,78000,RENT,12.0,MEDICAL,B,3000,12.42,0,0.04,N,7,0,0,13.0
26,71000,RENT,9.0,MEDICAL,B,3000,10.99,0,0.04,N,4,0,0,8.0
22,72644,MORTGAGE,3.0,PERSONAL,A,5900,7.49,0,0.08,N,3,1,0,1.0
27,70800,MORTGAGE,0.0,EDUCATION,G,20000,21.21,1,0.28,Y,8,1,1,61.0
22,90000,RENT,2.0,PERSONAL,B,7000,8.88,0,0.08,N,3,0,0,4.0
25,115000,MORTGAGE,4.0,VENTURE,A,20000,6.91,0,0.17,N,2,0,0,0.0
27,93000,MORTGAGE,11.0,HOMEIMPROVEMENT,A,7000,5.42,0,0.08,N,8,0,0,3.0
25,55000,MORTGAGE,6.0,HOMEIMPROVEMENT,B,6500,10.99,0,0.12,N,2,0,0,18.0
23,65000,MORTGAGE,8.0,VENTURE,A,3600,7.49,0,0.06,N,3,0,0,0.0
22,58650,RENT,6.0,MEDICAL,D,16800,16.77,1,0.24,N,2,1,1,96.0
24,32400,RENT,0.0,EDUCATION,C,1600,13.98,0,0.05,N,3,1,0,35.0
31,52249,RENT,7.0,HOMEIMPROVEMENT,A,7000,7.49,0,0.13,N,7,0,0,6.0
26,52000,RENT,6.0,DEBTCONSOLIDATION,C,2500,14.82,0,0.05,Y,2,0,0,17.0
26,14400,RENT,1.0,DEBTCONSOLIDATION,D,2000,17.49,1,0.14,Y,3,1,1,95.0
26,72000,RENT,2.0,VENTURE,B,3600,10.74,0,0.05,N,4,0,0,0.0
22,68000,MORTGAGE,6.0,EDUCATION,C,9000,15.27,0,0.13,N,2,0,0,34.0
26,64999,OWN,5.0,VENTURE,C,10000,13.98,0,0.15,Y,3,0,0,5.0
22,48000,RENT,6.0,VENTURE,B,5000,10.99,0,0.1,N,2,0,0,0.0
29,80000,MORTGAGE,2.0,HOMEIMPROVEMENT,A,4500,6.76,0,0.06,N,10,0,0,0.0
23,62000,RENT,0.0,EDUCATION,C,10000,14.27,0,0.16,Y,2,0,0,3.0
29,35000,OWN,0.0,VENTURE,C,10000,12.87,0,0.29,Y,8,0,0,6.0
27,50000,MORTGAGE,1.0,VENTURE,A,6500,7.74,0,0.13,N,6,0,0,0.0
40,54000,MORTGAGE,19.0,PERSONAL,A,5000,5.42,0,0.09,N,13,0,0,18.0
34,35496,MORTGAGE,15.0,EDUCATION,C,2800,14.17,0,0.08,Y,7,1,0,28.999999999999996
23,44340,OWN,0.0,VENTURE,C,3000,12.98,0,0.07,Y,3,0,0,7.000000000000001
44,80100,MORTGAGE,16.0,MEDICAL,B,8000,10.38,0,0.1,N,16,0,0,9.0
37,75000,MORTGAGE,4.0,MEDICAL,A,6000,6.03,0,0.08,N,11,0,0,2.0
37,70000,MORTGAGE,0.0,VENTURE,B,10000,10.99,0,0.14,N,11,0,0,1.0
25,44400,MORTGAGE,9.0,DEBTCONSOLIDATION,A,6000,6.03,0,0.14,N,2,0,0,16.0
25,31200,MORTGAGE,3.0,MEDICAL,A,11200,5.42,0,0.36,N,2,0,0,13.0
24,68648,RENT,1.0,VENTURE,B,5000,10.99,0,0.07,N,2,0,0,2.0
28,22884,RENT,4.0,DEBTCONSOLIDATION,B,4800,10.38,0,0.21,N,7,0,0,3.0
25,24996,RENT,3.0,DEBTCONSOLIDATION,C,7500,12.98,0,0.3,N,2,0,0,20.0
28,130000,MORTGAGE,12.0,PERSONAL,B,13000,10.75,0,0.1,N,10,0,0,2.0
42,40800,MORTGAGE,5.0,DEBTCONSOLIDATION,A,10400,7.51,0,0.25,N,14,0,0,5.0
29,105996,RENT,13.0,HOMEIMPROVEMENT,D,25000,14.83,0,0.24,N,9,0,0,23.0
36,700000,MORTGAGE,16.0,MEDICAL,C,25000,12.53,0,0.04,Y,13,0,0,28.999999999999996
32,98000,MORTGAGE,16.0,DEBTCONSOLIDATION,B,15000,10.95,0,0.15,N,5,1,0,4.0
22,65000,RENT,7.0,EDUCATION,A,8000,6.54,0,0.12,N,4,0,0,3.0
30,100000,MORTGAGE,9.0,MEDICAL,A,12000,8.9,0,0.12,N,10,0,0,1.0
24,50740,RENT,0.0,MEDICAL,A,6000,9.63,0,0.12,N,3,0,0,3.0
22,26000,RENT,6.0,PERSONAL,B,5000,11.99,0,0.19,N,2,0,0,14.000000000000002
33,12000,RENT,0.0,MEDICAL,B,1500,11.83,0,0.13,N,6,0,0,28.999999999999996
28,79200,RENT,6.0,MEDICAL,A,10000,7.66,0,0.13,N,10,0,0,5.0
23,52000,RENT,3.0,EDUCATION,B,7000,10.65,0,0.13,N,2,0,0,9.0
30,21240,RENT,4.0,MEDICAL,C,2000,14.22,0,0.09,Y,9,0,0,8.0
23,45240,RENT,4.0,VENTURE,A,3200,7.37,0,0.07,N,3,0,0,0.0
38,65000,MORTGAGE,6.0,PERSONAL,C,11500,13.92,0,0.18,N,14,0,0,13.0
30,37600,RENT,2.0,MEDICAL,C,15000,13.06,1,0.4,Y,7,1,1,100.0
23,60000,RENT,4.0,DEBTCONSOLIDATION,A,7000,5.79,0,0.12,N,3,0,0,1.0
29,39960,MORTGAGE,13.0,EDUCATION,D,11000,16.49,0,0.28,N,6,0,0,35.0
26,75000,MORTGAGE,7.0,VENTURE,A,10000,7.49,0,0.13,N,2,0,0,0.0
24,43995,RENT,4.0,PERSONAL,C,7400,13.99,0,0.17,Y,4,1,0,38.0
30,66000,MORTGAGE,15.0,VENTURE,B,15000,11.14,0,0.23,N,8,0,0,2.0
24,24996,RENT,0.0,EDUCATION,B,4000,9.45,0,0.16,N,2,0,0,9.0
35,90000,RENT,4.0,PERSONAL,A,13000,9.32,0,0.14,N,9,0,0,1.0
23,13200,RENT,0.0,DEBTCONSOLIDATION,C,3000,13.49,1,0.23,N,3,1,1,100.0
23,20400,RENT,4.0,EDUCATION,D,1200,18.25,0,0.06,N,4,1,0,46.0
36,53550,RENT,1.0,MEDICAL,B,1600,12.21,0,0.03,N,16,1,0,36.0
25,42000,RENT,3.0,EDUCATION,A,8000,7.49,0,0.19,N,4,0,0,2.0
40,75000,MORTGAGE,1.0,VENTURE,A,10000,6.62,0,0.13,N,17,0,0,0.0
25,57000,RENT,0.0,EDUCATION,C,15000,13.85,0,0.26,N,4,0,0,15.0
24,80000,RENT,6.0,MEDICAL,A,6400,7.49,0,0.08,N,4,0,0,6.0
40,50000,MORTGAGE,5.0,HOMEIMPROVEMENT,D,6000,14.96,0,0.12,Y,16,0,0,12.0
21,42000,MORTGAGE,3.0,EDUCATION,B,13750,11.36,0,0.33,N,4,0,0,8.0
27,56000,RENT,1.0,DEBTCONSOLIDATION,C,2500,11.72,0,0.04,N,5,1,0,8.0
25,70000,MORTGAGE,6.0,VENTURE,A,14000,5.42,0,0.2,N,3,0,0,0.0
23,63750,MORTGAGE,2.0,MEDICAL,C,15000,12.87,0,0.2,N,4,1,0,6.0
32,98056,MORTGAGE,10.0,VENTURE,B,6000,8.88,0,0.06,N,9,0,0,0.0
42,82000,RENT,10.0,VENTURE,D,12000,13.24,0,0.15,Y,13,0,0,30.0
24,156000,MORTGAGE,6.0,MEDICAL,C,15000,13.57,0,0.1,Y,4,0,0,5.0
22,85000,MORTGAGE,2.0,VENTURE,A,6000,7.88,0,0.07,N,2,0,0,1.0
35,26000,OWN,1.0,PERSONAL,A,6000,9.63,0,0.23,N,6,0,0,2.0
25,30000,RENT,4.0,HOMEIMPROVEMENT,B,3000,12.21,1,0.1,N,4,1,1,81.0
33,135000,OWN,0.0,HOMEIMPROVEMENT,A,6275,6.91,0,0.05,N,7,0,0,0.0
27,65000,MORTGAGE,11.0,DEBTCONSOLIDATION,A,19200,7.49,0,0.3,N,7,0,0,4.0
31,26000,RENT,1.0,MEDICAL,B,6600,10.99,0,0.25,N,6,0,0,4.0
38,80000,MORTGAGE,5.0,DEBTCONSOLIDATION,C,4000,12.98,0,0.05,Y,13,0,0,5.0
48,66000,RENT,6.0,VENTURE,B,6000,11.89,0,0.09,N,11,0,0,1.0
23,84000,RENT,0.0,EDUCATION,A,12500,6.54,0,0.15,N,4,0,0,0.0
22,10200,RENT,4.0,VENTURE,C,3250,13.49,1,0.32,Y,2,1,1,100.0
21,52000,RENT,5.0,EDUCATION,B,1500,11.99,0,0.03,N,3,0,0,3.0
30,48996,RENT,1.0,HOMEIMPROVEMENT,E,10000,15.45,1,0.2,N,8,1,1,74.0
24,125000,RENT,9.0,HOMEIMPROVEMENT,B,19200,10.99,0,0.15,N,3,0,0,4.0
24,30000,RENT,2.0,VENTURE,A,4000,5.99,0,0.13,N,2,0,0,1.0
38,110000,OWN,6.0,PERSONAL,C,12000,12.99,0,0.11,Y,11,0,0,1.0
21,31544,MORTGAGE,4.0,MEDICAL,A,2200,7.9,0,0.07,N,2,0,0,24.0
24,113000,MORTGAGE,5.0,VENTURE,B,10500,10.99,0,0.09,N,4,0,0,7.000000000000001
22,73700,RENT,3.0,EDUCATION,F,8800,18.21,0,0.12,Y,3,0,0,21.0
26,105000,OWN,10.0,HOMEIMPROVEMENT,B,4800,11.71,0,0.05,N,4,0,0,3.0
23,38160,MORTGAGE,5.0,MEDICAL,B,12000,10.38,0,0.31,N,4,0,0,8.0
25,118443,MORTGAGE,7.0,DEBTCONSOLIDATION,A,4900,7.49,0,0.04,N,2,0,0,1.0
25,42000,RENT,5.0,MEDICAL,B,6000,12.42,0,0.14,N,2,0,0,11.0
27,52680,OWN,11.0,PERSONAL,D,8000,14.54,0,0.15,N,10,0,0,7.000000000000001
21,40000,RENT,5.0,EDUCATION,B,1500,12.18,0,0.04,N,4,0,0,15.0
31,80000,RENT,1.0,MEDICAL,B,9600,9.91,0,0.12,N,7,0,0,3.0
30,96600,RENT,3.0,VENTURE,B,16750,10.62,0,0.17,N,5,0,0,0.0
22,40000,MORTGAGE,6.0,DEBTCONSOLIDATION,A,4750,7.49,0,0.12,N,3,0,0,0.0
26,92000,MORTGAGE,0.0,DEBTCONSOLIDATION,B,5600,11.46,0,0.06,N,3,0,0,2.0
23,28000,OWN,1.0,EDUCATION,C,7500,13.49,0,0.27,N,3,0,0,8.0
23,98000,RENT,5.0,DEBTCONSOLIDATION,A,3500,8.07,0,0.04,N,3,0,0,3.0
21,35000,MORTGAGE,1.0,MEDICAL,A,4950,7.68,0,0.14,N,4,0,0,4.0
24,71000,MORTGAGE,6.0,MEDICAL,B,10000,10.36,0,0.14,N,4,0,0,6.0
25,72000,RENT,2.0,MEDICAL,B,10000,10.37,0,0.14,N,4,0,0,0.0
41,52000,MORTGAGE,25.0,DEBTCONSOLIDATION,A,1500,8.32,0,0.03,N,14,0,0,32.0
23,75000,RENT,2.0,PERSONAL,B,7000,6.0,0,0.09,N,3,0,0,12.0
26,54000,MORTGAGE,11.0,DEBTCONSOLIDATION,B,4800,11.49,0,0.09,N,2,1,0,28.000000000000004
26,60000,MORTGAGE,10.0,VENTURE,B,20000,12.69,0,0.33,N,2,0,0,14.000000000000002
24,28000,RENT,3.0,VENTURE,E,6400,14.75,0,0.23,N,2,0,0,44.0
24,48000,RENT,2.0,DEBTCONSOLIDATION,B,14550,9.62,0,0.3,N,3,0,0,13.0
23,30000,RENT,5.0,MEDICAL,A,8250,7.51,0,0.28,N,4,0,0,36.0
45,66000,RENT,4.0,HOMEIMPROVEMENT,B,13650,12.42,0,0.21,N,11,0,0,5.0
34,60000,RENT,2.0,MEDICAL,A,15000,7.88,0,0.25,N,7,0,0,3.0
30,70000,MORTGAGE,15.0,PERSONAL,A,12250,7.51,0,0.17,N,6,0,0,2.0
30,63000,MORTGAGE,2.0,EDUCATION,B,8000,10.25,0,0.13,N,6,0,0,7.000000000000001
28,58000,RENT,3.0,EDUCATION,B,12500,11.71,0,0.22,N,7,0,0,2.0
26,61000,MORTGAGE,5.0,VENTURE,B,19200,11.48,0,0.31,N,3,0,0,6.0
30,72000,RENT,12.0,EDUCATION,A,12400,7.49,0,0.17,N,5,0,0,1.0
22,28000,MORTGAGE,6.0,PERSONAL,B,10000,10.99,0,0.36,N,3,0,0,14.000000000000002
30,48996,RENT,1.0,HOMEIMPROVEMENT,E,10000,15.45,1,0.2,N,5,1,1,79.0
34,63500,MORTGAGE,18.0,HOMEIMPROVEMENT,A,5125,8.49,0,0.08,N,5,0,0,11.0
25,38496,MORTGAGE,7.0,HOMEIMPROVEMENT,A,8000,6.03,0,0.21,N,3,0,0,7.000000000000001
22,47000,OWN,6.0,MEDICAL,A,3000,5.42,0,0.06,N,3,0,0,3.0
22,25200,RENT,1.0,EDUCATION,B,4000,10.99,0,0.16,N,3,0,0,6.0
31,30000,RENT,4.0,MEDICAL,B,4800,12.42,0,0.16,N,8,0,0,16.0
24,64575,RENT,2.0,PERSONAL,A,12000,7.29,0,0.19,N,4,0,0,2.0
24,56000,RENT,2.0,EDUCATION,A,10000,6.03,0,0.18,N,4,0,0,3.0
26,80000,OWN,5.0,PERSONAL,C,7000,13.22,0,0.09,Y,2,0,0,8.0
33,90000,MORTGAGE,12.0,PERSONAL,A,6000,5.42,0,0.07,N,7,0,0,0.0
28,65007,MORTGAGE,4.0,DEBTCONSOLIDATION,F,25000,18.62,1,0.38,Y,9,1,1,89.0
55,75000,RENT,2.0,MEDICAL,B,20000,11.83,0,0.27,N,23,0,0,9.0
25,69570,OWN,0.0,PERSONAL,A,1500,7.74,0,0.02,N,2,0,0,5.0
24,67000,MORTGAGE,2.0,HOMEIMPROVEMENT,B,12150,10.37,0,0.18,N,3,0,0,16.0
22,50000,MORTGAGE,6.0,VENTURE,C,10000,13.49,0,0.2,N,4,0,0,2.0
22,30000,MORTGAGE,6.0,PERSONAL,C,2000,12.61,0,0.07,N,4,0,0,35.0
24,85500,MORTGAGE,3.0,HOMEIMPROVEMENT,B,12000,11.49,0,0.14,N,4,0,0,7.000000000000001
22,44172,RENT,4.0,PERSONAL,B,15000,10.37,1,0.34,N,3,1,1,98.0
24,44000,RENT,2.0,PERSONAL,A,10000,7.49,0,0.23,N,2,0,0,7.000000000000001
24,36000,RENT,0.0,DEBTCONSOLIDATION,B,12250,11.49,1,0.34,N,2,1,1,97.0
42,35000,OWN,12.0,PERSONAL,A,2000,7.37,0,0.06,N,14,0,0,2.0
30,98000,MORTGAGE,3.0,DEBTCONSOLIDATION,D,5200,16.49,1,0.05,N,6,1,1,91.0
26,60000,RENT,0.0,VENTURE,B,9000,10.59,0,0.15,N,3,0,0,0.0
22,42000,RENT,2.0,MEDICAL,D,12000,15.65,1,0.29,Y,3,1,1,96.0
30,28800,RENT,1.0,MEDICAL,C,8000,13.22,0,0.28,N,9,0,0,43.0
30,72000,RENT,5.0,EDUCATION,C,20000,13.79,0,0.28,N,7,0,0,19.0
21,159800,MORTGAGE,5.0,MEDICAL,D,30000,15.62,1,0.16,N,2,1,1,84.0
22,43600,MORTGAGE,4.0,DEBTCONSOLIDATION,D,10000,14.96,1,0.23,N,2,1,1,89.0
32,25000,RENT,4.0,MEDICAL,C,11700,12.68,1,0.47,Y,10,1,1,99.0
24,25000,RENT,3.0,PERSONAL,C,1600,12.53,0,0.06,N,3,0,0,13.0
44,36000,MORTGAGE,6.0,EDUCATION,A,1000,7.51,0,0.03,N,14,0,0,3.0
30,36432,RENT,1.0,EDUCATION,D,19000,15.21,1,0.52,Y,5,1,1,100.0
50,120000,MORTGAGE,0.0,HOMEIMPROVEMENT,D,5575,15.2,0,0.05,Y,13,0,0,19.0
22,39996,MORTGAGE,7.0,MEDICAL,B,6000,12.42,0,0.15,N,4,0,0,10.0
48,36655,MORTGAGE,4.0,HOMEIMPROVEMENT,B,15000,12.69,0,0.41,N,16,1,0,15.0
23,79200,MORTGAGE,6.0,EDUCATION,A,8000,7.88,0,0.1,N,4,0,0,12.0
21,39900,RENT,3.0,EDUCATION,B,6000,11.49,0,0.15,N,2,0,0,17.0
27,83300,RENT,11.0,MEDICAL,D,20000,16.0,1,0.2,Y,5,1,1,85.0
23,36000,RENT,1.0,PERSONAL,D,7500,12.61,1,0.21,Y,2,1,1,88.0
30,54996,RENT,2.0,MEDICAL,A,4800,6.03,0,0.09,N,8,0,0,4.0
34,158000,MORTGAGE,2.0,VENTURE,C,12000,13.49,0,0.08,N,8,1,0,2.0
24,13728,RENT,4.0,DEBTCONSOLIDATION,B,1000,10.0,0,0.07,N,4,1,0,11.0
27,52000,MORTGAGE,2.0,HOMEIMPROVEMENT,B,7000,11.89,0,0.13,N,8,0,0,14.000000000000002
28,44000,OWN,10.0,PERSONAL,D,7500,14.84,0,0.17,Y,8,0,0,11.0
22,23800,RENT,2.0,PERSONAL,A,8800,9.32,1,0.37,N,2,1,1,98.0
25,44000,RENT,2.0,VENTURE,A,2000,7.66,0,0.05,N,3,0,0,4.0
28,14400,RENT,0.0,EDUCATION,A,3600,7.9,1,0.25,N,6,1,1,97.0
28,52000,MORTGAGE,0.0,PERSONAL,A,7500,9.32,0,0.14,N,6,0,0,7.000000000000001
25,23920,RENT,0.0,MEDICAL,C,4000,14.35,0,0.17,N,2,0,0,14.000000000000002
27,51850,RENT,2.0,MEDICAL,D,3000,14.96,1,0.05,Y,7,1,1,98.0
35,40000,RENT,1.0,MEDICAL,B,6000,10.99,0,0.15,N,7,0,0,3.0
58,51252,RENT,0.0,PERSONAL,B,13500,11.58,0,0.26,N,21,0,0,14.000000000000002
25,75000,MORTGAGE,9.0,MEDICAL,C,4800,15.27,0,0.06,Y,3,0,0,15.0
26,126000,MORTGAGE,3.0,PERSONAL,A,11000,7.14,0,0.09,N,4,0,0,1.0
23,67000,RENT,3.0,EDUCATION,A,25000,7.9,1,0.37,N,3,1,1,99.0
25,96000,OWN,0.0,EDUCATION,B,4000,9.88,0,0.04,N,3,0,0,3.0
25,45000,MORTGAGE,9.0,HOMEIMPROVEMENT,A,6800,6.03,0,0.15,N,2,0,0,2.0
22,91000,RENT,6.0,PERSONAL,A,8000,6.92,0,0.09,N,4,0,0,1.0
26,42000,RENT,8.0,MEDICAL,C,6000,12.73,0,0.14,N,4,0,0,7.000000000000001
30,35004,MORTGAGE,3.0,HOMEIMPROVEMENT,B,9500,11.99,0,0.27,N,8,0,0,16.0
29,29780,RENT,2.0,PERSONAL,D,1500,12.86,1,0.05,Y,10,1,1,77.0
22,50004,MORTGAGE,0.0,EDUCATION,A,12000,7.37,0,0.24,N,2,0,0,9.0
22,30000,RENT,3.0,PERSONAL,B,6000,10.37,0,0.2,N,2,0,0,38.0
22,40000,RENT,6.0,MEDICAL,A,7000,7.9,0,0.17,N,2,0,0,16.0
34,36129,RENT,3.0,DEBTCONSOLIDATION,C,1800,14.22,0,0.05,Y,9,0,0,19.0
26,49995,MORTGAGE,10.0,EDUCATION,B,10000,11.71,0,0.2,N,3,0,0,9.0
31,15456,MORTGAGE,1.0,PERSONAL,A,4000,8.9,1,0.26,N,5,1,1,99.0
31,146000,MORTGAGE,12.0,EDUCATION,E,2500,16.7,0,0.02,N,9,0,0,28.999999999999996
33,45000,MORTGAGE,3.0,EDUCATION,D,8000,16.49,0,0.18,N,7,1,0,32.0
29,60000,RENT,2.0,MEDICAL,A,14000,7.51,0,0.23,N,8,0,0,1.0
38,53052,RENT,0.0,MEDICAL,B,8000,10.99,0,0.15,N,13,0,0,8.0
26,27031,RENT,2.0,VENTURE,B,6000,9.99,0,0.22,N,4,0,0,5.0
24,73000,RENT,0.0,HOMEIMPROVEMENT,A,18500,7.9,0,0.25,N,2,1,0,8.0
21,75000,RENT,5.0,MEDICAL,B,15000,10.37,0,0.2,N,4,0,0,1.0
22,61000,MORTGAGE,1.0,DEBTCONSOLIDATION,C,21000,14.26,0,0.34,Y,4,0,0,25.0
32,30996,MORTGAGE,1.0,EDUCATION,C,2400,13.8,0,0.08,Y,7,0,0,28.999999999999996
21,47520,RENT,5.0,MEDICAL,D,10000,15.33,1,0.21,Y,4,1,1,66.0
22,85000,OWN,4.0,EDUCATION,B,4300,10.99,0,0.05,N,4,0,0,0.0
38,90000,RENT,2.0,MEDICAL,A,5000,8.49,0,0.06,N,15,0,0,7.000000000000001
22,28080,RENT,4.0,MEDICAL,B,4200,9.91,0,0.15,N,4,1,0,13.0
31,50000,MORTGAGE,2.0,DEBTCONSOLIDATION,B,5000,10.62,0,0.1,N,10,0,0,6.0
30,50000,RENT,0.0,HOMEIMPROVEMENT,B,10000,10.36,0,0.2,N,7,0,0,10.0
39,76644,RENT,2.0,VENTURE,A,6400,7.49,0,0.08,N,15,0,0,0.0
25,60000,MORTGAGE,2.0,PERSONAL,B,6900,9.99,0,0.12,N,3,0,0,2.0
25,158000,MORTGAGE,10.0,VENTURE,C,20000,14.26,0,0.13,Y,2,0,0,6.0
25,76209,MORTGAGE,9.0,DEBTCONSOLIDATION,C,3000,13.49,0,0.04,Y,4,0,0,6.0
23,50000,MORTGAGE,2.0,PERSONAL,B,4000,11.86,0,0.08,N,3,0,0,8.0
26,62004,RENT,9.0,DEBTCONSOLIDATION,A,24000,7.9,1,0.39,N,3,1,1,96.0
24,42000,MORTGAGE,4.0,MEDICAL,A,19000,6.99,0,0.45,N,3,1,0,18.0
23,55000,RENT,1.0,MEDICAL,A,3800,6.76,0,0.07,N,4,0,0,1.0
24,38700,RENT,2.0,MEDICAL,B,10000,10.99,0,0.26,N,3,0,0,1.0
22,95000,MORTGAGE,2.0,MEDICAL,B,5000,10.59,0,0.05,N,2,0,0,1.0
24,20000,RENT,0.0,MEDICAL,C,8000,12.41,1,0.4,Y,4,1,1,99.0
43,43000,MORTGAGE,5.0,PERSONAL,B,15000,8.88,0,0.35,N,15,0,0,11.0
70,132000,MORTGAGE,0.0,PERSONAL,A,14000,7.49,0,0.11,N,24,0,0,1.0
30,100000,MORTGAGE,7.0,PERSONAL,A,1000,6.76,0,0.01,N,6,0,0,0.0
31,43000,RENT,1.0,MEDICAL,B,5000,9.99,0,0.12,N,10,0,0,10.0
39,70000,RENT,1.0,HOMEIMPROVEMENT,A,6000,8.94,0,0.09,N,12,0,0,2.0
23,78000,MORTGAGE,7.0,EDUCATION,A,4600,7.66,0,0.06,N,2,0,0,16.0
24,82000,MORTGAGE,2.0,MEDICAL,A,20000,6.54,0,0.24,N,4,0,0,0.0
31,39000,MORTGAGE,6.0,DEBTCONSOLIDATION,D,4000,16.77,1,0.1,Y,9,1,1,89.0
22,66000,MORTGAGE,6.0,VENTURE,B,10000,11.49,0,0.15,N,4,0,0,0.0
24,40000,RENT,1.0,PERSONAL,A,7500,5.79,0,0.19,N,4,0,0,2.0
24,130000,MORTGAGE,3.0,PERSONAL,B,25000,11.83,0,0.19,N,3,0,0,1.0
28,95000,MORTGAGE,5.0,VENTURE,A,5000,7.88,0,0.05,N,7,0,0,0.0
34,138000,RENT,0.0,HOMEIMPROVEMENT,E,21000,18.79,1,0.15,N,10,1,1,71.0
25,153000,MORTGAGE,9.0,EDUCATION,C,14500,13.85,0,0.09,N,3,0,0,0.0
24,80000,MORTGAGE,0.0,EDUCATION,A,18000,7.51,0,0.23,N,3,0,0,0.0
30,10800,RENT,1.0,PERSONAL,B,1500,11.48,0,0.14,N,9,1,0,41.0
29,21996,RENT,4.0,DEBTCONSOLIDATION,C,2500,13.11,0,0.11,Y,8,1,0,10.0
21,33000,RENT,5.0,EDUCATION,C,5000,12.84,0,0.15,N,2,0,0,18.0
22,107004,MORTGAGE,2.0,EDUCATION,A,10000,7.29,0,0.09,N,3,0,0,2.0
31,55000,MORTGAGE,2.0,PERSONAL,A,8000,7.14,0,0.15,N,10,0,0,8.0
23,50000,RENT,1.0,DEBTCONSOLIDATION,A,3000,8.49,0,0.06,N,2,0,0,7.000000000000001
28,70000,RENT,0.0,HOMEIMPROVEMENT,B,16100,11.83,0,0.23,N,9,0,0,11.0
26,54000,MORTGAGE,4.0,PERSONAL,A,9600,6.62,0,0.18,N,3,0,0,9.0
25,50400,MORTGAGE,5.0,HOMEIMPROVEMENT,B,12000,9.62,0,0.24,N,4,0,0,3.0
37,72000,MORTGAGE,12.0,VENTURE,A,5600,5.42,0,0.08,N,15,0,0,2.0
22,64000,RENT,2.0,DEBTCONSOLIDATION,B,10000,12.69,0,0.16,N,4,1,0,5.0
28,37000,RENT,7.0,EDUCATION,D,3600,14.11,0,0.1,N,7,0,0,28.000000000000004
22,46000,RENT,6.0,EDUCATION,A,14000,8.49,0,0.3,N,4,0,0,12.0
23,74004,RENT,7.0,DEBTCONSOLIDATION,E,25000,16.35,1,0.34,N,4,1,1,96.0
22,41000,MORTGAGE,4.0,VENTURE,A,6000,8.59,0,0.15,N,4,0,0,1.0
29,90000,MORTGAGE,3.0,EDUCATION,A,15000,6.99,0,0.17,N,8,0,0,0.0
32,43200,MORTGAGE,7.0,HOMEIMPROVEMENT,A,15000,7.91,0,0.35,N,7,0,0,10.0
32,44400,MORTGAGE,3.0,EDUCATION,A,15000,8.9,0,0.34,N,5,1,0,13.0
25,59256,RENT,4.0,MEDICAL,C,17600,12.99,0,0.3,N,2,0,0,26.0
24,20856,OWN,4.0,PERSONAL,B,10000,10.59,0,0.48,N,3,0,0,13.0
22,27996,RENT,1.0,VENTURE,E,5000,17.51,1,0.18,N,4,1,1,94.0
22,87000,RENT,4.0,EDUCATION,B,10000,11.26,0,0.11,N,3,0,0,1.0
29,159996,OWN,1.0,HOMEIMPROVEMENT,B,10000,11.86,0,0.06,N,7,0,0,1.0
23,54660,RENT,6.0,MEDICAL,B,17000,9.88,1,0.31,N,4,1,1,88.0
22,18000,OWN,3.0,PERSONAL,A,3000,7.9,1,0.17,N,4,1,1,94.0
26,60000,MORTGAGE,6.0,HOMEIMPROVEMENT,B,5000,9.99,0,0.08,N,2,0,0,10.0
24,49000,RENT,8.0,EDUCATION,A,7000,7.49,0,0.14,N,4,1,0,5.0
22,49140,OWN,0.0,EDUCATION,C,3000,13.16,0,0.06,N,2,0,0,1.0
31,103000,RENT,2.0,VENTURE,F,20000,18.17,1,0.19,N,5,1,1,78.0
27,110000,MORTGAGE,3.0,DEBTCONSOLIDATION,B,25000,10.99,0,0.23,N,6,0,0,3.0
25,57424,RENT,2.0,MEDICAL,D,12000,15.31,1,0.18,N,4,1,1,97.0
24,38000,OWN,6.0,MEDICAL,B,1000,10.08,0,0.03,N,4,0,0,5.0
23,45204,MORTGAGE,0.0,EDUCATION,B,4750,12.21,0,0.11,N,4,0,0,24.0
30,100000,MORTGAGE,11.0,EDUCATION,A,12800,6.92,0,0.13,N,8,0,0,0.0
25,72612,RENT,9.0,MEDICAL,C,25000,13.11,1,0.34,N,2,1,1,98.0
40,28800,RENT,2.0,MEDICAL,B,4000,10.74,0,0.14,N,15,0,0,8.0
21,26124,RENT,3.0,EDUCATION,D,8875,15.62,1,0.34,Y,3,1,1,96.0
44,38400,MORTGAGE,4.0,PERSONAL,A,6825,8.9,0,0.18,N,12,0,0,3.0
28,52000,RENT,1.0,VENTURE,C,8000,13.49,0,0.15,N,8,0,0,8.0
34,28704,RENT,0.0,MEDICAL,A,7000,9.32,0,0.24,N,10,0,0,13.0
27,31850,MORTGAGE,8.0,VENTURE,B,14125,10.65,0,0.44,N,8,0,0,10.0
27,100000,RENT,7.0,PERSONAL,E,15600,17.88,0,0.16,Y,6,0,0,18.0
27,30996,RENT,1.0,HOMEIMPROVEMENT,D,2600,14.74,1,0.08,N,5,1,1,99.0
29,61000,MORTGAGE,9.0,HOMEIMPROVEMENT,B,15000,9.88,0,0.25,N,9,1,0,6.0
22,20000,RENT,2.0,PERSONAL,B,4000,9.45,0,0.2,N,3,0,0,12.0
22,69528,RENT,6.0,PERSONAL,C,6000,12.99,0,0.09,Y,3,0,0,3.0
23,85000,RENT,1.0,DEBTCONSOLIDATION,A,10200,7.49,0,0.12,N,3,0,0,0.0
31,26010,MORTGAGE,2.0,HOMEIMPROVEMENT,B,6500,9.99,0,0.25,N,9,0,0,18.0
25,12000,OWN,9.0,EDUCATION,C,4500,13.16,1,0.38,Y,4,1,1,96.0
22,58000,RENT,6.0,EDUCATION,A,1500,5.42,0,0.03,N,2,0,0,6.0
21,26000,RENT,1.0,DEBTCONSOLIDATION,D,9450,16.77,1,0.36,N,2,1,1,99.0
22,50000,MORTGAGE,6.0,VENTURE,A,7800,6.62,0,0.16,N,2,0,0,1.0
32,53000,MORTGAGE,1.0,EDUCATION,C,6800,12.84,0,0.13,Y,7,0,0,3.0
45,42320,MORTGAGE,6.0,HOMEIMPROVEMENT,C,7475,13.49,0,0.18,N,13,0,0,20.0
27,34000,MORTGAGE,12.0,VENTURE,C,10625,13.47,0,0.31,Y,10,0,0,28.000000000000004
23,28800,RENT,0.0,EDUCATION,B,5000,11.49,0,0.17,N,2,0,0,11.0
24,200000,RENT,8.0,MEDICAL,B,12000,12.69,0,0.06,N,2,0,0,0.0
25,50600,OWN,3.0,PERSONAL,A,3000,7.51,0,0.06,N,2,0,0,0.0
26,32640,RENT,7.0,VENTURE,B,3000,10.75,0,0.09,N,2,0,0,5.0
27,130000,RENT,6.0,EDUCATION,A,10000,7.74,0,0.08,N,5,0,0,1.0
21,22000,RENT,4.0,DEBTCONSOLIDATION,A,2500,7.14,0,0.11,N,4,0,0,21.0
28,92000,RENT,4.0,DEBTCONSOLIDATION,A,15000,7.9,0,0.16,N,9,0,0,2.0
25,110000,MORTGAGE,8.0,DEBTCONSOLIDATION,A,5500,6.62,0,0.05,N,2,0,0,1.0
26,130000,MORTGAGE,7.0,VENTURE,D,6500,15.99,0,0.05,Y,3,0,0,16.0
22,62000,MORTGAGE,6.0,PERSONAL,A,5000,6.03,0,0.08,N,4,0,0,0.0
24,35000,MORTGAGE,2.0,MEDICAL,A,2950,7.49,0,0.08,N,4,0,0,10.0
27,68000,OWN,11.0,PERSONAL,A,20000,7.9,0,0.29,N,9,0,0,10.0
28,53000,MORTGAGE,12.0,HOMEIMPROVEMENT,B,17050,12.42,0,0.32,N,7,0,0,17.0
24,59000,RENT,2.0,DEBTCONSOLIDATION,D,6000,16.0,1,0.1,N,4,1,1,95.0
25,42769,RENT,3.0,EDUCATION,A,1500,7.49,0,0.04,N,3,0,0,1.0
23,32400,RENT,6.0,VENTURE,B,3000,10.0,0,0.09,N,2,0,0,3.0
27,180000,MORTGAGE,2.0,PERSONAL,C,8000,13.23,0,0.04,N,9,0,0,2.0
32,44500,OWN,3.0,EDUCATION,A,15000,7.51,0,0.34,N,5,0,0,10.0
24,69764,RENT,2.0,VENTURE,D,1500,14.42,1,0.02,Y,4,1,1,87.0
21,28000,MORTGAGE,2.0,EDUCATION,C,1000,12.99,0,0.04,Y,4,0,0,32.0
34,50000,MORTGAGE,11.0,VENTURE,A,4000,8.9,0,0.08,N,8,0,0,0.0
23,50000,RENT,7.0,PERSONAL,B,9000,12.18,0,0.18,N,4,0,0,5.0
49,65000,MORTGAGE,0.0,PERSONAL,B,12000,10.62,0,0.18,N,17,0,0,6.0
26,57240,RENT,3.0,VENTURE,A,9000,7.51,0,0.16,N,3,0,0,1.0
25,24000,OWN,7.0,HOMEIMPROVEMENT,A,6000,5.42,0,0.25,N,4,0,0,2.0
22,55000,RENT,4.0,DEBTCONSOLIDATION,A,4500,6.76,0,0.08,N,4,0,0,3.0
21,22240,RENT,5.0,MEDICAL,B,2650,9.88,0,0.12,N,3,0,0,7.000000000000001
36,65000,MORTGAGE,6.0,EDUCATION,C,23325,15.27,0,0.36,Y,14,0,0,23.0
24,35000,MORTGAGE,4.0,MEDICAL,B,7775,10.99,0,0.22,N,2,0,0,16.0
26,29000,RENT,0.0,HOMEIMPROVEMENT,D,3400,15.62,1,0.12,Y,4,1,1,99.0
34,45000,RENT,2.0,MEDICAL,B,3000,11.11,0,0.07,N,7,0,0,7.000000000000001
28,24000,OWN,3.0,PERSONAL,B,8000,10.37,0,0.33,N,5,0,0,3.0
33,35000,MORTGAGE,15.0,MEDICAL,C,12000,13.11,0,0.34,Y,7,0,0,36.0
24,115000,RENT,8.0,EDUCATION,A,12000,6.54,0,0.1,N,3,0,0,0.0
22,35064,RENT,4.0,DEBTCONSOLIDATION,A,2000,8.38,0,0.06,N,2,0,0,10.0
22,40000,MORTGAGE,1.0,EDUCATION,B,13025,10.14,0,0.33,N,3,0,0,16.0
21,28800,RENT,5.0,MEDICAL,B,8000,9.88,0,0.28,N,2,0,0,0.0
42,32000,MORTGAGE,0.0,PERSONAL,B,10000,10.59,0,0.31,N,12,1,0,26.0
31,22000,RENT,6.0,EDUCATION,B,4800,10.65,0,0.22,N,10,0,0,7.000000000000001
22,62000,MORTGAGE,5.0,EDUCATION,B,9000,10.0,0,0.15,N,2,0,0,2.0
29,220000,OWN,1.0,PERSONAL,F,14725,19.41,0,0.07,N,6,0,0,42.0
29,42000,MORTGAGE,9.0,HOMEIMPROVEMENT,A,2500,7.74,0,0.06,N,7,0,0,6.0
25,96000,MORTGAGE,6.0,VENTURE,C,21000,14.65,0,0.22,N,4,0,0,4.0
22,31356,RENT,0.0,DEBTCONSOLIDATION,A,3000,7.68,0,0.1,N,4,0,0,11.0
23,75000,RENT,3.0,PERSONAL,E,23575,14.5,1,0.31,N,4,1,1,92.0
25,58313,MORTGAGE,9.0,MEDICAL,E,5300,19.91,1,0.08,Y,2,1,1,83.0
22,42000,RENT,0.0,EDUCATION,A,5000,8.9,0,0.12,N,4,0,0,5.0
23,47004,RENT,3.0,EDUCATION,C,4000,12.53,0,0.09,Y,4,0,0,3.0
29,85000,MORTGAGE,0.0,VENTURE,E,10000,16.63,0,0.12,N,8,0,0,23.0
38,112224,MORTGAGE,5.0,EDUCATION,A,25000,6.99,0,0.22,N,13,0,0,2.0
24,83000,MORTGAGE,6.0,MEDICAL,A,15000,6.91,0,0.18,N,4,0,0,0.0
23,21360,RENT,0.0,PERSONAL,A,7500,7.14,1,0.35,N,3,1,1,95.0
25,49600,RENT,9.0,MEDICAL,A,12000,7.14,0,0.24,N,3,0,0,7.000000000000001
32,52000,RENT,0.0,PERSONAL,A,7125,7.49,0,0.14,N,10,0,0,4.0
26,85000,MORTGAGE,1.0,HOMEIMPROVEMENT,C,15000,12.73,0,0.18,Y,4,0,0,9.0
25,37200,RENT,6.0,HOMEIMPROVEMENT,A,9600,5.99,0,0.26,N,4,1,0,48.0
22,16800,MORTGAGE,5.0,EDUCATION,B,2000,10.65,0,0.12,N,2,0,0,19.0
22,50004,RENT,0.0,VENTURE,B,25000,10.36,1,0.5,N,2,1,1,98.0
22,90000,MORTGAGE,6.0,EDUCATION,B,6400,9.88,0,0.07,N,3,0,0,0.0
24,54000,OWN,8.0,EDUCATION,C,1200,13.11,0,0.02,Y,3,0,0,8.0
26,216000,MORTGAGE,10.0,EDUCATION,C,20000,14.22,0,0.09,Y,2,0,0,23.0
24,52000,RENT,3.0,HOMEIMPROVEMENT,A,6600,7.49,0,0.13,N,3,0,0,10.0
47,126000,RENT,1.0,MEDICAL,A,10000,6.91,0,0.08,N,17,0,0,1.0
29,110000,MORTGAGE,11.0,VENTURE,B,12000,10.37,0,0.11,N,10,0,0,0.0
25,70000,RENT,9.0,EDUCATION,D,12000,13.55,0,0.17,Y,3,0,0,47.0
28,604000,MORTGAGE,12.0,PERSONAL,B,25000,9.01,0,0.04,N,9,1,0,9.0
28,42000,OWN,1.0,VENTURE,C,15000,13.47,0,0.36,N,9,0,0,1.0
25,48000,OWN,7.0,EDUCATION,B,15000,10.25,0,0.31,N,4,0,0,10.0
28,78000,MORTGAGE,12.0,HOMEIMPROVEMENT,B,13000,10.99,0,0.17,N,9,0,0,5.0
26,62000,RENT,7.0,PERSONAL,C,8000,12.99,0,0.13,N,4,0,0,8.0
27,55200,OWN,4.0,EDUCATION,B,4000,10.99,0,0.07,N,10,0,0,2.0
32,95200,MORTGAGE,15.0,EDUCATION,A,15000,5.99,0,0.16,N,7,0,0,3.0
29,60000,MORTGAGE,4.0,EDUCATION,A,5000,7.66,0,0.08,N,10,0,0,2.0
29,18000,RENT,4.0,HOMEIMPROVEMENT,B,6250,9.99,1,0.35,N,6,1,1,100.0
44,72061,MORTGAGE,8.0,VENTURE,C,4200,14.17,0,0.06,Y,14,0,0,16.0
25,60000,MORTGAGE,9.0,VENTURE,A,15000,8.49,0,0.25,N,3,0,0,4.0
28,34000,RENT,0.0,EDUCATION,D,12000,14.61,1,0.35,Y,8,1,1,97.0
23,37000,MORTGAGE,2.0,EDUCATION,A,10000,7.74,0,0.27,N,3,0,0,2.0
34,70000,MORTGAGE,7.0,DEBTCONSOLIDATION,B,17000,11.14,0,0.24,N,8,1,0,3.0
25,38000,RENT,4.0,MEDICAL,D,20000,14.59,1,0.53,N,4,1,1,99.0
28,20000,RENT,4.0,PERSONAL,B,5000,10.65,0,0.25,N,8,0,0,16.0
34,45600,RENT,4.0,PERSONAL,B,23500,11.36,1,0.52,N,9,1,1,100.0
28,186000,OTHER,3.0,VENTURE,A,2500,7.4,0,0.01,N,9,0,0,1.0
23,33000,RENT,4.0,EDUCATION,B,10000,11.99,0,0.3,N,4,0,0,39.0
33,115000,MORTGAGE,10.0,MEDICAL,B,25000,11.86,0,0.22,N,8,0,0,2.0
30,58000,RENT,2.0,MEDICAL,A,15000,8.49,0,0.26,N,10,0,0,8.0
23,95000,RENT,4.0,EDUCATION,B,12000,9.63,0,0.13,N,4,0,0,1.0
36,130000,MORTGAGE,9.0,MEDICAL,B,12000,10.99,0,0.09,N,14,0,0,4.0
31,30000,RENT,1.0,HOMEIMPROVEMENT,B,2050,8.88,1,0.07,N,7,1,1,71.0
37,59000,MORTGAGE,11.0,DEBTCONSOLIDATION,E,15000,17.99,1,0.25,N,12,1,1,91.0
25,35000,RENT,4.0,DEBTCONSOLIDATION,A,1100,6.76,0,0.03,N,2,0,0,9.0
33,96000,MORTGAGE,5.0,MEDICAL,A,9000,7.49,0,0.09,N,7,0,0,0.0
22,58000,MORTGAGE,4.0,MEDICAL,A,11050,6.54,0,0.19,N,4,0,0,3.0
28,70000,MORTGAGE,3.0,DEBTCONSOLIDATION,A,8000,8.49,0,0.11,N,9,0,0,6.0
26,48000,MORTGAGE,10.0,VENTURE,C,13800,13.49,0,0.29,Y,2,0,0,14.000000000000002
22,125000,MORTGAGE,6.0,VENTURE,B,10000,10.99,0,0.08,N,2,0,0,2.0
26,45000,MORTGAGE,0.0,HOMEIMPROVEMENT,C,4000,13.92,0,0.09,N,2,0,0,35.0
33,43200,RENT,6.0,DEBTCONSOLIDATION,A,11350,7.88,0,0.26,N,7,0,0,0.0
32,27000,RENT,2.0,EDUCATION,C,6000,12.73,0,0.22,Y,5,0,0,5.0
30,85000,MORTGAGE,2.0,EDUCATION,A,15000,6.03,0,0.18,N,8,0,0,1.0
40,51500,RENT,1.0,VENTURE,B,12000,12.53,0,0.23,N,15,0,0,3.0
29,24000,RENT,1.0,MEDICAL,A,5000,6.92,0,0.21,N,10,0,0,1.0
22,60000,MORTGAGE,5.0,VENTURE,B,20000,12.21,0,0.33,N,3,0,0,3.0
22,34000,RENT,0.0,EDUCATION,D,16000,13.24,1,0.47,N,3,1,1,99.0
22,24000,OWN,1.0,VENTURE,A,8000,7.51,0,0.33,N,3,0,0,2.0
27,57996,RENT,8.0,DEBTCONSOLIDATION,C,13000,13.92,0,0.22,Y,7,0,0,14.000000000000002
42,97600,RENT,0.0,EDUCATION,A,7000,8.9,0,0.07,N,13,0,0,4.0
22,45000,MORTGAGE,6.0,EDUCATION,A,5000,8.0,0,0.11,N,3,0,0,2.0
25,96000,MORTGAGE,6.0,EDUCATION,B,20000,10.99,0,0.21,N,2,0,0,6.0
27,51000,RENT,1.0,HOMEIMPROVEMENT,A,2000,7.74,0,0.04,N,6,0,0,7.000000000000001
24,75000,RENT,2.0,MEDICAL,B,2000,9.99,0,0.03,N,2,0,0,10.0
21,37200,RENT,5.0,MEDICAL,C,4000,13.49,0,0.11,Y,4,0,0,12.0
31,65000,MORTGAGE,4.0,DEBTCONSOLIDATION,B,20000,11.71,0,0.31,N,9,0,0,6.0
25,43500,RENT,0.0,MEDICAL,A,4500,6.76,0,0.1,N,2,0,0,4.0
27,54400,MORTGAGE,11.0,MEDICAL,D,3000,15.31,1,0.05,Y,5,1,1,89.0
21,34500,RENT,4.0,DEBTCONSOLIDATION,E,1000,16.45,1,0.03,N,2,1,1,88.0
33,61000,RENT,0.0,EDUCATION,B,6000,10.39,0,0.1,N,7,0,0,4.0
26,58000,MORTGAGE,2.0,PERSONAL,A,3000,6.92,0,0.05,N,4,0,0,2.0
28,51996,MORTGAGE,4.0,PERSONAL,A,5000,7.51,0,0.1,N,7,0,0,0.0
23,52000,OWN,3.0,MEDICAL,C,9250,13.16,0,0.18,N,3,0,0,2.0
38,20640,RENT,2.0,MEDICAL,C,3500,12.61,0,0.17,Y,16,0,0,4.0
28,39000,RENT,6.0,MEDICAL,D,10000,14.96,1,0.26,N,6,1,1,70.0
24,73399,RENT,0.0,VENTURE,D,27000,15.31,1,0.37,N,3,1,1,100.0
34,33500,RENT,4.0,MEDICAL,B,8400,10.99,0,0.25,N,9,1,0,19.0
22,58800,MORTGAGE,4.0,PERSONAL,D,23500,15.33,0,0.4,N,2,1,0,37.0
28,45000,MORTGAGE,2.0,EDUCATION,A,3000,5.79,0,0.07,N,8,0,0,3.0
26,58000,RENT,0.0,HOMEIMPROVEMENT,A,3500,8.59,0,0.06,N,2,0,0,10.0
28,47500,RENT,2.0,EDUCATION,A,8500,7.88,0,0.18,N,10,0,0,1.0
22,70000,RENT,3.0,VENTURE,C,9000,13.49,0,0.13,Y,2,0,0,5.0
28,66000,RENT,9.0,VENTURE,A,10000,7.9,0,0.15,N,9,0,0,0.0
26,52000,RENT,6.0,MEDICAL,E,4800,17.99,1,0.09,N,4,1,1,65.0
24,54000,RENT,5.0,PERSONAL,B,10000,10.37,0,0.19,N,2,1,0,7.000000000000001
35,48000,RENT,7.0,MEDICAL,A,8250,7.51,0,0.17,N,6,0,0,5.0
22,32760,RENT,3.0,PERSONAL,C,5000,13.48,0,0.15,Y,3,0,0,35.0
27,52000,MORTGAGE,4.0,HOMEIMPROVEMENT,A,8000,6.99,0,0.15,N,8,0,0,14.000000000000002
32,55000,RENT,0.0,DEBTCONSOLIDATION,B,18000,10.38,1,0.33,N,7,1,1,99.0
22,48000,RENT,1.0,EDUCATION,E,30000,18.39,1,0.63,N,2,1,1,97.0
26,125000,RENT,0.0,MEDICAL,B,8000,9.63,0,0.06,N,3,0,0,1.0
24,49150,RENT,4.0,EDUCATION,B,14000,11.71,0,0.28,N,3,0,0,26.0
27,65000,MORTGAGE,0.0,HOMEIMPROVEMENT,D,22000,14.09,0,0.34,Y,6,0,0,37.0
24,95000,MORTGAGE,8.0,VENTURE,D,16000,15.33,0,0.17,N,3,0,0,2.0
24,55000,MORTGAGE,8.0,EDUCATION,B,9600,10.99,0,0.17,N,3,0,0,15.0
25,70000,RENT,2.0,HOMEIMPROVEMENT,C,7000,13.79,0,0.1,Y,2,0,0,9.0
23,20400,RENT,3.0,PERSONAL,C,3125,12.61,0,0.15,N,3,0,0,13.0
22,60000,MORTGAGE,1.0,MEDICAL,B,6750,10.99,0,0.11,N,4,0,0,7.000000000000001
24,42000,MORTGAGE,3.0,EDUCATION,A,8675,7.51,0,0.21,N,4,0,0,3.0
36,40000,RENT,2.0,EDUCATION,C,11250,14.27,0,0.28,N,12,0,0,23.0
23,110000,RENT,5.0,DEBTCONSOLIDATION,A,10000,7.88,0,0.09,N,2,0,0,1.0
23,55000,MORTGAGE,6.0,EDUCATION,B,8000,9.88,0,0.15,N,3,0,0,17.0
23,39120,OWN,4.0,MEDICAL,B,7000,11.71,0,0.18,N,3,0,0,1.0
25,45000,MORTGAGE,5.0,PERSONAL,B,3800,10.65,0,0.08,N,2,0,0,6.0
25,84000,RENT,2.0,VENTURE,A,6000,8.94,0,0.07,N,2,0,0,1.0
27,40000,RENT,4.0,EDUCATION,C,6125,13.23,0,0.15,Y,5,0,0,8.0
22,70404,MORTGAGE,5.0,EDUCATION,D,14075,14.74,0,0.2,Y,4,0,0,13.0
21,70000,RENT,5.0,PERSONAL,A,14000,6.99,0,0.2,N,3,0,0,1.0
22,21000,RENT,1.0,PERSONAL,A,8500,7.51,1,0.4,N,4,1,1,94.0
27,25000,RENT,9.0,VENTURE,C,2000,13.11,0,0.08,Y,6,0,0,8.0
25,40000,MORTGAGE,5.0,HOMEIMPROVEMENT,B,15000,11.36,0,0.38,N,2,1,0,13.0
27,58000,RENT,3.0,MEDICAL,C,1400,15.27,0,0.02,Y,7,0,0,9.0
22,62000,MORTGAGE,5.0,MEDICAL,B,3000,8.7,0,0.05,N,3,0,0,10.0
31,30792,MORTGAGE,15.0,HOMEIMPROVEMENT,A,5000,8.32,0,0.16,N,9,0,0,13.0
31,52000,MORTGAGE,0.0,VENTURE,B,25000,10.71,0,0.48,N,7,0,0,6.0
25,29000,RENT,9.0,MEDICAL,B,1000,11.99,0,0.03,N,2,1,0,14.000000000000002
50,36996,RENT,6.0,DEBTCONSOLIDATION,C,3800,12.53,0,0.1,N,15,0,0,15.0
39,12000,RENT,4.0,DEBTCONSOLIDATION,B,2000,10.65,1,0.17,N,16,1,1,94.0
31,102000,MORTGAGE,1.0,HOMEIMPROVEMENT,C,14400,13.49,0,0.14,N,6,0,0,2.0
24,46180,RENT,1.0,VENTURE,C,2500,13.98,0,0.05,Y,3,1,0,11.0
30,23000,RENT,5.0,VENTURE,A,14000,7.88,1,0.61,N,6,1,1,99.0
27,24000,MORTGAGE,1.0,VENTURE,C,11000,13.49,0,0.46,Y,6,0,0,49.0
46,48956,RENT,0.0,MEDICAL,B,2800,10.59,0,0.06,N,13,0,0,8.0
24,100000,MORTGAGE,6.0,MEDICAL,A,20000,6.17,0,0.2,N,4,0,0,0.0
22,30000,RENT,1.0,EDUCATION,C,4000,13.49,0,0.13,N,3,0,0,5.0
25,35220,RENT,2.0,DEBTCONSOLIDATION,A,10500,7.29,0,0.3,N,3,0,0,10.0
22,165500,MORTGAGE,6.0,EDUCATION,C,12000,12.99,0,0.07,Y,3,0,0,6.0
24,43000,RENT,4.0,MEDICAL,B,10000,9.63,0,0.23,N,3,0,0,1.0
22,39000,RENT,3.0,EDUCATION,D,10000,15.31,0,0.26,Y,3,1,0,19.0
46,27600,RENT,1.0,MEDICAL,B,5050,10.99,0,0.18,N,11,0,0,7.000000000000001
27,53400,MORTGAGE,8.0,PERSONAL,B,4000,9.99,0,0.07,N,6,0,0,6.0
23,150000,MORTGAGE,7.0,MEDICAL,A,8000,6.91,0,0.05,N,2,0,0,0.0
23,24000,OWN,0.0,PERSONAL,A,8000,5.79,0,0.33,N,3,0,0,10.0
23,25000,RENT,4.0,VENTURE,B,4000,11.71,0,0.16,N,4,0,0,6.0
23,45000,MORTGAGE,2.0,DEBTCONSOLIDATION,A,6000,7.49,0,0.13,N,3,0,0,2.0
23,75000,MORTGAGE,1.0,EDUCATION,E,4500,16.77,0,0.06,Y,4,0,0,24.0
23,60000,MORTGAGE,4.0,EDUCATION,A,10000,7.49,0,0.17,N,4,0,0,0.0
22,47000,MORTGAGE,6.0,MEDICAL,B,24000,10.37,0,0.51,N,4,1,0,12.0
22,90000,MORTGAGE,6.0,EDUCATION,A,10000,7.88,0,0.11,N,3,0,0,0.0
35,92000,MORTGAGE,11.0,VENTURE,A,12000,6.99,0,0.13,N,8,0,0,1.0
32,37000,RENT,4.0,MEDICAL,B,6000,10.36,0,0.16,N,6,0,0,5.0
27,231252,MORTGAGE,1.0,DEBTCONSOLIDATION,B,2000,9.91,0,0.01,N,6,0,0,2.0
29,60000,MORTGAGE,4.0,HOMEIMPROVEMENT,C,14125,13.49,0,0.24,N,6,0,0,4.0
25,40800,RENT,9.0,PERSONAL,D,5600,16.77,0,0.14,N,3,0,0,26.0
38,57600,MORTGAGE,2.0,DEBTCONSOLIDATION,B,9000,10.99,0,0.16,N,12,0,0,4.0
28,42328,RENT,5.0,MEDICAL,A,6000,8.63,0,0.14,N,7,0,0,1.0
31,56000,OWN,6.0,VENTURE,A,11500,7.49,0,0.21,N,9,0,0,0.0
29,67992,MORTGAGE,0.0,VENTURE,A,2000,7.43,0,0.03,N,7,0,0,2.0
23,135000,MORTGAGE,8.0,EDUCATION,F,10000,18.43,0,0.07,N,4,0,0,38.0
24,33600,RENT,5.0,PERSONAL,B,4450,11.49,0,0.13,N,4,0,0,23.0
25,60000,MORTGAGE,3.0,DEBTCONSOLIDATION,A,3000,5.99,0,0.05,N,4,0,0,0.0
27,36082,MORTGAGE,5.0,EDUCATION,A,5000,6.62,0,0.14,N,9,1,0,4.0
21,38400,OWN,0.0,VENTURE,C,12200,13.49,0,0.32,N,2,0,0,6.0
26,5500,RENT,0.0,EDUCATION,A,1000,9.63,1,0.18,N,3,1,1,94.0
22,74000,RENT,6.0,PERSONAL,B,12600,10.65,0,0.17,N,3,0,0,3.0
22,75000,MORTGAGE,3.0,PERSONAL,A,5600,8.0,0,0.07,N,2,0,0,8.0
25,67000,RENT,9.0,PERSONAL,C,5000,13.92,0,0.07,Y,4,1,0,3.0
31,60000,MORTGAGE,7.0,VENTURE,B,7000,10.99,0,0.12,N,7,0,0,0.0
24,89000,MORTGAGE,8.0,MEDICAL,C,25000,13.11,0,0.28,Y,3,0,0,13.0
22,50000,RENT,3.0,VENTURE,C,13000,12.23,0,0.26,N,3,0,0,4.0
25,60000,OWN,1.0,DEBTCONSOLIDATION,D,10000,16.49,0,0.17,N,3,0,0,20.0
43,36000,MORTGAGE,4.0,HOMEIMPROVEMENT,A,4000,6.62,0,0.11,N,16,1,0,8.0
23,27996,RENT,7.0,DEBTCONSOLIDATION,A,10000,7.49,1,0.36,N,2,1,1,99.0
38,24000,RENT,3.0,MEDICAL,C,3000,13.49,0,0.13,Y,16,0,0,12.0
23,68000,MORTGAGE,4.0,EDUCATION,A,1000,8.0,0,0.01,N,4,0,0,3.0
23,80000,RENT,6.0,VENTURE,A,6500,7.51,0,0.08,N,3,0,0,4.0
22,40000,RENT,0.0,DEBTCONSOLIDATION,A,2100,6.39,0,0.05,N,2,0,0,1.0
22,24000,OWN,2.0,PERSONAL,C,3000,13.61,0,0.13,N,2,0,0,4.0
28,44604,RENT,11.0,PERSONAL,B,1500,11.12,0,0.03,N,7,0,0,15.0
32,65000,RENT,2.0,HOMEIMPROVEMENT,C,11600,13.49,0,0.18,Y,8,0,0,0.0
26,54996,RENT,8.0,EDUCATION,B,20000,12.18,1,0.36,N,4,1,1,100.0
22,31000,RENT,0.0,DEBTCONSOLIDATION,B,12000,10.25,1,0.39,N,4,1,1,99.0
23,69000,MORTGAGE,1.0,VENTURE,B,19000,9.51,0,0.28,N,2,0,0,6.0
25,48600,RENT,0.0,MEDICAL,A,12000,7.49,0,0.25,N,4,0,0,1.0
29,40320,RENT,6.0,MEDICAL,B,7800,8.88,0,0.19,N,10,0,0,12.0
33,66000,RENT,5.0,HOMEIMPROVEMENT,C,4800,13.57,0,0.07,N,7,0,0,7.000000000000001
33,71000,MORTGAGE,7.0,EDUCATION,C,8000,12.68,0,0.11,Y,10,0,0,19.0
25,118000,MORTGAGE,9.0,DEBTCONSOLIDATION,A,2000,7.12,0,0.02,N,2,0,0,3.0
22,35000,OWN,1.0,EDUCATION,B,8000,12.69,0,0.23,N,4,0,0,2.0
34,35000,OWN,2.0,EDUCATION,C,2000,13.99,0,0.06,N,8,0,0,8.0
27,117000,RENT,7.0,PERSONAL,B,1800,12.42,0,0.02,N,10,0,0,8.0
23,69996,RENT,4.0,PERSONAL,C,15000,13.43,0,0.21,Y,4,0,0,6.0
46,60350,RENT,3.0,PERSONAL,A,10000,8.94,0,0.17,N,17,0,0,4.0
24,43300,RENT,4.0,MEDICAL,A,8000,7.29,0,0.18,N,4,0,0,3.0
25,55000,RENT,0.0,DEBTCONSOLIDATION,B,6000,10.65,0,0.11,N,2,0,0,6.0
25,65004,RENT,0.0,DEBTCONSOLIDATION,C,6000,12.87,0,0.09,N,4,0,0,9.0
22,52000,MORTGAGE,0.0,EDUCATION,A,10000,7.88,0,0.19,N,3,0,0,1.0
23,21000,RENT,3.0,MEDICAL,C,10000,13.16,1,0.48,Y,4,1,1,100.0
25,80000,MORTGAGE,9.0,VENTURE,E,4000,19.03,0,0.05,Y,3,0,0,13.0
24,54000,MORTGAGE,8.0,PERSONAL,A,13000,7.49,0,0.24,N,2,0,0,5.0
24,10000,RENT,0.0,VENTURE,B,1400,10.83,0,0.14,N,4,0,0,32.0
36,27600,RENT,1.0,MEDICAL,B,4000,11.86,0,0.14,N,12,0,0,8.0
23,88000,MORTGAGE,4.0,HOMEIMPROVEMENT,C,8400,14.65,0,0.1,N,4,1,0,36.0
21,33000,RENT,0.0,HOMEIMPROVEMENT,C,2000,12.61,1,0.06,Y,3,1,1,80.0
34,56400,MORTGAGE,2.0,DEBTCONSOLIDATION,A,7000,7.9,0,0.12,N,10,0,0,2.0
32,36000,MORTGAGE,7.0,PERSONAL,A,2600,7.49,0,0.07,N,10,0,0,3.0
29,45200,MORTGAGE,7.0,MEDICAL,D,6000,16.49,1,0.13,Y,10,1,1,81.0
32,70000,MORTGAGE,7.0,PERSONAL,A,6000,5.42,0,0.09,N,6,0,0,0.0
49,88400,MORTGAGE,4.0,MEDICAL,C,20000,13.92,0,0.23,Y,14,0,0,26.0
24,10000,RENT,8.0,PERSONAL,A,3000,7.9,1,0.3,N,3,1,1,100.0
36,73000,MORTGAGE,3.0,DEBTCONSOLIDATION,D,8000,17.49,1,0.11,N,17,1,1,90.0
35,38000,RENT,3.0,VENTURE,B,8000,10.99,0,0.21,N,9,0,0,0.0
24,76000,MORTGAGE,8.0,EDUCATION,B,13500,9.99,0,0.18,N,4,0,0,19.0
30,135000,RENT,4.0,PERSONAL,D,25000,15.21,0,0.19,Y,6,0,0,18.0
23,20004,RENT,2.0,DEBTCONSOLIDATION,B,1500,9.62,0,0.07,N,3,0,0,23.0
41,52000,RENT,2.0,DEBTCONSOLIDATION,A,5000,7.88,0,0.1,N,13,0,0,1.0
25,60000,MORTGAGE,3.0,VENTURE,B,10000,11.49,0,0.17,N,4,0,0,0.0
22,52000,MORTGAGE,5.0,VENTURE,C,3000,14.35,0,0.06,N,2,0,0,9.0
25,26400,MORTGAGE,5.0,MEDICAL,C,5975,12.99,0,0.23,Y,4,0,0,25.0
22,49000,MORTGAGE,2.0,VENTURE,B,8500,12.53,0,0.17,N,3,0,0,5.0
24,192000,RENT,0.0,MEDICAL,C,22000,13.49,0,0.11,Y,2,0,0,17.0
45,69600,OWN,11.0,VENTURE,A,6000,7.9,0,0.09,N,12,0,0,0.0
22,47540,MORTGAGE,4.0,MEDICAL,B,12250,10.62,0,0.26,N,2,0,0,1.0
24,85000,MORTGAGE,4.0,DEBTCONSOLIDATION,B,7750,11.12,0,0.09,N,4,0,0,2.0
21,39996,MORTGAGE,5.0,PERSONAL,B,8000,10.25,0,0.2,N,4,0,0,14.000000000000002
28,133000,MORTGAGE,6.0,DEBTCONSOLIDATION,E,20000,16.77,1,0.15,Y,5,1,1,89.0
21,40000,RENT,4.0,VENTURE,A,5000,5.79,0,0.13,N,2,0,0,0.0
25,34000,MORTGAGE,1.0,HOMEIMPROVEMENT,A,2500,6.03,0,0.07,N,2,0,0,38.0
26,115200,MORTGAGE,10.0,DEBTCONSOLIDATION,C,4500,11.97,0,0.04,Y,2,0,0,24.0
29,92000,MORTGAGE,8.0,PERSONAL,B,10000,11.26,0,0.11,N,9,0,0,3.0
24,165000,MORTGAGE,5.0,PERSONAL,B,20000,10.37,0,0.12,N,4,0,0,0.0
28,65000,OWN,1.0,MEDICAL,C,2500,13.22,0,0.04,Y,7,0,0,3.0
33,25200,RENT,3.0,MEDICAL,E,1600,16.69,1,0.06,N,6,1,1,79.0
28,170000,MORTGAGE,4.0,EDUCATION,D,20000,15.31,0,0.12,Y,10,0,0,8.0
36,155000,MORTGAGE,12.0,VENTURE,B,25000,10.74,0,0.16,N,11,0,0,2.0
22,50000,RENT,7.0,MEDICAL,C,4800,12.68,0,0.1,N,3,0,0,8.0
24,22044,RENT,3.0,HOMEIMPROVEMENT,E,4375,16.4,1,0.2,Y,3,1,1,89.0
24,82726,MORTGAGE,7.0,EDUCATION,C,20000,13.49,0,0.24,Y,4,0,0,8.0
30,120000,MORTGAGE,12.0,DEBTCONSOLIDATION,B,7200,9.99,0,0.06,N,9,0,0,2.0
32,45000,MORTGAGE,4.0,PERSONAL,B,7200,12.69,0,0.16,N,9,0,0,8.0
22,32400,MORTGAGE,4.0,PERSONAL,A,5000,7.49,0,0.15,N,3,0,0,6.0
24,90100,RENT,6.0,MEDICAL,B,13000,12.69,0,0.12,N,4,1,0,10.0
23,54000,MORTGAGE,0.0,EDUCATION,B,10000,11.49,0,0.19,N,4,0,0,13.0
28,110000,MORTGAGE,7.0,HOMEIMPROVEMENT,B,10750,11.86,0,0.1,N,9,0,0,2.0
22,96384,MORTGAGE,6.0,VENTURE,B,18000,10.25,0,0.19,N,3,0,0,1.0
36,80000,RENT,20.0,VENTURE,B,21000,11.36,0,0.26,N,12,0,0,7.000000000000001
30,120000,MORTGAGE,3.0,PERSONAL,B,6000,10.99,0,0.05,N,7,0,0,1.0
28,81120,RENT,0.0,PERSONAL,A,8350,7.49,0,0.1,N,8,0,0,0.0
22,114000,RENT,2.0,VENTURE,D,5000,15.31,1,0.04,N,3,1,1,76.0
28,36000,MORTGAGE,4.0,VENTURE,B,2400,10.71,0,0.07,N,7,0,0,1.0
26,47000,RENT,8.0,PERSONAL,C,3800,13.49,0,0.08,N,3,0,0,7.000000000000001
32,40000,RENT,3.0,DEBTCONSOLIDATION,B,8000,9.62,0,0.2,N,9,0,0,12.0
41,37200,RENT,4.0,PERSONAL,A,7000,9.32,0,0.19,N,16,0,0,13.0
27,51000,RENT,9.0,PERSONAL,B,1600,10.59,0,0.03,N,8,0,0,8.0
29,60000,MORTGAGE,0.0,PERSONAL,E,10000,15.25,0,0.17,Y,5,0,0,38.0
27,96000,RENT,11.0,HOMEIMPROVEMENT,E,25000,16.77,0,0.26,N,6,0,0,45.0
24,52500,RENT,1.0,EDUCATION,C,9500,14.79,0,0.18,Y,3,0,0,12.0
27,118000,RENT,1.0,PERSONAL,D,13425,15.99,1,0.11,Y,10,1,1,89.0
41,100000,RENT,3.0,VENTURE,B,12000,10.74,0,0.12,N,12,0,0,0.0
26,110400,MORTGAGE,3.0,PERSONAL,F,9800,18.43,0,0.09,Y,3,0,0,22.0
23,37500,RENT,2.0,VENTURE,C,8000,14.26,0,0.21,N,4,0,0,13.0
26,19200,RENT,3.0,MEDICAL,A,2000,6.17,0,0.1,N,4,0,0,31.0
29,120000,MORTGAGE,7.0,DEBTCONSOLIDATION,B,20000,12.42,0,0.17,N,6,0,0,3.0
26,67000,RENT,4.0,MEDICAL,C,2400,12.99,0,0.04,Y,2,0,0,13.0
37,74400,OWN,21.0,VENTURE,A,7500,7.05,0,0.1,N,11,0,0,0.0
25,36000,MORTGAGE,3.0,VENTURE,B,5000,10.99,0,0.14,N,4,0,0,1.0
23,85000,MORTGAGE,7.0,DEBTCONSOLIDATION,A,7000,8.63,0,0.08,N,2,0,0,0.0
22,100000,MORTGAGE,6.0,EDUCATION,A,15000,7.49,0,0.15,N,2,0,0,0.0
21,34000,RENT,5.0,DEBTCONSOLIDATION,C,7800,13.79,0,0.23,N,2,1,0,40.0
23,48000,MORTGAGE,3.0,VENTURE,B,12000,11.36,0,0.25,N,3,0,0,1.0
22,81500,MORTGAGE,0.0,EDUCATION,A,7575,6.54,0,0.09,N,3,0,0,0.0
24,53000,RENT,1.0,DEBTCONSOLIDATION,D,15000,16.77,1,0.28,N,2,1,1,99.0
28,90000,RENT,0.0,VENTURE,A,7200,5.42,0,0.08,N,5,0,0,0.0
23,51000,RENT,4.0,DEBTCONSOLIDATION,A,10400,7.49,0,0.2,N,2,0,0,3.0
25,21000,RENT,0.0,VENTURE,B,5175,12.53,0,0.25,N,4,0,0,39.0
29,40000,RENT,0.0,DEBTCONSOLIDATION,C,3600,12.23,0,0.09,Y,7,0,0,2.0
29,46873,MORTGAGE,9.0,PERSONAL,A,11200,7.14,0,0.24,N,6,0,0,11.0
27,49200,MORTGAGE,2.0,DEBTCONSOLIDATION,E,7500,16.32,1,0.15,N,7,1,1,79.0
52,29000,OWN,23.0,PERSONAL,A,7000,7.49,0,0.24,N,20,0,0,14.000000000000002
22,43000,MORTGAGE,5.0,MEDICAL,B,7000,10.62,0,0.16,N,4,0,0,9.0
23,86000,MORTGAGE,5.0,EDUCATION,A,21000,8.9,0,0.24,N,4,0,0,5.0
27,89000,MORTGAGE,2.0,DEBTCONSOLIDATION,B,10000,10.65,0,0.11,N,7,0,0,5.0
25,85000,MORTGAGE,4.0,HOMEIMPROVEMENT,A,5000,6.17,0,0.06,N,2,0,0,2.0
31,32000,OWN,10.0,VENTURE,B,12375,9.91,0,0.39,N,7,0,0,3.0
23,66000,MORTGAGE,5.0,VENTURE,A,6000,6.62,0,0.09,N,2,0,0,0.0
36,110000,MORTGAGE,9.0,HOMEIMPROVEMENT,A,15000,9.63,0,0.14,N,15,0,0,5.0
31,40000,MORTGAGE,5.0,PERSONAL,A,14000,6.03,0,0.35,N,10,0,0,11.0
24,14400,RENT,0.0,PERSONAL,D,1600,18.25,1,0.11,N,3,1,1,87.0
23,60000,RENT,4.0,MEDICAL,C,2000,13.06,0,0.03,Y,3,0,0,3.0
22,69528,RENT,6.0,VENTURE,C,6000,12.99,0,0.09,N,3,0,0,2.0
29,58000,RENT,3.0,PERSONAL,A,10000,6.99,0,0.17,N,5,0,0,5.0
43,48000,MORTGAGE,7.0,VENTURE,A,4500,5.42,0,0.09,N,14,0,0,1.0
32,114000,RENT,17.0,MEDICAL,B,6000,10.37,0,0.05,N,9,0,0,2.0
23,40000,MORTGAGE,7.0,MEDICAL,A,4000,7.51,0,0.1,N,2,0,0,8.0
26,30000,RENT,4.0,PERSONAL,C,5000,13.49,0,0.17,Y,2,0,0,44.0
23,59004,RENT,5.0,DEBTCONSOLIDATION,B,20000,10.83,1,0.34,N,2,1,1,98.0
37,80000,MORTGAGE,18.0,MEDICAL,B,20000,11.83,0,0.25,N,13,0,0,9.0
33,41000,MORTGAGE,6.0,MEDICAL,A,9000,7.49,0,0.22,N,9,0,0,0.0
25,111262,MORTGAGE,2.0,PERSONAL,B,20000,12.53,0,0.18,N,3,0,0,14.000000000000002
32,42000,RENT,4.0,MEDICAL,A,3000,7.49,0,0.07,N,10,0,0,6.0
28,83004,RENT,3.0,DEBTCONSOLIDATION,B,10000,11.86,0,0.12,N,10,0,0,1.0
29,30000,MORTGAGE,3.0,EDUCATION,B,4000,10.99,0,0.13,N,6,0,0,7.000000000000001
27,52000,RENT,0.0,HOMEIMPROVEMENT,B,5100,10.37,0,0.1,N,7,0,0,10.0
22,95004,OWN,6.0,EDUCATION,B,7200,10.95,0,0.08,N,4,0,0,1.0
35,61600,RENT,4.0,MEDICAL,A,4200,7.29,0,0.07,N,9,0,0,2.0
32,138000,MORTGAGE,16.0,EDUCATION,A,20000,7.88,0,0.14,N,7,0,0,2.0
28,30000,RENT,13.0,MEDICAL,B,14800,11.14,1,0.49,N,7,1,1,99.0
23,57000,RENT,4.0,DEBTCONSOLIDATION,A,12000,8.94,0,0.21,N,2,0,0,7.000000000000001
32,63000,MORTGAGE,12.0,EDUCATION,C,7000,13.57,0,0.11,Y,7,0,0,9.0
24,60000,MORTGAGE,2.0,PERSONAL,B,2600,11.49,0,0.04,N,4,0,0,5.0
24,120000,RENT,4.0,HOMEIMPROVEMENT,C,10000,13.61,0,0.08,N,2,0,0,7.000000000000001
24,30000,RENT,8.0,MEDICAL,B,3000,11.86,0,0.1,N,4,0,0,8.0
30,138000,MORTGAGE,3.0,EDUCATION,E,23975,17.93,0,0.17,Y,6,1,0,18.0
34,83200,MORTGAGE,3.0,PERSONAL,C,5000,14.79,0,0.06,Y,8,0,0,9.0
27,21112,RENT,0.0,PERSONAL,D,3600,15.99,1,0.17,Y,10,1,1,87.0
28,35000,RENT,12.0,PERSONAL,D,10000,16.29,0,0.29,N,5,0,0,13.0
25,46000,RENT,3.0,DEBTCONSOLIDATION,A,7000,9.07,0,0.15,N,3,0,0,4.0
25,31008,RENT,2.0,DEBTCONSOLIDATION,C,12000,13.79,1,0.39,N,4,1,1,100.0
24,44000,RENT,5.0,PERSONAL,C,2800,14.17,0,0.06,N,2,1,0,13.0
23,97600,MORTGAGE,7.0,MEDICAL,A,14500,7.51,0,0.15,N,2,0,0,0.0
22,35000,RENT,2.0,MEDICAL,B,5000,11.71,0,0.14,N,2,0,0,14.000000000000002
24,40800,RENT,0.0,VENTURE,A,2800,6.99,0,0.07,N,4,0,0,0.0
27,24600,RENT,0.0,DEBTCONSOLIDATION,A,10000,7.49,1,0.41,N,8,1,1,100.0
36,166000,RENT,4.0,MEDICAL,A,10000,7.88,0,0.06,N,17,0,0,2.0
26,50004,RENT,3.0,VENTURE,C,15000,13.72,0,0.3,Y,4,0,0,13.0
31,30000,RENT,5.0,MEDICAL,B,1000,9.25,0,0.03,N,6,0,0,18.0
23,74196,MORTGAGE,5.0,VENTURE,B,17000,11.26,0,0.23,N,4,0,0,1.0
29,25400,RENT,1.0,EDUCATION,D,7500,14.59,1,0.3,Y,5,1,1,87.0
22,63000,RENT,5.0,EDUCATION,B,4000,10.99,0,0.06,N,4,0,0,8.0
27,107000,MORTGAGE,2.0,EDUCATION,A,10800,9.63,0,0.1,N,5,0,0,1.0
36,35256,MORTGAGE,5.0,HOMEIMPROVEMENT,A,5000,5.99,0,0.14,N,11,0,0,16.0
27,42000,RENT,6.0,PERSONAL,A,5950,5.99,0,0.14,N,5,0,0,3.0
26,63180,OWN,4.0,HOMEIMPROVEMENT,C,5825,13.43,0,0.09,Y,2,0,0,9.0
28,48876,RENT,5.0,PERSONAL,D,3000,14.59,0,0.06,N,8,0,0,28.000000000000004
25,77000,MORTGAGE,1.0,DEBTCONSOLIDATION,F,7200,18.53,1,0.09,N,3,1,1,71.0
25,112000,MORTGAGE,0.0,HOMEIMPROVEMENT,A,16000,6.99,0,0.14,N,4,0,0,3.0
26,26000,MORTGAGE,7.0,HOMEIMPROVEMENT,B,7000,10.99,0,0.27,N,4,0,0,21.0
24,10668,RENT,0.0,HOMEIMPROVEMENT,A,5000,7.88,1,0.47,N,3,1,1,100.0
39,24000,RENT,0.0,MEDICAL,B,2000,10.99,0,0.08,N,11,0,0,10.0
28,41400,RENT,2.0,DEBTCONSOLIDATION,C,14000,13.48,1,0.34,N,6,1,1,100.0
26,62000,MORTGAGE,5.0,MEDICAL,A,10000,7.88,0,0.16,N,2,0,0,5.0
39,62000,OWN,3.0,PERSONAL,A,7200,7.49,0,0.12,N,12,0,0,0.0
22,57996,MORTGAGE,2.0,VENTURE,B,2500,12.53,0,0.04,N,4,0,0,0.0
45,54981,RENT,2.0,MEDICAL,A,6000,7.49,0,0.11,N,17,0,0,2.0
25,72000,MORTGAGE,4.0,HOMEIMPROVEMENT,A,2000,7.66,0,0.03,N,4,0,0,4.0
26,98000,MORTGAGE,5.0,MEDICAL,A,12000,8.49,0,0.12,N,3,0,0,0.0
29,54000,RENT,5.0,HOMEIMPROVEMENT,C,10000,13.49,0,0.19,Y,9,1,0,8.0
22,55000,RENT,6.0,VENTURE,C,10000,15.27,0,0.18,N,3,0,0,21.0
28,24000,RENT,8.0,EDUCATION,B,8875,10.65,1,0.37,N,7,1,1,98.0
27,35000,RENT,3.0,PERSONAL,A,4200,7.49,0,0.12,N,5,0,0,4.0
24,71000,OWN,4.0,HOMEIMPROVEMENT,A,10000,5.79,0,0.14,N,3,0,0,1.0
25,59000,RENT,0.0,VENTURE,C,10000,14.17,0,0.17,N,3,0,0,19.0
55,94000,MORTGAGE,11.0,PERSONAL,A,4000,6.62,0,0.04,N,26,0,0,1.0
27,63000,MORTGAGE,12.0,DEBTCONSOLIDATION,C,15500,14.65,0,0.25,N,5,0,0,37.0
35,94000,MORTGAGE,9.0,DEBTCONSOLIDATION,B,15000,9.88,0,0.16,N,9,0,0,0.0
29,120000,OWN,11.0,DEBTCONSOLIDATION,D,5000,14.09,0,0.04,Y,6,0,0,35.0
24,42000,MORTGAGE,9.0,PERSONAL,A,11000,5.42,0,0.26,N,4,0,0,4.0
51,62046,RENT,8.0,VENTURE,A,8000,7.49,0,0.13,N,30,0,0,1.0
37,35000,OWN,2.0,PERSONAL,B,13250,11.71,0,0.38,N,14,0,0,4.0
42,62000,RENT,26.0,VENTURE,A,10000,8.49,0,0.16,N,14,0,0,1.0
26,28000,MORTGAGE,8.0,PERSONAL,A,4500,7.49,0,0.16,N,2,1,0,11.0
22,62000,RENT,6.0,MEDICAL,A,12500,7.29,0,0.2,N,2,0,0,5.0
25,58650,RENT,5.0,MEDICAL,D,7500,15.37,1,0.11,N,4,1,1,95.0
39,48279,OWN,7.0,VENTURE,C,4800,13.98,0,0.1,N,13,0,0,10.0
22,40000,OWN,5.0,MEDICAL,B,6000,9.25,0,0.15,N,3,0,0,0.0
24,61000,RENT,2.0,HOMEIMPROVEMENT,B,20000,12.18,1,0.33,N,4,1,1,99.0
25,78000,MORTGAGE,4.0,DEBTCONSOLIDATION,B,2400,11.86,0,0.03,N,4,0,0,20.0
26,65000,RENT,3.0,MEDICAL,B,9000,11.86,0,0.14,N,4,0,0,2.0
27,70000,OWN,2.0,HOMEIMPROVEMENT,B,2250,10.36,0,0.03,N,7,0,0,6.0
25,120000,RENT,9.0,EDUCATION,A,30000,7.9,0,0.25,N,4,0,0,0.0
28,75000,RENT,3.0,EDUCATION,B,7500,10.99,0,0.1,N,6,0,0,6.0
26,54000,RENT,6.0,EDUCATION,A,10000,7.9,0,0.19,N,2,0,0,7.000000000000001
27,68000,RENT,0.0,DEBTCONSOLIDATION,B,10000,10.99,0,0.15,N,5,0,0,2.0
22,50000,MORTGAGE,6.0,VENTURE,C,10500,14.26,0,0.21,Y,2,0,0,6.0
21,55000,RENT,3.0,EDUCATION,B,6000,10.99,0,0.11,N,3,0,0,7.000000000000001
25,30000,RENT,1.0,MEDICAL,B,7000,10.62,0,0.23,N,3,0,0,8.0
30,37017,MORTGAGE,3.0,PERSONAL,A,9000,6.54,0,0.24,N,7,0,0,11.0
26,28800,MORTGAGE,2.0,VENTURE,A,5150,6.62,0,0.18,N,2,0,0,4.0
22,48000,RENT,7.0,DEBTCONSOLIDATION,E,10000,17.99,1,0.21,Y,4,1,1,86.0
21,6000,OWN,1.0,PERSONAL,D,1600,14.61,1,0.27,Y,3,1,1,85.0
36,27000,OWN,4.0,HOMEIMPROVEMENT,A,6000,7.14,0,0.22,N,15,0,0,7.000000000000001
42,55308,OWN,8.0,VENTURE,B,2000,11.49,0,0.04,N,15,0,0,2.0
39,48000,MORTGAGE,4.0,DEBTCONSOLIDATION,A,3000,5.42,0,0.06,N,11,0,0,5.0
25,32004,RENT,0.0,MEDICAL,C,7200,12.84,0,0.22,N,4,0,0,11.0
40,50004,RENT,3.0,DEBTCONSOLIDATION,B,20000,10.99,1,0.4,N,17,1,1,98.0
34,41600,MORTGAGE,16.0,DEBTCONSOLIDATION,A,17500,6.17,0,0.42,N,8,0,0,6.0
27,76788,MORTGAGE,0.0,DEBTCONSOLIDATION,B,17000,12.42,0,0.22,N,10,0,0,13.0
22,126000,MORTGAGE,6.0,EDUCATION,D,3600,15.99,0,0.03,N,3,0,0,8.0
33,97200,MORTGAGE,4.0,PERSONAL,C,20000,12.29,0,0.21,N,9,0,0,8.0
25,34800,MORTGAGE,6.0,DEBTCONSOLIDATION,A,5125,6.99,0,0.15,N,2,1,0,6.0
22,55000,MORTGAGE,7.0,MEDICAL,B,13500,9.67,0,0.25,N,4,0,0,5.0
24,34000,OWN,8.0,VENTURE,C,10000,13.49,0,0.29,Y,3,0,0,11.0
23,54000,MORTGAGE,5.0,VENTURE,B,8500,12.42,0,0.16,N,2,0,0,6.0
27,85000,MORTGAGE,9.0,MEDICAL,B,24000,11.71,0,0.28,N,10,0,0,4.0
24,30000,RENT,2.0,EDUCATION,A,3000,6.03,0,0.1,N,3,0,0,7.000000000000001
29,15000,RENT,4.0,DEBTCONSOLIDATION,D,2600,16.29,1,0.17,N,10,1,1,99.0
33,91384,MORTGAGE,17.0,EDUCATION,B,1600,10.25,0,0.02,N,5,0,0,9.0
33,40000,RENT,2.0,DEBTCONSOLIDATION,A,4000,7.88,0,0.1,N,10,0,0,3.0
24,36000,RENT,2.0,HOMEIMPROVEMENT,D,2500,16.77,1,0.07,N,3,1,1,99.0
35,30720,MORTGAGE,4.0,HOMEIMPROVEMENT,A,6000,7.49,0,0.2,N,6,0,0,10.0
25,65000,MORTGAGE,3.0,VENTURE,C,7000,14.72,0,0.11,N,3,0,0,10.0
36,24000,OWN,5.0,VENTURE,C,4000,14.72,0,0.17,Y,15,0,0,8.0
22,78000,RENT,6.0,DEBTCONSOLIDATION,B,21600,11.26,0,0.28,N,3,1,0,9.0
26,125000,RENT,10.0,MEDICAL,B,3000,12.21,0,0.02,N,4,0,0,15.0
21,55000,RENT,5.0,DEBTCONSOLIDATION,C,4000,13.35,0,0.07,Y,2,0,0,12.0
25,49200,MORTGAGE,6.0,MEDICAL,A,5600,7.49,0,0.11,N,2,0,0,4.0
22,70000,OWN,4.0,VENTURE,A,1250,5.42,0,0.02,N,4,0,0,0.0
26,263000,MORTGAGE,0.0,EDUCATION,B,10000,10.99,0,0.04,N,4,1,0,9.0
23,58000,RENT,4.0,EDUCATION,C,1200,15.23,0,0.02,N,4,0,0,14.000000000000002
27,18835,RENT,2.0,MEDICAL,D,6000,16.49,1,0.32,Y,8,1,1,100.0
36,160000,OWN,20.0,VENTURE,D,24000,14.96,0,0.15,Y,15,0,0,5.0
50,85000,RENT,1.0,HOMEIMPROVEMENT,C,17500,13.49,0,0.21,N,17,0,0,10.0
24,60000,RENT,5.0,MEDICAL,A,12000,9.63,0,0.2,N,2,0,0,5.0
24,49000,OTHER,1.0,PERSONAL,C,20000,11.34,0,0.41,Y,4,1,0,50.0
35,62217,RENT,15.0,EDUCATION,A,3700,7.49,0,0.06,N,8,0,0,10.0
22,81500,MORTGAGE,6.0,PERSONAL,A,20000,6.54,0,0.25,N,2,0,0,1.0
38,80000,RENT,17.0,PERSONAL,B,6000,11.83,0,0.07,N,12,0,0,8.0
25,121000,MORTGAGE,1.0,EDUCATION,B,3600,11.83,0,0.03,N,3,0,0,7.000000000000001
43,350000,MORTGAGE,3.0,PERSONAL,B,18000,11.49,0,0.05,N,14,0,0,1.0
31,82000,MORTGAGE,4.0,EDUCATION,A,10000,7.29,0,0.12,N,5,0,0,2.0
22,72000,RENT,6.0,EDUCATION,E,15000,17.19,0,0.21,N,4,0,0,12.0
22,24000,RENT,4.0,EDUCATION,D,5000,16.49,0,0.21,N,4,0,0,46.0
25,57000,RENT,1.0,PERSONAL,C,10000,14.27,0,0.18,Y,4,0,0,6.0
31,78411,RENT,9.0,DEBTCONSOLIDATION,A,1400,7.49,0,0.02,N,6,0,0,5.0
54,79864,MORTGAGE,5.0,PERSONAL,B,1800,9.88,0,0.02,N,21,0,0,11.0
23,29520,RENT,7.0,EDUCATION,D,8500,15.37,1,0.29,Y,2,0,1,51.0
29,48000,RENT,9.0,HOMEIMPROVEMENT,C,25000,13.61,1,0.52,Y,8,1,1,98.0
22,67000,MORTGAGE,7.0,DEBTCONSOLIDATION,A,8800,7.51,0,0.13,N,2,0,0,4.0
35,35000,MORTGAGE,4.0,EDUCATION,B,4000,9.63,0,0.11,N,8,0,0,2.0
39,86000,MORTGAGE,10.0,HOMEIMPROVEMENT,A,8500,6.03,0,0.1,N,11,0,0,3.0
23,51000,MORTGAGE,2.0,PERSONAL,A,8000,7.49,0,0.16,N,3,0,0,0.0
40,125000,MORTGAGE,3.0,HOMEIMPROVEMENT,A,10200,7.49,0,0.08,N,14,0,0,5.0
24,15120,RENT,4.0,MEDICAL,A,1600,7.51,0,0.11,N,3,0,0,7.000000000000001
26,45900,MORTGAGE,10.0,PERSONAL,C,11500,13.79,0,0.25,N,4,0,0,17.0
22,49000,RENT,0.0,EDUCATION,D,7600,15.62,1,0.16,N,4,1,1,92.0
24,101000,OWN,5.0,VENTURE,B,24250,12.53,0,0.24,N,3,0,0,0.0
37,160000,MORTGAGE,3.0,PERSONAL,A,24000,6.54,0,0.15,N,15,0,0,1.0
34,113000,RENT,6.0,EDUCATION,C,9600,13.49,0,0.08,Y,9,0,0,11.0
27,15600,RENT,11.0,HOMEIMPROVEMENT,B,2800,10.65,1,0.18,N,5,1,1,99.0
58,45600,MORTGAGE,20.0,PERSONAL,C,6000,12.99,0,0.13,N,25,0,0,16.0
22,46800,RENT,6.0,MEDICAL,C,18000,15.23,1,0.38,Y,2,1,1,97.0
29,70000,RENT,3.0,PERSONAL,D,25000,14.83,1,0.36,N,6,1,1,99.0
27,57996,RENT,11.0,EDUCATION,B,7500,12.21,0,0.13,N,10,0,0,10.0
34,148750,RENT,3.0,MEDICAL,A,12000,7.9,0,0.07,N,8,1,0,3.0
30,20520,RENT,0.0,DEBTCONSOLIDATION,B,5000,9.99,0,0.24,N,5,0,0,10.0
23,130000,MORTGAGE,4.0,MEDICAL,A,6000,5.42,0,0.05,N,4,0,0,0.0
27,15120,RENT,6.0,PERSONAL,B,3050,10.38,1,0.2,N,5,1,1,100.0
23,28800,RENT,0.0,EDUCATION,A,4000,5.42,0,0.14,N,2,0,0,8.0
32,50000,RENT,0.0,HOMEIMPROVEMENT,A,3775,6.17,0,0.08,N,8,0,0,7.000000000000001
38,30000,RENT,0.0,EDUCATION,B,5600,9.99,0,0.19,N,15,1,0,11.0
23,120000,MORTGAGE,2.0,PERSONAL,D,24250,16.02,0,0.2,Y,4,0,0,15.0
33,23004,RENT,6.0,PERSONAL,C,3000,13.43,0,0.13,Y,5,0,0,7.000000000000001
32,32004,RENT,1.0,DEBTCONSOLIDATION,D,3400,15.31,1,0.11,N,7,1,1,98.0
33,21600,RENT,3.0,DEBTCONSOLIDATION,B,10000,12.53,1,0.46,N,8,1,1,99.0
65,93000,MORTGAGE,27.0,PERSONAL,B,25000,9.99,0,0.27,N,27,0,0,19.0
43,86004,MORTGAGE,2.0,HOMEIMPROVEMENT,B,10000,9.99,0,0.12,N,14,0,0,3.0
33,54000,MORTGAGE,7.0,MEDICAL,C,32000,15.23,1,0.59,Y,7,1,1,70.0
23,38500,MORTGAGE,2.0,DEBTCONSOLIDATION,A,3000,7.49,0,0.08,N,2,0,0,10.0
25,55000,RENT,7.0,HOMEIMPROVEMENT,C,8500,14.22,0,0.15,Y,3,0,0,7.000000000000001
25,66420,MORTGAGE,1.0,MEDICAL,B,4000,12.18,0,0.06,N,3,0,0,3.0
29,97000,OWN,3.0,MEDICAL,D,14600,15.65,0,0.15,N,9,0,0,18.0
23,45000,RENT,4.0,PERSONAL,C,4800,13.98,0,0.11,Y,2,0,0,9.0
36,136000,MORTGAGE,0.0,VENTURE,C,4800,14.72,0,0.04,N,15,0,0,4.0
25,80000,RENT,2.0,PERSONAL,C,12375,10.91,0,0.15,N,4,0,0,8.0
35,32900,RENT,4.0,HOMEIMPROVEMENT,C,4800,13.23,1,0.15,Y,8,1,1,85.0
25,95000,RENT,1.0,DEBTCONSOLIDATION,A,7000,6.99,0,0.07,N,2,0,0,0.0
29,7200,RENT,4.0,VENTURE,B,2200,9.91,1,0.31,N,9,1,1,99.0
24,48000,MORTGAGE,8.0,EDUCATION,A,3100,8.94,0,0.06,N,3,0,0,13.0
32,52256,RENT,13.0,PERSONAL,B,4400,10.99,0,0.08,N,5,0,0,17.0
24,100000,RENT,5.0,PERSONAL,A,10000,7.51,0,0.1,N,3,0,0,1.0
27,18000,RENT,0.0,DEBTCONSOLIDATION,A,6000,7.49,1,0.33,N,5,1,1,99.0
44,80000,MORTGAGE,3.0,DEBTCONSOLIDATION,C,15000,13.11,0,0.19,N,16,0,0,11.0
27,44544,RENT,4.0,MEDICAL,C,16425,14.27,1,0.37,Y,5,1,1,99.0
26,33189,RENT,4.0,EDUCATION,B,3000,11.12,0,0.09,N,2,0,0,34.0
23,90000,MORTGAGE,5.0,PERSONAL,B,6000,11.89,0,0.07,N,4,0,0,1.0
25,90000,RENT,2.0,HOMEIMPROVEMENT,B,12000,11.48,0,0.13,N,3,0,0,1.0
25,29000,RENT,5.0,VENTURE,A,10000,7.49,1,0.34,N,2,1,1,97.0
29,125000,MORTGAGE,13.0,EDUCATION,A,14400,5.79,0,0.12,N,10,0,0,6.0
22,60500,RENT,3.0,DEBTCONSOLIDATION,C,7000,12.84,0,0.12,N,2,0,0,6.0
25,120000,MORTGAGE,9.0,HOMEIMPROVEMENT,B,20000,11.14,0,0.17,N,4,0,0,9.0
34,185000,MORTGAGE,18.0,DEBTCONSOLIDATION,C,18250,13.49,0,0.1,Y,5,0,0,10.0
28,81000,MORTGAGE,0.0,VENTURE,C,5000,12.53,0,0.06,N,9,0,0,5.0
38,90000,MORTGAGE,1.0,DEBTCONSOLIDATION,A,7000,6.99,0,0.08,N,16,0,0,1.0
23,70000,MORTGAGE,1.0,PERSONAL,B,5000,11.12,0,0.07,N,3,0,0,13.0
23,100000,MORTGAGE,4.0,EDUCATION,C,10000,12.87,0,0.1,Y,3,0,0,2.0
42,96000,MORTGAGE,9.0,PERSONAL,A,5100,5.42,0,0.05,N,14,0,0,0.0
27,56000,OWN,7.0,VENTURE,C,1000,14.65,0,0.02,N,8,0,0,10.0
22,40000,RENT,2.0,EDUCATION,B,8000,12.18,0,0.2,N,4,0,0,1.0
21,104740,MORTGAGE,5.0,EDUCATION,B,19200,11.99,0,0.18,N,2,0,0,5.0
37,30000,RENT,6.0,MEDICAL,C,3000,11.03,0,0.1,N,13,0,0,26.0
24,96000,MORTGAGE,5.0,DEBTCONSOLIDATION,A,5000,8.9,0,0.05,N,4,0,0,16.0
25,22000,OWN,0.0,VENTURE,E,7500,16.77,0,0.34,Y,3,0,0,26.0
33,60000,MORTGAGE,4.0,PERSONAL,B,6300,9.62,0,0.1,N,10,0,0,7.000000000000001
24,65544,OWN,4.0,EDUCATION,B,5000,10.74,0,0.08,N,2,0,0,6.0
24,40000,RENT,4.0,MEDICAL,B,8000,9.63,0,0.2,N,3,0,0,14.000000000000002
27,120000,MORTGAGE,2.0,EDUCATION,A,7000,7.14,0,0.06,N,7,0,0,0.0
28,65000,RENT,3.0,HOMEIMPROVEMENT,A,7000,8.49,0,0.11,N,6,0,0,1.0
32,108000,RENT,16.0,PERSONAL,A,6125,5.99,0,0.06,N,5,1,0,2.0
22,54996,RENT,6.0,VENTURE,A,12000,8.32,0,0.22,N,4,0,0,0.0
25,61000,MORTGAGE,4.0,EDUCATION,A,7000,5.79,0,0.11,N,4,0,0,1.0
22,128474,MORTGAGE,6.0,DEBTCONSOLIDATION,A,30000,7.29,0,0.23,N,2,0,0,2.0
29,118374,MORTGAGE,13.0,VENTURE,C,3500,13.49,0,0.03,Y,6,0,0,8.0
24,120000,MORTGAGE,2.0,PERSONAL,A,12000,7.51,0,0.1,N,3,0,0,1.0
25,43200,RENT,3.0,PERSONAL,C,3000,13.8,0,0.07,Y,3,0,0,8.0
39,48000,RENT,0.0,VENTURE,C,10000,13.22,0,0.21,N,16,0,0,4.0
40,81120,MORTGAGE,1.0,EDUCATION,B,24000,9.25,0,0.3,N,15,0,0,12.0
24,45600,RENT,2.0,VENTURE,C,18250,13.35,1,0.4,N,4,1,1,99.0
27,36996,RENT,4.0,PERSONAL,D,5775,14.91,0,0.16,N,7,0,0,25.0
24,37000,RENT,8.0,MEDICAL,D,10500,15.31,1,0.28,N,2,0,1,54.0
23,80000,RENT,0.0,VENTURE,C,14000,14.27,0,0.17,Y,2,0,0,15.0
34,53000,MORTGAGE,7.0,DEBTCONSOLIDATION,A,3100,7.9,0,0.06,N,6,0,0,5.0
37,65000,RENT,4.0,PERSONAL,D,12000,16.49,0,0.18,N,17,0,0,11.0
28,70000,MORTGAGE,12.0,PERSONAL,A,3000,6.39,0,0.04,N,8,0,0,2.0
23,77000,OWN,3.0,VENTURE,A,3500,5.99,0,0.05,N,2,0,0,2.0
30,95000,MORTGAGE,6.0,PERSONAL,A,4000,5.99,0,0.04,N,9,0,0,0.0
21,59000,MORTGAGE,5.0,PERSONAL,B,5600,11.49,0,0.09,N,4,0,0,15.0
27,70000,RENT,11.0,VENTURE,B,10000,10.65,0,0.14,N,5,0,0,0.0
22,59000,OTHER,1.0,DEBTCONSOLIDATION,D,15000,15.31,1,0.25,Y,2,1,1,77.0
24,120000,RENT,5.0,MEDICAL,A,15000,7.49,0,0.13,N,3,0,0,1.0
22,96000,MORTGAGE,4.0,VENTURE,A,8000,7.88,0,0.08,N,4,0,0,1.0
31,20743,RENT,0.0,MEDICAL,A,5000,7.51,0,0.24,N,5,0,0,5.0
37,21600,RENT,4.0,MEDICAL,D,3800,15.31,1,0.18,N,11,1,1,77.0
22,48000,MORTGAGE,0.0,MEDICAL,A,3500,6.54,0,0.07,N,3,0,0,6.0
23,39000,RENT,3.0,DEBTCONSOLIDATION,D,5000,15.37,1,0.13,Y,4,1,1,94.0
27,54000,RENT,2.0,PERSONAL,D,20000,16.0,1,0.37,N,6,1,1,100.0
23,95004,RENT,2.0,EDUCATION,A,5000,9.63,0,0.05,N,4,0,0,2.0
22,74800,RENT,3.0,MEDICAL,D,20000,14.96,1,0.23,Y,4,1,1,84.0
24,98000,MORTGAGE,8.0,VENTURE,A,10000,6.62,0,0.1,N,3,0,0,0.0
24,83000,RENT,4.0,HOMEIMPROVEMENT,A,8300,7.88,0,0.1,N,2,0,0,3.0
24,75000,MORTGAGE,5.0,HOMEIMPROVEMENT,A,12000,5.99,0,0.16,N,2,0,0,0.0
30,27996,RENT,9.0,MEDICAL,C,1500,13.49,0,0.05,Y,8,0,0,13.0
23,105000,RENT,7.0,MEDICAL,B,7200,11.71,0,0.07,N,2,0,0,3.0
37,78000,MORTGAGE,5.0,DEBTCONSOLIDATION,B,12000,9.83,0,0.15,N,11,0,0,13.0
41,24000,OWN,3.0,EDUCATION,C,4500,12.99,0,0.19,Y,14,0,0,2.0
29,54000,MORTGAGE,8.0,MEDICAL,D,14800,15.31,1,0.27,Y,10,1,1,95.0
29,98000,MORTGAGE,11.0,DEBTCONSOLIDATION,C,1825,14.27,0,0.02,N,6,0,0,7.000000000000001
35,14400,RENT,1.0,HOMEIMPROVEMENT,B,3000,10.99,1,0.21,N,7,1,1,100.0
22,66500,RENT,0.0,VENTURE,D,10000,14.11,1,0.15,Y,2,1,1,86.0
25,65004,RENT,1.0,HOMEIMPROVEMENT,C,4800,13.49,0,0.07,N,3,0,0,4.0
26,54000,RENT,1.0,HOMEIMPROVEMENT,C,1500,13.98,0,0.03,Y,4,0,0,10.0
22,52000,MORTGAGE,6.0,DEBTCONSOLIDATION,D,14825,15.62,1,0.29,N,3,1,1,86.0
27,39600,MORTGAGE,4.0,VENTURE,G,2500,20.86,1,0.06,Y,8,1,1,53.0
23,48672,RENT,6.0,EDUCATION,A,12000,7.42,0,0.25,N,3,0,0,10.0
27,107000,MORTGAGE,4.0,EDUCATION,A,11500,8.38,0,0.11,N,10,0,0,1.0
26,67500,RENT,0.0,EDUCATION,B,3000,8.88,0,0.04,N,2,0,0,10.0
22,37440,RENT,1.0,EDUCATION,C,3200,13.04,0,0.09,Y,2,0,0,13.0
31,45000,RENT,5.0,PERSONAL,A,14000,7.91,1,0.31,N,8,1,1,92.0
45,74600,RENT,2.0,MEDICAL,C,1500,13.61,0,0.02,N,13,0,0,11.0
25,50000,RENT,0.0,PERSONAL,A,5000,7.49,0,0.1,N,2,0,0,0.0
32,125000,MORTGAGE,3.0,VENTURE,B,21000,11.71,0,0.17,N,10,0,0,0.0
31,67200,MORTGAGE,2.0,PERSONAL,A,10000,6.03,0,0.15,N,7,0,0,2.0
23,47000,RENT,7.0,PERSONAL,E,2400,13.75,0,0.05,Y,4,0,0,39.0
25,80000,RENT,0.0,HOMEIMPROVEMENT,B,11200,10.99,0,0.14,N,3,0,0,2.0
22,55000,OWN,4.0,PERSONAL,A,1275,6.91,0,0.02,N,4,0,0,4.0
21,160000,OTHER,5.0,EDUCATION,A,6000,8.0,0,0.04,N,4,0,0,1.0
21,30000,RENT,3.0,MEDICAL,B,14000,10.65,1,0.47,N,2,1,1,100.0
23,36000,RENT,0.0,EDUCATION,A,10000,8.59,0,0.28,N,2,0,0,14.000000000000002
23,26000,RENT,0.0,DEBTCONSOLIDATION,A,3500,6.91,0,0.13,N,3,0,0,14.000000000000002
22,23900,RENT,0.0,PERSONAL,B,9000,10.99,1,0.38,N,2,1,1,100.0
26,58000,MORTGAGE,1.0,MEDICAL,D,25000,13.55,1,0.43,Y,4,1,1,59.0
32,38400,RENT,1.0,VENTURE,B,10000,10.39,0,0.26,N,10,0,0,2.0
24,85000,MORTGAGE,2.0,DEBTCONSOLIDATION,B,7000,12.69,0,0.08,N,3,0,0,3.0
22,62236,OWN,4.0,MEDICAL,B,5000,9.99,0,0.08,N,4,0,0,0.0
22,65000,RENT,3.0,MEDICAL,A,14000,7.49,0,0.22,N,2,0,0,7.000000000000001
25,63000,MORTGAGE,5.0,DEBTCONSOLIDATION,A,11600,7.49,0,0.18,N,4,0,0,10.0
25,62000,RENT,0.0,DEBTCONSOLIDATION,C,14400,13.47,0,0.23,Y,3,0,0,4.0
22,35000,MORTGAGE,6.0,EDUCATION,C,7500,13.92,0,0.21,N,3,0,0,12.0
24,120000,MORTGAGE,8.0,PERSONAL,C,20000,12.99,0,0.17,Y,2,0,0,7.000000000000001
25,48000,RENT,3.0,DEBTCONSOLIDATION,B,2000,10.74,0,0.04,N,2,0,0,7.000000000000001
35,38400,MORTGAGE,0.0,EDUCATION,A,5000,7.49,0,0.13,N,9,0,0,4.0
39,57000,MORTGAGE,0.0,DEBTCONSOLIDATION,A,3000,9.63,0,0.05,N,14,0,0,12.0
28,98400,MORTGAGE,12.0,PERSONAL,A,1500,5.42,0,0.02,N,5,0,0,3.0
25,80000,OWN,3.0,EDUCATION,C,10000,14.72,0,0.13,Y,3,0,0,6.0
30,33000,RENT,4.0,MEDICAL,C,1000,14.79,0,0.03,N,10,0,0,19.0
24,60000,RENT,0.0,PERSONAL,B,20000,10.99,1,0.33,N,2,1,1,99.0
25,121000,MORTGAGE,6.0,VENTURE,B,13000,10.99,0,0.11,N,2,0,0,1.0
25,26729,RENT,5.0,VENTURE,B,7300,11.14,0,0.27,N,4,0,0,5.0
28,15360,RENT,2.0,PERSONAL,B,5375,9.91,1,0.35,N,5,1,1,100.0
34,30000,RENT,2.0,PERSONAL,A,12000,7.49,1,0.4,N,6,1,1,100.0
22,91000,OWN,5.0,EDUCATION,A,15000,7.88,0,0.16,N,3,0,0,0.0
27,37404,OWN,4.0,HOMEIMPROVEMENT,A,6000,5.42,0,0.16,N,6,0,0,11.0
30,125000,RENT,3.0,HOMEIMPROVEMENT,B,10000,10.74,0,0.08,N,6,0,0,3.0
25,46000,RENT,1.0,MEDICAL,B,9500,10.99,0,0.21,N,3,0,0,3.0
28,123000,MORTGAGE,3.0,DEBTCONSOLIDATION,C,15000,13.85,0,0.12,Y,9,1,0,0.0
24,96000,MORTGAGE,8.0,VENTURE,A,4200,5.99,0,0.04,N,3,0,0,0.0
22,18000,RENT,0.0,VENTURE,C,3500,13.48,1,0.19,Y,2,1,1,97.0
27,40800,MORTGAGE,6.0,HOMEIMPROVEMENT,B,8000,12.69,0,0.2,N,6,0,0,7.000000000000001
21,15996,RENT,3.0,MEDICAL,D,4800,15.37,1,0.3,Y,3,1,1,99.0
28,96000,MORTGAGE,5.0,HOMEIMPROVEMENT,D,11250,17.58,0,0.12,N,5,0,0,8.0
24,72096,RENT,2.0,HOMEIMPROVEMENT,A,4800,7.14,0,0.07,N,2,0,0,3.0
37,77000,RENT,6.0,MEDICAL,A,10800,7.14,0,0.14,N,17,0,0,0.0
27,70000,MORTGAGE,8.0,VENTURE,B,12000,9.91,0,0.17,N,6,0,0,2.0
29,54000,RENT,12.0,PERSONAL,B,10000,11.71,0,0.19,N,7,1,0,20.0
24,52000,OWN,8.0,EDUCATION,B,4000,10.62,0,0.08,N,4,0,0,3.0
28,40000,RENT,1.0,MEDICAL,B,6500,10.74,0,0.16,N,6,0,0,5.0
25,34000,MORTGAGE,0.0,MEDICAL,C,10000,12.87,0,0.29,Y,4,0,0,40.0
31,12000,RENT,2.0,EDUCATION,B,2400,11.71,1,0.2,N,10,1,1,100.0
30,32004,RENT,1.0,PERSONAL,B,24250,11.12,1,0.76,N,5,1,1,95.0
34,108000,RENT,0.0,HOMEIMPROVEMENT,D,12350,14.96,1,0.11,Y,7,1,1,89.0
26,72000,MORTGAGE,10.0,MEDICAL,B,17000,10.65,0,0.24,N,4,0,0,6.0
25,86004,MORTGAGE,3.0,PERSONAL,A,15000,6.91,0,0.17,N,4,1,0,1.0
25,12000,RENT,4.0,DEBTCONSOLIDATION,B,3600,9.62,1,0.3,N,2,1,1,99.0
23,65000,MORTGAGE,0.0,EDUCATION,A,8200,6.62,0,0.13,N,4,0,0,0.0
24,74000,RENT,1.0,HOMEIMPROVEMENT,D,16800,15.65,1,0.23,Y,3,1,1,90.0
24,56000,OWN,8.0,EDUCATION,B,2000,11.49,0,0.04,N,2,0,0,7.000000000000001
23,45000,RENT,2.0,PERSONAL,B,11200,10.59,0,0.25,N,4,0,0,7.000000000000001
23,116000,RENT,7.0,VENTURE,A,11000,8.94,0,0.09,N,2,0,0,2.0
24,60629,RENT,7.0,HOMEIMPROVEMENT,A,10000,7.51,0,0.16,N,2,0,0,6.0
24,40000,OWN,4.0,MEDICAL,A,1000,7.37,0,0.03,N,2,0,0,1.0
24,39000,RENT,8.0,PERSONAL,D,7000,14.42,0,0.18,N,4,1,0,34.0
22,33000,RENT,4.0,MEDICAL,A,6500,6.17,0,0.2,N,4,0,0,6.0
23,50000,RENT,7.0,EDUCATION,B,4800,10.37,0,0.1,N,3,0,0,5.0
32,42000,RENT,1.0,DEBTCONSOLIDATION,A,5800,9.32,0,0.14,N,10,0,0,5.0
36,76800,MORTGAGE,18.0,PERSONAL,A,6200,5.99,0,0.08,N,17,0,0,6.0
26,51500,OWN,10.0,HOMEIMPROVEMENT,A,15000,6.92,0,0.29,N,2,0,0,8.0
27,52000,RENT,3.0,PERSONAL,B,12250,11.36,0,0.24,N,5,0,0,4.0
22,18996,RENT,3.0,EDUCATION,D,3200,15.28,1,0.17,Y,3,1,1,73.0
25,31000,RENT,1.0,HOMEIMPROVEMENT,D,6450,14.42,1,0.21,Y,3,1,1,99.0
23,43949,RENT,7.0,MEDICAL,B,3000,11.49,0,0.07,N,2,0,0,9.0
33,153000,MORTGAGE,11.0,VENTURE,C,10000,14.79,0,0.07,Y,5,0,0,10.0
26,42000,RENT,4.0,DEBTCONSOLIDATION,B,14000,9.45,1,0.33,N,2,1,1,90.0
21,32000,RENT,6.0,MEDICAL,D,12000,15.31,1,0.38,Y,2,1,1,100.0
25,70000,RENT,9.0,HOMEIMPROVEMENT,D,15000,16.02,0,0.21,N,4,0,0,36.0
25,42288,RENT,2.0,EDUCATION,B,5000,10.99,0,0.12,N,2,0,0,5.0
28,200000,MORTGAGE,7.0,PERSONAL,A,10000,6.99,0,0.05,N,7,0,0,0.0
38,40246,MORTGAGE,7.0,HOMEIMPROVEMENT,A,12000,8.9,0,0.3,N,15,0,0,11.0
23,122000,MORTGAGE,7.0,EDUCATION,C,16000,13.49,0,0.13,N,2,0,0,6.0
28,65004,RENT,12.0,PERSONAL,A,10000,7.88,0,0.15,N,6,0,0,2.0
32,75000,RENT,3.0,HOMEIMPROVEMENT,A,10000,7.29,0,0.13,N,10,0,0,0.0
37,71400,MORTGAGE,7.0,MEDICAL,E,3100,20.69,1,0.04,Y,14,1,1,73.0
25,72000,MORTGAGE,9.0,DEBTCONSOLIDATION,C,10000,14.27,0,0.14,N,3,1,0,16.0
25,39000,RENT,9.0,MEDICAL,A,5000,7.49,0,0.13,N,4,0,0,9.0
24,57000,MORTGAGE,9.0,MEDICAL,C,6500,13.04,0,0.11,Y,4,1,0,19.0
34,33600,MORTGAGE,4.0,EDUCATION,B,6000,10.99,0,0.18,N,6,0,0,13.0
24,75000,MORTGAGE,8.0,PERSONAL,B,1200,11.49,0,0.02,N,2,0,0,11.0
22,21600,RENT,6.0,PERSONAL,D,1600,15.31,1,0.07,Y,4,0,1,64.0
37,55236,MORTGAGE,9.0,VENTURE,A,6500,6.03,0,0.12,N,16,0,0,0.0
31,150000,RENT,0.0,HOMEIMPROVEMENT,B,12000,10.74,0,0.08,N,9,0,0,3.0
35,38000,MORTGAGE,10.0,VENTURE,A,9600,7.49,0,0.25,N,9,0,0,0.0
26,38400,RENT,7.0,VENTURE,C,3200,13.49,0,0.08,N,2,0,0,18.0
25,30500,RENT,5.0,MEDICAL,B,6400,11.49,0,0.21,N,4,0,0,11.0
22,37000,RENT,0.0,PERSONAL,B,7000,10.95,0,0.19,N,4,0,0,9.0
31,81000,RENT,1.0,PERSONAL,D,15000,14.42,1,0.19,N,6,1,1,76.0
26,56000,MORTGAGE,10.0,EDUCATION,A,6000,5.42,0,0.11,N,4,0,0,15.0
29,96000,RENT,3.0,HOMEIMPROVEMENT,B,6400,11.49,0,0.07,N,8,0,0,1.0
25,54503,RENT,9.0,EDUCATION,A,6300,7.51,0,0.12,N,2,0,0,7.000000000000001
31,42000,RENT,1.0,VENTURE,C,20000,13.57,1,0.48,N,6,1,1,98.0
22,60000,MORTGAGE,7.0,EDUCATION,B,10950,11.11,0,0.18,N,3,0,0,5.0
35,52000,RENT,2.0,VENTURE,B,9000,10.99,0,0.17,N,9,0,0,1.0
24,98004,MORTGAGE,5.0,HOMEIMPROVEMENT,A,2500,8.49,0,0.03,N,3,1,0,2.0
23,55000,RENT,8.0,MEDICAL,B,4000,10.99,0,0.07,N,2,0,0,17.0
21,68100,MORTGAGE,5.0,DEBTCONSOLIDATION,E,17500,17.19,1,0.26,N,4,1,1,84.0
27,48000,OWN,3.0,VENTURE,B,24000,9.91,0,0.5,N,9,0,0,5.0
27,60500,RENT,6.0,MEDICAL,B,2400,12.69,0,0.04,N,8,0,0,9.0
23,75000,MORTGAGE,3.0,EDUCATION,A,4900,7.74,0,0.07,N,4,0,0,9.0
24,47000,RENT,7.0,VENTURE,A,6000,8.9,0,0.13,N,3,0,0,0.0
22,55000,RENT,6.0,EDUCATION,A,6000,6.62,0,0.11,N,2,0,0,0.0
37,900000,MORTGAGE,5.0,PERSONAL,C,25000,12.87,0,0.03,Y,13,0,0,24.0
25,34000,MORTGAGE,9.0,DEBTCONSOLIDATION,A,2000,7.66,0,0.06,N,4,1,0,49.0
30,108000,RENT,1.0,PERSONAL,D,8000,14.96,1,0.07,Y,7,1,1,92.0
21,29760,RENT,1.0,DEBTCONSOLIDATION,B,8500,10.62,0,0.29,N,2,0,0,33.0
24,64000,MORTGAGE,8.0,VENTURE,B,4000,10.0,0,0.06,N,2,0,0,3.0
33,84000,MORTGAGE,17.0,VENTURE,A,20000,5.99,0,0.24,N,8,0,0,3.0
43,28000,MORTGAGE,4.0,HOMEIMPROVEMENT,D,6250,15.31,0,0.22,Y,13,1,0,34.0
22,39300,MORTGAGE,5.0,EDUCATION,D,5325,14.59,0,0.14,Y,3,0,0,23.0
33,130000,MORTGAGE,7.0,PERSONAL,A,2400,5.42,0,0.02,N,7,0,0,0.0
26,45000,MORTGAGE,6.0,VENTURE,A,5000,6.99,0,0.11,N,2,0,0,3.0
23,46800,MORTGAGE,4.0,PERSONAL,A,5000,6.99,0,0.11,N,2,0,0,0.0
22,36000,RENT,3.0,EDUCATION,D,9600,17.27,0,0.27,Y,4,1,0,28.999999999999996
40,36100,RENT,9.0,VENTURE,B,15250,12.53,1,0.42,N,16,1,1,94.0
22,78000,OTHER,4.0,PERSONAL,B,5600,10.99,0,0.07,N,2,0,0,14.000000000000002
28,145000,MORTGAGE,9.0,VENTURE,B,25000,10.99,0,0.17,N,9,0,0,0.0
21,35000,RENT,6.0,PERSONAL,C,5000,14.79,0,0.14,N,2,1,0,19.0
30,72000,MORTGAGE,3.0,MEDICAL,C,9000,14.22,0,0.13,Y,6,0,0,18.0
36,117000,MORTGAGE,3.0,HOMEIMPROVEMENT,C,20400,13.06,0,0.17,N,11,0,0,10.0
34,25000,RENT,0.0,VENTURE,B,5325,10.99,0,0.21,N,7,0,0,4.0
30,85000,MORTGAGE,14.0,MEDICAL,A,6000,5.42,0,0.07,N,8,0,0,0.0
39,55000,MORTGAGE,8.0,PERSONAL,A,10000,5.42,0,0.18,N,16,0,0,9.0
27,38000,MORTGAGE,3.0,VENTURE,B,4500,9.99,0,0.12,N,7,0,0,1.0
39,708000,MORTGAGE,14.0,DEBTCONSOLIDATION,B,25000,12.18,0,0.04,N,12,0,0,9.0
25,115000,MORTGAGE,4.0,PERSONAL,A,20000,6.91,0,0.17,N,4,0,0,0.0
26,36000,MORTGAGE,3.0,HOMEIMPROVEMENT,A,5400,7.51,0,0.15,N,4,0,0,1.0
22,51000,RENT,6.0,VENTURE,B,5650,9.91,0,0.11,N,4,0,0,0.0
24,41500,MORTGAGE,8.0,EDUCATION,A,8500,7.14,0,0.2,N,4,0,0,6.0
32,80000,RENT,6.0,HOMEIMPROVEMENT,B,1500,10.74,0,0.02,N,10,0,0,4.0
28,75000,RENT,6.0,EDUCATION,A,8000,7.9,0,0.11,N,6,0,0,1.0
22,85000,MORTGAGE,7.0,EDUCATION,A,11700,8.59,0,0.14,N,3,0,0,1.0
38,66690,RENT,12.0,EDUCATION,D,20000,14.59,1,0.3,N,14,0,1,59.0
24,45204,RENT,0.0,MEDICAL,A,12000,7.51,0,0.27,N,4,0,0,0.0
22,24000,RENT,3.0,PERSONAL,B,3000,10.99,0,0.13,N,4,0,0,9.0
24,44208,MORTGAGE,2.0,VENTURE,A,7000,7.51,0,0.16,N,3,0,0,2.0
27,150792,MORTGAGE,11.0,PERSONAL,B,6000,11.71,0,0.04,N,9,0,0,4.0
30,30000,RENT,11.0,MEDICAL,B,1000,10.99,0,0.03,N,10,1,0,18.0
25,85000,MORTGAGE,9.0,DEBTCONSOLIDATION,B,24000,10.99,0,0.28,N,4,0,0,3.0
29,25000,MORTGAGE,5.0,DEBTCONSOLIDATION,A,7475,8.49,0,0.3,N,6,0,0,4.0
26,59000,RENT,7.0,MEDICAL,D,6000,16.49,1,0.1,N,2,1,1,90.0
23,48000,RENT,0.0,VENTURE,B,10000,9.25,0,0.21,N,3,0,0,1.0
29,89520,OWN,13.0,EDUCATION,C,8000,13.23,0,0.09,Y,5,0,0,6.0
23,56400,MORTGAGE,4.0,EDUCATION,B,4000,11.49,0,0.07,N,4,0,0,19.0
26,84000,MORTGAGE,6.0,HOMEIMPROVEMENT,C,2150,13.47,0,0.03,N,2,0,0,8.0
24,79000,RENT,3.0,PERSONAL,C,7000,12.54,0,0.09,N,3,0,0,12.0
30,62000,MORTGAGE,4.0,PERSONAL,B,8000,10.99,0,0.13,N,10,0,0,7.000000000000001
23,80800,RENT,6.0,PERSONAL,A,12000,8.9,0,0.15,N,3,0,0,4.0
25,30000,RENT,3.0,EDUCATION,C,8500,13.98,0,0.28,Y,4,0,0,22.0
28,37090,RENT,2.0,DEBTCONSOLIDATION,B,3000,11.12,0,0.08,N,5,0,0,11.0
22,71400,RENT,3.0,VENTURE,C,5000,12.99,0,0.07,Y,4,0,0,18.0
26,65000,RENT,7.0,EDUCATION,D,6000,16.49,0,0.09,Y,2,0,0,21.0
24,57996,RENT,8.0,MEDICAL,D,2000,15.37,1,0.03,N,4,1,1,84.0
25,365000,MORTGAGE,7.0,VENTURE,B,35000,10.65,0,0.1,N,2,0,0,18.0
23,44500,MORTGAGE,4.0,EDUCATION,B,9250,9.62,0,0.21,N,3,0,0,9.0
29,120000,MORTGAGE,1.0,VENTURE,B,5000,9.91,0,0.04,N,7,0,0,0.0
31,17676,OWN,1.0,VENTURE,D,2500,14.74,0,0.14,Y,7,0,0,36.0
23,30000,RENT,0.0,EDUCATION,C,6300,14.35,0,0.21,N,4,0,0,25.0
28,54400,RENT,1.0,MEDICAL,D,8000,15.65,1,0.13,N,10,1,1,95.0
29,75996,OWN,3.0,VENTURE,B,8000,10.74,0,0.11,N,10,0,0,0.0
37,74000,RENT,0.0,EDUCATION,D,8000,16.89,1,0.11,N,15,1,1,85.0
33,98000,RENT,2.0,HOMEIMPROVEMENT,A,20000,6.91,0,0.2,N,7,0,0,1.0
25,53000,MORTGAGE,9.0,VENTURE,A,10800,7.51,0,0.2,N,2,0,0,4.0
23,150000,RENT,4.0,EDUCATION,B,25000,10.36,0,0.17,N,3,0,0,0.0
23,86400,OWN,0.0,EDUCATION,D,16000,11.86,0,0.19,N,3,0,0,16.0
27,66240,RENT,7.0,MEDICAL,A,5000,5.79,0,0.08,N,9,0,0,6.0
37,84000,MORTGAGE,11.0,HOMEIMPROVEMENT,C,8225,12.99,0,0.1,Y,11,0,0,18.0
44,57600,RENT,12.0,PERSONAL,A,7000,7.4,0,0.12,N,11,0,0,5.0
22,38400,RENT,6.0,DEBTCONSOLIDATION,B,3600,12.69,0,0.09,N,3,0,0,18.0
27,80500,RENT,2.0,PERSONAL,A,8000,8.49,0,0.1,N,9,0,0,2.0
27,31200,RENT,0.0,VENTURE,C,6000,13.49,0,0.19,Y,7,0,0,13.0
43,69996,RENT,18.0,MEDICAL,A,19200,7.49,0,0.27,N,11,0,0,4.0
32,65000,OWN,3.0,PERSONAL,C,12000,13.35,0,0.18,Y,9,0,0,2.0
24,64000,RENT,4.0,HOMEIMPROVEMENT,B,2500,11.14,0,0.04,N,3,1,0,15.0
29,76000,MORTGAGE,9.0,DEBTCONSOLIDATION,D,4400,16.29,1,0.06,Y,10,1,1,93.0
33,32400,RENT,6.0,MEDICAL,D,2500,15.33,1,0.08,Y,10,1,1,71.0
27,100000,MORTGAGE,2.0,MEDICAL,A,16000,6.54,0,0.16,N,5,0,0,0.0
28,25000,RENT,2.0,EDUCATION,C,3000,13.22,0,0.12,Y,8,0,0,4.0
24,22000,RENT,3.0,MEDICAL,C,4000,13.92,0,0.18,N,3,0,0,12.0
29,68000,RENT,1.0,EDUCATION,B,10000,10.65,0,0.15,N,5,0,0,1.0
23,90000,MORTGAGE,2.0,EDUCATION,A,5000,5.42,0,0.06,N,4,0,0,0.0
34,33666,RENT,4.0,DEBTCONSOLIDATION,D,8000,17.49,1,0.24,Y,5,1,1,89.0
34,53500,RENT,0.0,MEDICAL,A,3200,6.76,0,0.06,N,10,0,0,0.0
23,287000,RENT,3.0,EDUCATION,B,24250,12.53,0,0.08,N,3,0,0,6.0
26,50000,OWN,10.0,PERSONAL,A,14400,7.49,0,0.29,N,4,0,0,3.0
27,57240,OWN,4.0,MEDICAL,B,15000,11.99,0,0.26,N,10,0,0,1.0
24,47211,OWN,8.0,VENTURE,B,10000,11.83,0,0.21,N,3,0,0,2.0
39,52273,RENT,3.0,EDUCATION,B,5000,10.99,0,0.1,N,17,0,0,20.0
30,66000,MORTGAGE,4.0,VENTURE,A,12000,7.51,0,0.18,N,9,0,0,0.0
22,100000,MORTGAGE,3.0,EDUCATION,B,12000,11.11,0,0.12,N,4,0,0,0.0
36,42000,RENT,21.0,HOMEIMPROVEMENT,A,1000,7.51,0,0.02,N,14,1,0,46.0
27,90000,OWN,1.0,VENTURE,A,7500,7.51,0,0.08,N,6,0,0,0.0
26,95459,RENT,10.0,DEBTCONSOLIDATION,C,4400,13.8,0,0.05,N,4,0,0,0.0
23,60000,MORTGAGE,6.0,DEBTCONSOLIDATION,C,7000,12.99,0,0.12,N,4,0,0,3.0
27,73000,MORTGAGE,11.0,EDUCATION,A,17000,7.88,0,0.23,N,6,0,0,8.0
23,75000,MORTGAGE,0.0,MEDICAL,C,9500,13.49,0,0.13,Y,4,0,0,12.0
30,38000,RENT,0.0,MEDICAL,A,12800,5.79,1,0.34,N,8,1,1,88.0
28,99996,MORTGAGE,6.0,VENTURE,A,10000,5.42,0,0.1,N,8,0,0,0.0
28,47000,RENT,4.0,PERSONAL,A,2800,6.99,0,0.06,N,7,0,0,4.0
31,54996,RENT,6.0,PERSONAL,A,5000,7.49,0,0.09,N,10,0,0,3.0
23,42500,RENT,1.0,PERSONAL,C,6200,13.92,0,0.15,N,2,0,0,12.0
26,27600,RENT,0.0,MEDICAL,A,4725,6.54,0,0.17,N,2,0,0,5.0
32,54000,RENT,7.0,DEBTCONSOLIDATION,D,1500,14.42,1,0.03,N,9,1,1,91.0
26,78000,RENT,0.0,HOMEIMPROVEMENT,E,24250,17.56,1,0.31,Y,3,1,1,99.0
27,36000,MORTGAGE,5.0,PERSONAL,A,5000,7.49,0,0.14,N,10,0,0,5.0
37,25000,RENT,5.0,MEDICAL,D,10000,16.29,1,0.4,N,11,1,1,99.0
24,41000,RENT,2.0,HOMEIMPROVEMENT,D,25000,15.31,1,0.61,N,3,1,1,100.0
35,88020,RENT,6.0,PERSONAL,D,6000,15.37,0,0.07,Y,8,0,0,22.0
23,85000,MORTGAGE,3.0,EDUCATION,C,20000,13.49,0,0.24,Y,4,0,0,9.0
25,17400,RENT,0.0,EDUCATION,B,3000,11.83,1,0.17,N,4,1,1,97.0
35,67600,RENT,7.0,PERSONAL,B,16000,11.58,0,0.24,N,5,0,0,16.0
32,140000,MORTGAGE,14.0,HOMEIMPROVEMENT,A,12000,7.49,0,0.09,N,8,0,0,3.0
22,108000,RENT,1.0,HOMEIMPROVEMENT,D,24150,14.96,1,0.22,Y,3,1,1,87.0
23,42500,MORTGAGE,7.0,EDUCATION,A,7500,8.49,0,0.18,N,3,0,0,15.0
33,26000,MORTGAGE,1.0,DEBTCONSOLIDATION,B,15000,9.76,0,0.58,N,6,1,0,32.0
22,26000,OWN,2.0,EDUCATION,A,7100,7.49,0,0.27,N,2,0,0,2.0
31,57000,MORTGAGE,10.0,EDUCATION,B,8000,9.88,0,0.14,N,9,0,0,12.0
25,118000,MORTGAGE,8.0,HOMEIMPROVEMENT,A,15000,7.88,0,0.13,N,4,0,0,0.0
23,65000,MORTGAGE,0.0,EDUCATION,C,8500,15.23,0,0.13,Y,3,0,0,26.0
24,55200,MORTGAGE,0.0,MEDICAL,D,6000,14.42,1,0.11,Y,2,1,1,85.0
30,113000,MORTGAGE,4.0,DEBTCONSOLIDATION,D,30000,15.62,1,0.27,Y,8,1,1,84.0
45,88000,RENT,12.0,HOMEIMPROVEMENT,D,15000,14.83,0,0.17,Y,12,0,0,18.0
40,133000,RENT,2.0,EDUCATION,D,35000,14.54,1,0.26,Y,17,1,1,78.0
31,28800,RENT,1.0,VENTURE,B,5000,9.25,0,0.17,N,7,0,0,2.0
24,36000,OWN,5.0,PERSONAL,B,8000,10.65,0,0.22,N,2,0,0,11.0
35,20000,RENT,4.0,EDUCATION,D,6000,15.99,1,0.3,N,5,0,1,69.0
26,125000,MORTGAGE,3.0,EDUCATION,D,24000,15.28,0,0.19,Y,4,0,0,10.0
28,58800,MORTGAGE,11.0,VENTURE,A,5500,6.76,0,0.09,N,9,0,0,3.0
31,101000,RENT,2.0,EDUCATION,C,7500,13.22,0,0.07,Y,5,0,0,9.0
28,46000,MORTGAGE,3.0,EDUCATION,D,16750,14.96,0,0.36,N,6,0,0,28.000000000000004
23,45000,MORTGAGE,7.0,VENTURE,A,5000,6.76,0,0.11,N,3,0,0,0.0
28,105000,MORTGAGE,8.0,VENTURE,B,12000,9.63,0,0.11,N,10,0,0,1.0
26,63000,RENT,4.0,VENTURE,D,7000,14.84,0,0.11,N,2,0,0,17.0
29,148716,RENT,4.0,PERSONAL,C,24250,13.23,0,0.16,Y,9,0,0,6.0
23,99000,RENT,7.0,EDUCATION,D,20000,15.28,0,0.2,N,4,0,0,14.000000000000002
33,55259,RENT,15.0,EDUCATION,D,11200,17.49,0,0.2,N,5,0,0,25.0
21,36000,RENT,1.0,MEDICAL,D,4500,17.27,1,0.13,N,4,1,1,94.0
31,371000,MORTGAGE,0.0,HOMEIMPROVEMENT,A,5875,7.74,0,0.02,N,9,0,0,2.0
23,60000,RENT,2.0,EDUCATION,A,8000,8.94,0,0.13,N,3,0,0,7.000000000000001
22,108000,OWN,2.0,VENTURE,C,8000,15.27,0,0.07,Y,2,0,0,3.0
22,22000,MORTGAGE,6.0,EDUCATION,B,7000,11.71,0,0.32,N,2,0,0,30.0
22,25000,OWN,4.0,VENTURE,A,5000,6.03,0,0.2,N,3,0,0,1.0
31,110000,MORTGAGE,5.0,VENTURE,D,5000,14.96,0,0.05,Y,9,0,0,1.0
28,201000,OWN,4.0,VENTURE,A,12000,7.49,0,0.06,N,8,0,0,0.0
22,72204,RENT,2.0,EDUCATION,C,6700,13.47,0,0.09,Y,4,0,0,3.0
30,168000,MORTGAGE,8.0,EDUCATION,A,10000,8.94,0,0.06,N,5,1,0,5.0
25,48000,RENT,3.0,DEBTCONSOLIDATION,B,2000,10.74,0,0.04,N,3,0,0,8.0
27,130000,RENT,11.0,EDUCATION,C,12000,15.23,0,0.09,Y,10,0,0,7.000000000000001
29,54000,MORTGAGE,1.0,VENTURE,D,10000,16.89,0,0.19,N,5,0,0,36.0
24,80000,RENT,2.0,MEDICAL,B,24000,10.25,0,0.3,N,2,0,0,8.0
29,22500,RENT,1.0,EDUCATION,B,6000,11.83,0,0.27,N,9,0,0,9.0
22,50000,RENT,6.0,DEBTCONSOLIDATION,B,7200,10.99,0,0.14,N,4,0,0,16.0
35,120000,RENT,4.0,VENTURE,B,12000,10.99,0,0.1,N,5,0,0,0.0
27,47000,RENT,0.0,DEBTCONSOLIDATION,E,24000,17.14,1,0.51,N,5,1,1,100.0
27,138000,RENT,2.0,DEBTCONSOLIDATION,B,4000,11.71,0,0.03,N,10,1,0,6.0
33,28800,RENT,5.0,MEDICAL,B,4000,9.88,0,0.14,N,5,0,0,16.0
27,65000,MORTGAGE,2.0,DEBTCONSOLIDATION,B,10000,12.53,0,0.15,N,7,0,0,6.0
43,54000,RENT,0.0,PERSONAL,D,9000,15.65,1,0.17,Y,14,1,1,96.0
26,26004,MORTGAGE,5.0,HOMEIMPROVEMENT,B,6000,11.99,0,0.23,N,2,0,0,24.0
33,115000,OWN,2.0,VENTURE,B,14400,11.14,0,0.13,N,5,0,0,0.0
26,30000,RENT,9.0,VENTURE,B,2000,11.49,0,0.07,N,3,0,0,7.000000000000001
31,76000,MORTGAGE,5.0,PERSONAL,C,5000,12.41,0,0.07,Y,9,1,0,19.0
26,67260,MORTGAGE,9.0,HOMEIMPROVEMENT,A,6500,7.14,0,0.1,N,2,0,0,3.0
21,20000,RENT,2.0,MEDICAL,A,9000,7.51,1,0.45,N,4,1,1,97.0
24,100000,MORTGAGE,8.0,MEDICAL,A,10750,6.99,0,0.11,N,4,0,0,0.0
33,115000,MORTGAGE,1.0,DEBTCONSOLIDATION,A,16800,5.42,0,0.15,N,6,0,0,3.0
26,90000,MORTGAGE,2.0,EDUCATION,C,25000,11.09,0,0.28,N,4,0,0,10.0
35,36000,RENT,1.0,EDUCATION,A,3000,5.42,0,0.08,N,5,0,0,5.0
25,25000,RENT,3.0,PERSONAL,D,10000,14.11,1,0.4,Y,2,1,1,98.0
24,40000,RENT,1.0,MEDICAL,C,3000,14.22,0,0.07,N,4,0,0,6.0
25,64000,MORTGAGE,10.0,MEDICAL,A,5000,7.29,0,0.08,N,2,0,0,6.0
22,38400,OWN,5.0,EDUCATION,C,10000,13.99,0,0.26,N,4,0,0,1.0
34,50725,RENT,1.0,PERSONAL,C,5400,13.16,0,0.11,Y,9,0,0,0.0
27,95800,RENT,1.0,DEBTCONSOLIDATION,B,2500,11.58,0,0.03,N,9,0,0,1.0
32,99996,MORTGAGE,16.0,DEBTCONSOLIDATION,A,7000,7.14,0,0.07,N,10,0,0,0.0
40,58000,MORTGAGE,9.0,EDUCATION,E,8000,18.79,0,0.14,Y,12,0,0,44.0
23,23000,RENT,2.0,EDUCATION,A,8875,8.9,1,0.39,N,2,1,1,99.0
36,100000,RENT,14.0,DEBTCONSOLIDATION,A,5000,7.66,0,0.05,N,11,0,0,2.0
62,62050,MORTGAGE,29.0,MEDICAL,C,25000,13.43,0,0.34,Y,28,1,0,42.0
22,29000,RENT,6.0,MEDICAL,C,4800,12.99,0,0.17,Y,4,0,0,40.0
23,21600,RENT,2.0,HOMEIMPROVEMENT,D,6000,14.42,1,0.28,N,2,1,1,93.0
29,56500,RENT,3.0,MEDICAL,B,7000,10.99,0,0.12,N,8,1,0,49.0
28,45000,RENT,0.0,EDUCATION,A,4000,7.49,0,0.09,N,8,0,0,3.0
29,25000,RENT,3.0,MEDICAL,B,5000,10.95,0,0.2,N,10,0,0,3.0
21,36000,RENT,3.0,EDUCATION,C,5000,12.99,0,0.14,N,4,0,0,42.0
23,45600,MORTGAGE,3.0,VENTURE,C,12000,14.65,0,0.26,Y,2,0,0,21.0
21,85000,RENT,5.0,PERSONAL,B,3200,10.25,0,0.04,N,4,0,0,9.0
24,100000,MORTGAGE,1.0,EDUCATION,B,6600,9.91,0,0.07,N,2,0,0,2.0
27,72000,MORTGAGE,1.0,DEBTCONSOLIDATION,B,10000,10.99,0,0.14,N,9,0,0,6.0
25,54300,MORTGAGE,4.0,PERSONAL,A,8000,6.92,0,0.15,N,4,0,0,5.0
22,33600,OWN,4.0,PERSONAL,C,12000,13.06,0,0.36,Y,4,0,0,4.0
29,67422,MORTGAGE,13.0,EDUCATION,B,12800,11.49,0,0.19,N,8,0,0,9.0
37,65000,RENT,2.0,DEBTCONSOLIDATION,A,10000,5.42,0,0.15,N,14,0,0,3.0
22,128000,MORTGAGE,6.0,VENTURE,A,21600,6.91,0,0.17,N,4,0,0,0.0
28,120000,MORTGAGE,0.0,PERSONAL,B,20000,10.99,0,0.17,N,5,0,0,2.0
24,37000,RENT,5.0,VENTURE,A,9000,7.14,0,0.24,N,2,0,0,2.0
24,23500,MORTGAGE,2.0,DEBTCONSOLIDATION,B,7000,10.38,0,0.3,N,3,0,0,15.0
28,24000,MORTGAGE,12.0,DEBTCONSOLIDATION,A,5000,9.32,0,0.21,N,10,0,0,16.0
27,120000,MORTGAGE,4.0,HOMEIMPROVEMENT,D,25000,16.07,0,0.21,Y,10,0,0,24.0
30,23000,RENT,1.0,MEDICAL,B,950,10.99,0,0.04,N,6,0,0,20.0
24,75000,RENT,6.0,HOMEIMPROVEMENT,B,15000,11.71,0,0.2,N,4,0,0,3.0
23,80000,MORTGAGE,4.0,EDUCATION,B,25000,10.25,0,0.31,N,4,0,0,3.0
25,31200,RENT,2.0,EDUCATION,A,7000,7.88,0,0.22,N,2,0,0,4.0
25,30000,OWN,4.0,DEBTCONSOLIDATION,D,10000,14.61,0,0.33,Y,2,0,0,23.0
29,42000,RENT,0.0,PERSONAL,E,15000,14.25,1,0.36,N,9,1,1,100.0
28,60000,RENT,4.0,HOMEIMPROVEMENT,A,10000,6.54,0,0.17,N,9,0,0,1.0
28,58650,RENT,13.0,MEDICAL,B,20000,10.59,1,0.29,N,8,1,1,55.00000000000001
26,50000,OWN,7.0,MEDICAL,A,12000,8.49,0,0.24,N,4,0,0,3.0
34,65000,RENT,3.0,PERSONAL,D,15000,15.31,0,0.23,Y,6,0,0,27.0
25,48000,MORTGAGE,2.0,VENTURE,B,5000,10.99,0,0.1,N,4,0,0,2.0
21,36662,OWN,4.0,VENTURE,B,18000,10.25,0,0.49,N,4,0,0,5.0
25,110000,MORTGAGE,4.0,VENTURE,B,7000,9.88,0,0.06,N,2,0,0,1.0
24,79050,RENT,2.0,MEDICAL,B,2100,9.91,0,0.02,N,4,1,0,11.0
28,131040,MORTGAGE,0.0,VENTURE,C,10000,13.35,0,0.08,Y,10,0,0,1.0
30,46000,OWN,10.0,HOMEIMPROVEMENT,C,11200,14.27,0,0.24,Y,10,0,0,8.0
23,95000,MORTGAGE,7.0,EDUCATION,A,35000,7.9,0,0.37,N,4,0,0,2.0
40,148350,MORTGAGE,11.0,HOMEIMPROVEMENT,A,5000,6.03,0,0.03,N,16,0,0,0.0
24,108000,MORTGAGE,1.0,DEBTCONSOLIDATION,D,25000,13.99,1,0.23,Y,2,1,1,79.0
22,56650,MORTGAGE,2.0,MEDICAL,B,6500,10.65,0,0.11,N,2,0,0,31.0
33,77000,RENT,7.0,HOMEIMPROVEMENT,D,13000,15.31,0,0.17,N,7,0,0,8.0
33,120000,RENT,1.0,PERSONAL,C,9150,13.99,0,0.08,N,5,0,0,17.0
29,92004,MORTGAGE,12.0,VENTURE,B,10000,9.63,0,0.11,N,6,0,0,0.0
29,59000,RENT,3.0,DEBTCONSOLIDATION,B,6000,10.37,0,0.1,N,7,0,0,18.0
22,65000,MORTGAGE,0.0,PERSONAL,A,7200,8.9,0,0.11,N,2,0,0,6.0
24,77300,RENT,4.0,PERSONAL,A,3350,7.49,0,0.04,N,3,0,0,3.0
28,36000,RENT,2.0,HOMEIMPROVEMENT,B,7500,10.39,1,0.21,N,9,1,1,57.99999999999999
21,25000,RENT,6.0,EDUCATION,B,6925,11.71,0,0.28,N,3,0,0,5.0
26,78948,MORTGAGE,3.0,MEDICAL,B,17500,11.83,0,0.22,N,2,0,0,9.0
24,85000,RENT,0.0,MEDICAL,C,15000,13.11,0,0.18,N,3,0,0,5.0
22,35000,RENT,1.0,EDUCATION,C,2400,13.49,0,0.07,Y,4,0,0,27.0
26,157200,MORTGAGE,1.0,DEBTCONSOLIDATION,B,20000,12.18,0,0.13,N,3,0,0,4.0
23,74000,MORTGAGE,7.0,PERSONAL,B,2100,10.99,0,0.03,N,4,1,0,8.0
26,40000,RENT,4.0,MEDICAL,B,15000,10.99,1,0.38,N,3,1,1,100.0
32,30000,RENT,1.0,MEDICAL,B,11450,9.99,1,0.38,N,6,1,1,100.0
38,72900,RENT,3.0,PERSONAL,C,15000,12.68,0,0.21,N,12,0,0,2.0
28,74600,OWN,12.0,PERSONAL,C,9500,10.78,0,0.13,N,9,0,0,6.0
22,58000,RENT,6.0,EDUCATION,B,3000,11.83,0,0.05,N,2,0,0,6.0
25,54996,RENT,3.0,HOMEIMPROVEMENT,B,12000,10.37,0,0.22,N,2,0,0,11.0
24,108000,MORTGAGE,3.0,EDUCATION,A,9050,5.42,0,0.08,N,2,0,0,0.0
30,38000,RENT,2.0,EDUCATION,A,6500,7.14,0,0.17,N,9,0,0,2.0
21,22200,RENT,2.0,DEBTCONSOLIDATION,D,2500,16.29,1,0.11,Y,2,1,1,99.0
29,91200,MORTGAGE,13.0,PERSONAL,B,2000,11.49,0,0.02,N,8,0,0,4.0
24,72800,MORTGAGE,0.0,HOMEIMPROVEMENT,B,2300,10.62,0,0.03,N,4,0,0,16.0
27,290000,MORTGAGE,0.0,MEDICAL,B,7875,9.99,0,0.03,N,6,0,0,5.0
28,68000,MORTGAGE,12.0,VENTURE,C,3250,13.23,0,0.05,N,7,0,0,2.0
25,55000,RENT,9.0,EDUCATION,B,9000,10.99,0,0.16,N,4,0,0,5.0
26,40000,MORTGAGE,10.0,HOMEIMPROVEMENT,C,12000,13.49,0,0.3,N,2,0,0,27.0
24,55000,RENT,3.0,EDUCATION,A,14500,6.62,0,0.26,N,2,0,0,4.0
25,50000,RENT,6.0,MEDICAL,A,4000,6.92,0,0.08,N,4,0,0,0.0
23,25000,RENT,3.0,VENTURE,B,10000,11.83,1,0.4,N,3,1,1,100.0
23,74000,RENT,7.0,DEBTCONSOLIDATION,B,24000,10.99,1,0.32,N,2,1,1,99.0
21,125000,MORTGAGE,0.0,PERSONAL,A,10000,7.51,0,0.08,N,2,0,0,0.0
24,120000,RENT,1.0,VENTURE,B,24000,12.69,0,0.2,N,4,0,0,4.0
26,96000,RENT,4.0,PERSONAL,D,1500,15.31,0,0.02,Y,2,0,0,38.0
32,57223,RENT,0.0,PERSONAL,B,15000,11.83,0,0.26,N,5,1,0,10.0
42,98603,MORTGAGE,19.0,MEDICAL,C,24250,14.22,0,0.21,N,14,1,0,35.0
25,62000,RENT,0.0,DEBTCONSOLIDATION,A,7400,6.99,0,0.12,N,2,0,0,6.0
22,25000,OWN,1.0,EDUCATION,A,11100,9.63,0,0.44,N,3,0,0,3.0
31,20400,OWN,0.0,MEDICAL,C,11000,11.03,0,0.54,Y,10,0,0,26.0
39,44000,RENT,11.0,MEDICAL,D,1800,14.91,1,0.04,N,17,1,1,57.99999999999999
36,48686,RENT,21.0,MEDICAL,D,12000,13.99,1,0.25,N,13,0,1,55.00000000000001
40,21600,RENT,2.0,HOMEIMPROVEMENT,D,3000,14.09,1,0.14,Y,13,1,1,84.0
21,29004,RENT,0.0,MEDICAL,D,7500,15.31,1,0.26,Y,2,1,1,94.0
56,71884,OWN,11.0,PERSONAL,B,7425,9.99,0,0.1,N,24,0,0,5.0
26,52000,MORTGAGE,10.0,HOMEIMPROVEMENT,B,10750,9.62,0,0.21,N,2,0,0,5.0
29,75000,RENT,5.0,VENTURE,A,6400,7.49,0,0.09,N,8,0,0,0.0
27,41500,RENT,0.0,MEDICAL,C,10000,11.09,0,0.24,Y,6,0,0,7.000000000000001
43,57000,MORTGAGE,0.0,EDUCATION,A,2725,7.49,0,0.05,N,12,0,0,5.0
23,90000,MORTGAGE,1.0,EDUCATION,A,4000,5.42,0,0.04,N,3,0,0,0.0
21,60000,RENT,5.0,MEDICAL,B,24000,10.75,1,0.4,N,2,1,1,99.0
41,37000,MORTGAGE,3.0,EDUCATION,C,6000,12.99,0,0.16,N,11,0,0,11.0
36,53126,RENT,1.0,MEDICAL,D,8000,15.31,1,0.15,N,11,1,1,97.0
21,42000,RENT,5.0,DEBTCONSOLIDATION,A,8500,7.51,0,0.2,N,4,0,0,8.0
24,37200,RENT,2.0,PERSONAL,B,6000,9.99,0,0.16,N,3,0,0,23.0
25,71328,MORTGAGE,3.0,EDUCATION,D,25000,14.96,0,0.35,Y,3,0,0,18.0
26,73200,MORTGAGE,10.0,VENTURE,C,17500,13.49,0,0.24,N,3,0,0,10.0
23,45000,MORTGAGE,2.0,EDUCATION,B,10000,11.11,0,0.22,N,3,0,0,0.0
25,125000,MORTGAGE,1.0,EDUCATION,B,20000,11.71,0,0.16,N,4,0,0,0.0
22,14400,RENT,0.0,VENTURE,D,4000,14.61,1,0.28,N,2,1,1,97.0
31,117000,MORTGAGE,5.0,HOMEIMPROVEMENT,A,3600,6.91,0,0.03,N,5,0,0,0.0
24,72000,MORTGAGE,1.0,PERSONAL,A,12000,5.42,0,0.17,N,2,0,0,3.0
25,59000,MORTGAGE,4.0,HOMEIMPROVEMENT,C,3600,12.98,0,0.06,N,3,1,0,28.999999999999996
22,25000,RENT,0.0,EDUCATION,C,2400,13.61,0,0.1,N,4,0,0,5.0
28,16000,RENT,2.0,DEBTCONSOLIDATION,E,5000,16.45,1,0.31,Y,7,1,1,100.0
33,15600,OWN,1.0,VENTURE,A,5900,7.49,1,0.38,N,7,1,1,100.0
25,50300,MORTGAGE,3.0,HOMEIMPROVEMENT,E,1000,18.39,1,0.02,Y,3,0,1,54.0
26,190000,MORTGAGE,3.0,VENTURE,B,20000,12.18,0,0.11,N,4,0,0,1.0
24,47928,RENT,1.0,MEDICAL,B,6000,12.53,0,0.13,N,2,0,0,1.0
23,49161,RENT,1.0,HOMEIMPROVEMENT,D,8000,13.17,1,0.16,Y,4,1,1,87.0
24,72984,MORTGAGE,3.0,PERSONAL,A,12000,7.49,0,0.16,N,4,0,0,1.0
33,54000,RENT,1.0,DEBTCONSOLIDATION,D,6500,14.96,1,0.12,Y,7,1,1,99.0
22,19200,MORTGAGE,3.0,EDUCATION,D,5000,15.33,1,0.26,Y,2,1,1,72.0
25,57000,OWN,5.0,PERSONAL,C,12000,13.23,0,0.21,N,3,0,0,5.0
34,24000,MORTGAGE,5.0,MEDICAL,B,2000,9.2,0,0.08,N,7,0,0,15.0
35,54000,RENT,1.0,MEDICAL,D,9000,14.46,1,0.17,N,9,1,1,98.0
23,100000,MORTGAGE,0.0,VENTURE,A,11000,8.49,0,0.11,N,2,0,0,0.0
35,94000,MORTGAGE,9.0,VENTURE,B,15000,9.88,0,0.16,N,10,0,0,0.0
27,36200,RENT,2.0,DEBTCONSOLIDATION,B,3600,10.99,0,0.1,N,10,0,0,16.0
23,98280,MORTGAGE,7.0,EDUCATION,A,9400,6.62,0,0.1,N,3,0,0,0.0
25,50000,RENT,0.0,HOMEIMPROVEMENT,B,6400,9.91,0,0.13,N,4,0,0,13.0
27,116899,MORTGAGE,12.0,DEBTCONSOLIDATION,B,12000,10.75,0,0.1,N,7,1,0,0.0
24,90000,MORTGAGE,8.0,HOMEIMPROVEMENT,E,24000,17.56,1,0.27,N,3,0,1,51.0
23,80000,MORTGAGE,7.0,VENTURE,B,22000,10.65,0,0.28,N,2,0,0,2.0
25,70550,RENT,6.0,MEDICAL,E,10000,16.77,1,0.12,N,3,1,1,71.0
28,48996,RENT,8.0,MEDICAL,D,15000,14.09,1,0.31,Y,5,1,1,97.0
26,60000,MORTGAGE,10.0,MEDICAL,A,12500,6.92,0,0.21,N,3,0,0,10.0
29,220000,MORTGAGE,0.0,EDUCATION,A,2500,6.99,0,0.01,N,5,0,0,6.0
34,138000,MORTGAGE,18.0,HOMEIMPROVEMENT,E,2400,19.91,0,0.02,Y,7,1,0,28.999999999999996
41,120000,MORTGAGE,8.0,MEDICAL,B,20000,10.25,0,0.17,N,11,0,0,0.0
23,68000,MORTGAGE,5.0,MEDICAL,B,11500,9.99,0,0.17,N,2,0,0,19.0
23,86000,MORTGAGE,2.0,PERSONAL,A,15000,6.03,0,0.17,N,2,0,0,1.0
21,28000,RENT,1.0,HOMEIMPROVEMENT,C,9700,11.34,1,0.35,N,2,1,1,97.0
24,12000,OWN,4.0,VENTURE,B,2500,12.69,1,0.21,N,3,1,1,94.0
25,49000,RENT,5.0,MEDICAL,B,15000,12.18,1,0.31,N,4,1,1,99.0
24,56000,RENT,0.0,EDUCATION,B,12800,10.99,0,0.23,N,4,0,0,0.0
23,65000,RENT,7.0,VENTURE,B,20000,11.49,1,0.31,N,3,1,1,97.0
23,24000,OWN,5.0,VENTURE,A,12000,7.49,0,0.5,N,4,0,0,12.0
27,28000,RENT,8.0,MEDICAL,A,12000,7.51,1,0.43,N,9,1,1,99.0
54,39000,MORTGAGE,4.0,PERSONAL,B,20000,10.71,0,0.51,N,19,0,0,20.0
30,40000,RENT,13.0,EDUCATION,B,12000,9.2,0,0.3,N,8,0,0,7.000000000000001
23,66000,RENT,1.0,EDUCATION,C,14000,12.99,0,0.21,N,3,0,0,1.0
23,60000,RENT,2.0,DEBTCONSOLIDATION,A,5000,6.91,0,0.08,N,3,0,0,1.0
30,42000,RENT,1.0,DEBTCONSOLIDATION,A,4000,7.88,0,0.1,N,6,0,0,5.0
23,42000,RENT,7.0,VENTURE,C,15000,13.49,1,0.36,N,3,1,1,98.0
26,35000,RENT,9.0,MEDICAL,C,2000,13.99,0,0.06,N,2,0,0,21.0
36,70000,MORTGAGE,6.0,DEBTCONSOLIDATION,A,6000,5.42,0,0.09,N,16,0,0,5.0
23,49000,MORTGAGE,6.0,DEBTCONSOLIDATION,A,9600,5.42,0,0.2,N,3,0,0,18.0
26,53595,MORTGAGE,3.0,PERSONAL,A,6000,7.88,0,0.11,N,2,0,0,5.0
25,84000,MORTGAGE,8.0,VENTURE,B,6000,10.62,0,0.07,N,4,0,0,0.0
36,62000,RENT,3.0,DEBTCONSOLIDATION,B,8000,11.12,0,0.13,N,13,0,0,7.000000000000001
29,55000,MORTGAGE,1.0,VENTURE,A,12625,7.9,0,0.23,N,6,0,0,0.0
27,40000,RENT,0.0,DEBTCONSOLIDATION,A,4800,7.49,0,0.12,N,8,0,0,1.0
21,41000,RENT,5.0,VENTURE,A,7000,5.79,0,0.17,N,2,0,0,2.0
22,44000,RENT,3.0,HOMEIMPROVEMENT,C,3600,13.43,1,0.08,Y,2,1,1,80.0
24,80000,MORTGAGE,8.0,MEDICAL,A,9000,7.49,0,0.11,N,4,0,0,0.0
26,73440,OWN,1.0,PERSONAL,B,35000,9.91,0,0.48,N,2,0,0,10.0
22,60000,RENT,5.0,MEDICAL,A,15000,7.49,0,0.25,N,4,0,0,1.0
23,114000,MORTGAGE,7.0,EDUCATION,C,8000,12.68,0,0.07,N,4,0,0,2.0
24,32000,RENT,5.0,MEDICAL,C,1900,13.49,0,0.06,Y,2,0,0,12.0
35,45000,MORTGAGE,4.0,DEBTCONSOLIDATION,A,7500,7.29,0,0.17,N,9,0,0,6.0
24,56100,RENT,7.0,MEDICAL,D,25000,16.49,1,0.38,N,4,1,1,100.0
24,40000,RENT,3.0,VENTURE,A,11800,6.92,0,0.29,N,4,0,0,0.0
25,21500,RENT,2.0,MEDICAL,C,7500,11.34,1,0.35,N,2,1,1,97.0
23,90000,MORTGAGE,7.0,VENTURE,A,4900,6.99,0,0.05,N,2,0,0,0.0
25,80000,MORTGAGE,5.0,DEBTCONSOLIDATION,A,18000,5.79,0,0.23,N,2,0,0,1.0
78,48000,RENT,41.0,MEDICAL,A,3000,7.51,0,0.06,N,25,0,0,27.0
32,40000,RENT,2.0,EDUCATION,A,7500,8.0,0,0.19,N,6,0,0,1.0
24,40000,MORTGAGE,3.0,VENTURE,B,3200,10.99,0,0.08,N,2,0,0,0.0
43,36000,MORTGAGE,5.0,VENTURE,B,5000,9.91,0,0.14,N,17,0,0,1.0
21,90996,MORTGAGE,5.0,PERSONAL,B,6000,9.99,0,0.07,N,2,0,0,3.0
23,46500,MORTGAGE,1.0,MEDICAL,A,5000,7.49,0,0.11,N,3,1,0,0.0
29,38000,MORTGAGE,5.0,EDUCATION,A,8000,8.59,0,0.21,N,6,0,0,11.0
33,77000,MORTGAGE,9.0,PERSONAL,A,12000,7.29,0,0.16,N,10,0,0,0.0
37,145124,MORTGAGE,21.0,PERSONAL,B,11375,10.99,1,0.08,N,14,1,1,56.99999999999999
26,30000,RENT,6.0,MEDICAL,B,11700,11.71,1,0.39,N,2,1,1,100.0
38,17280,OWN,0.0,VENTURE,D,1000,16.29,0,0.06,Y,13,0,0,21.0
30,54000,MORTGAGE,5.0,EDUCATION,A,5000,7.88,0,0.09,N,5,0,0,1.0
26,42000,RENT,1.0,VENTURE,D,1500,14.61,1,0.04,Y,3,1,1,90.0
26,80600,MORTGAGE,10.0,HOMEIMPROVEMENT,B,9600,10.99,0,0.12,N,3,0,0,3.0
27,70000,RENT,4.0,HOMEIMPROVEMENT,B,3700,10.99,0,0.05,N,5,1,0,3.0
29,60000,MORTGAGE,2.0,HOMEIMPROVEMENT,A,1500,6.03,0,0.03,N,9,0,0,1.0
24,38000,MORTGAGE,3.0,HOMEIMPROVEMENT,B,16000,10.99,0,0.42,N,3,0,0,8.0
32,37500,RENT,6.0,MEDICAL,A,5000,6.03,0,0.13,N,9,0,0,6.0
25,55000,MORTGAGE,2.0,EDUCATION,E,14000,15.68,0,0.25,Y,4,0,0,40.0
28,50000,MORTGAGE,12.0,EDUCATION,C,18000,13.49,0,0.36,Y,7,0,0,17.0
22,52000,MORTGAGE,2.0,MEDICAL,B,18000,9.88,0,0.35,N,4,0,0,13.0
28,350000,RENT,1.0,DEBTCONSOLIDATION,B,20000,10.99,0,0.06,N,9,0,0,2.0
23,33000,RENT,0.0,EDUCATION,B,4600,11.71,0,0.14,N,3,0,0,7.000000000000001
22,37008,RENT,2.0,EDUCATION,B,3600,12.42,0,0.1,N,4,0,0,8.0
27,31200,RENT,4.0,MEDICAL,A,10000,8.0,1,0.32,N,9,1,1,97.0
27,18000,MORTGAGE,0.0,VENTURE,A,2000,7.88,0,0.11,N,5,0,0,18.0
27,33000,RENT,2.0,MEDICAL,D,7500,15.65,1,0.23,Y,7,1,1,89.0
24,45996,RENT,1.0,MEDICAL,C,13000,13.47,0,0.28,Y,2,1,0,9.0
22,29000,RENT,2.0,EDUCATION,B,10500,9.99,1,0.36,N,3,1,1,99.0
26,8400,RENT,4.0,EDUCATION,A,3500,7.29,1,0.42,N,3,1,1,100.0
23,42806,MORTGAGE,7.0,EDUCATION,A,1000,7.51,0,0.02,N,2,0,0,4.0
39,45000,MORTGAGE,4.0,VENTURE,A,8625,7.49,0,0.19,N,13,0,0,0.0
27,61584,RENT,3.0,VENTURE,D,15000,15.21,0,0.24,N,6,0,0,32.0
35,105000,RENT,11.0,VENTURE,C,7250,13.49,0,0.07,Y,5,0,0,14.000000000000002
28,170000,MORTGAGE,0.0,EDUCATION,A,10000,7.49,0,0.06,N,5,0,0,1.0
27,25200,RENT,4.0,PERSONAL,D,3000,15.58,1,0.12,Y,6,1,1,57.99999999999999
33,95000,MORTGAGE,17.0,MEDICAL,A,12000,7.29,0,0.13,N,6,0,0,2.0
21,34800,RENT,3.0,MEDICAL,B,2000,11.71,0,0.06,N,3,0,0,18.0
29,218000,MORTGAGE,1.0,DEBTCONSOLIDATION,F,25000,19.04,1,0.11,Y,9,1,1,73.0
23,91000,MORTGAGE,4.0,VENTURE,E,8000,17.19,0,0.09,N,4,0,0,9.0
23,85000,MORTGAGE,8.0,EDUCATION,C,5000,14.35,0,0.06,N,3,0,0,4.0
36,61000,MORTGAGE,2.0,DEBTCONSOLIDATION,B,10000,10.25,0,0.16,N,12,0,0,7.000000000000001
25,44400,RENT,4.0,PERSONAL,D,2100,17.27,0,0.05,N,4,0,0,33.0
26,96000,RENT,0.0,HOMEIMPROVEMENT,B,1000,10.36,0,0.01,N,3,0,0,17.0
28,60589,MORTGAGE,1.0,HOMEIMPROVEMENT,B,2650,9.88,0,0.04,N,10,0,0,13.0
24,56500,RENT,1.0,HOMEIMPROVEMENT,B,10000,10.99,0,0.18,N,4,0,0,9.0
25,15996,RENT,1.0,EDUCATION,C,2000,13.48,0,0.13,Y,4,0,0,10.0
23,45000,RENT,4.0,EDUCATION,B,12000,12.69,0,0.27,N,4,0,0,16.0
34,94000,MORTGAGE,3.0,MEDICAL,A,15000,6.54,0,0.16,N,5,0,0,0.0
25,36000,RENT,9.0,DEBTCONSOLIDATION,C,6000,14.72,0,0.17,N,2,0,0,25.0
25,40000,RENT,6.0,MEDICAL,B,10000,10.0,0,0.25,N,4,0,0,1.0
25,29000,RENT,3.0,DEBTCONSOLIDATION,D,5000,15.7,1,0.17,Y,3,1,1,94.0
24,69000,RENT,0.0,HOMEIMPROVEMENT,E,20000,14.82,1,0.29,N,4,1,1,82.0
23,69500,RENT,3.0,VENTURE,E,20000,17.74,1,0.29,Y,2,0,1,71.0
27,120000,OWN,11.0,MEDICAL,B,4800,10.99,0,0.04,N,10,0,0,4.0
56,59200,RENT,1.0,DEBTCONSOLIDATION,C,10000,13.61,0,0.17,Y,20,0,0,21.0
22,60000,RENT,3.0,PERSONAL,C,5000,14.22,0,0.08,N,4,0,0,17.0
23,45000,RENT,7.0,PERSONAL,C,15000,12.84,1,0.33,N,3,1,1,99.0
34,38400,MORTGAGE,4.0,EDUCATION,B,6500,9.25,0,0.17,N,10,0,0,7.000000000000001
30,138000,MORTGAGE,3.0,EDUCATION,E,23975,17.93,0,0.17,N,7,1,0,18.0
30,50000,OWN,3.0,HOMEIMPROVEMENT,A,5000,5.99,0,0.1,N,10,0,0,1.0
28,40000,RENT,12.0,PERSONAL,B,1000,9.88,0,0.03,N,9,0,0,17.0
31,144000,RENT,0.0,EDUCATION,G,13000,21.21,1,0.09,N,6,1,1,77.0
25,66000,OWN,9.0,PERSONAL,A,15000,7.49,0,0.23,N,4,0,0,4.0
22,96000,MORTGAGE,3.0,EDUCATION,C,11400,13.04,0,0.12,Y,2,0,0,5.0
24,95000,OWN,8.0,PERSONAL,C,4800,13.43,0,0.05,N,3,0,0,3.0
26,132000,MORTGAGE,3.0,EDUCATION,A,10200,7.9,0,0.08,N,2,0,0,0.0
35,30996,RENT,18.0,EDUCATION,C,4200,14.79,0,0.14,Y,6,0,0,21.0
25,29000,RENT,2.0,VENTURE,C,2500,12.84,0,0.09,N,3,1,0,21.0
23,40000,RENT,4.0,MEDICAL,B,7000,11.58,0,0.17,N,3,0,0,5.0
22,57000,MORTGAGE,1.0,VENTURE,A,3200,5.99,0,0.06,N,4,0,0,0.0
36,25000,MORTGAGE,0.0,MEDICAL,B,3000,8.7,0,0.12,N,14,0,0,15.0
36,39000,MORTGAGE,8.0,VENTURE,A,7000,5.79,0,0.18,N,17,0,0,3.0
27,160000,MORTGAGE,4.0,HOMEIMPROVEMENT,B,25000,10.99,0,0.16,N,10,0,0,6.0
22,53000,MORTGAGE,7.0,EDUCATION,A,2500,7.4,0,0.05,N,3,0,0,1.0
29,50000,MORTGAGE,0.0,HOMEIMPROVEMENT,B,3575,11.49,0,0.07,N,6,0,0,5.0
26,100000,RENT,5.0,PERSONAL,C,24000,12.73,0,0.24,N,4,0,0,8.0
40,108000,RENT,10.0,HOMEIMPROVEMENT,B,9000,11.86,0,0.08,N,12,1,0,8.0
41,66000,MORTGAGE,20.0,VENTURE,A,10000,6.62,0,0.15,N,12,0,0,1.0
26,70000,RENT,4.0,MEDICAL,A,6000,6.17,0,0.09,N,4,0,0,2.0
26,36000,MORTGAGE,3.0,EDUCATION,B,11000,10.59,0,0.31,N,4,1,0,14.000000000000002
22,48000,MORTGAGE,5.0,PERSONAL,B,3000,10.99,0,0.06,N,3,0,0,10.0
23,113000,MORTGAGE,2.0,VENTURE,A,22400,7.49,0,0.2,N,2,0,0,3.0
27,30000,OWN,6.0,EDUCATION,D,1800,14.84,0,0.06,Y,5,0,0,14.000000000000002
23,35004,RENT,1.0,EDUCATION,B,6000,10.99,0,0.17,N,2,0,0,2.0
30,48564,RENT,3.0,VENTURE,B,15000,10.75,1,0.31,N,9,1,1,87.0
25,75000,MORTGAGE,4.0,VENTURE,B,24000,9.91,0,0.32,N,2,0,0,5.0
36,80000,RENT,7.0,HOMEIMPROVEMENT,C,6000,12.87,0,0.07,N,16,0,0,8.0
33,77100,RENT,6.0,DEBTCONSOLIDATION,A,35000,8.49,1,0.45,N,9,1,1,95.0
25,39000,RENT,4.0,MEDICAL,A,4000,7.88,0,0.1,N,4,0,0,8.0
25,40000,RENT,1.0,VENTURE,B,6500,11.89,0,0.16,N,3,0,0,2.0
25,84000,RENT,5.0,DEBTCONSOLIDATION,B,9000,11.36,0,0.11,N,2,0,0,5.0
25,65004,MORTGAGE,9.0,MEDICAL,A,4500,6.92,0,0.07,N,2,0,0,2.0
28,60000,OWN,0.0,VENTURE,B,7000,11.11,0,0.12,N,5,0,0,0.0
27,45500,RENT,2.0,EDUCATION,B,5000,11.71,0,0.11,N,5,0,0,0.0
23,35000,MORTGAGE,7.0,DEBTCONSOLIDATION,B,12000,12.42,0,0.34,N,2,0,0,10.0
35,46000,RENT,3.0,MEDICAL,E,10000,17.14,1,0.22,N,5,0,1,59.0
61,53000,MORTGAGE,3.0,PERSONAL,A,7000,7.49,0,0.13,N,23,0,0,6.0
22,48000,RENT,0.0,DEBTCONSOLIDATION,C,17750,13.49,1,0.37,N,4,1,1,100.0
22,32376,RENT,1.0,EDUCATION,C,10000,13.61,1,0.31,Y,4,1,1,98.0
24,72000,MORTGAGE,8.0,VENTURE,B,18000,11.86,0,0.25,N,4,0,0,1.0
24,82308,RENT,4.0,HOMEIMPROVEMENT,B,15125,10.36,0,0.18,N,4,0,0,2.0
29,83000,MORTGAGE,13.0,DEBTCONSOLIDATION,A,7500,8.9,0,0.09,N,6,0,0,4.0
32,43625,RENT,2.0,EDUCATION,B,1500,10.99,0,0.03,N,6,0,0,15.0
30,232050,MORTGAGE,14.0,MEDICAL,E,25000,17.93,1,0.09,Y,9,1,1,83.0
39,80000,OWN,0.0,MEDICAL,C,5000,11.22,0,0.06,N,13,0,0,5.0
40,55000,RENT,14.0,EDUCATION,A,18000,7.88,1,0.33,N,14,1,1,95.0
22,24702,RENT,4.0,EDUCATION,C,2000,13.23,0,0.08,Y,4,0,0,8.0
27,40000,RENT,11.0,DEBTCONSOLIDATION,A,20000,6.91,1,0.5,N,8,1,1,100.0
23,31000,RENT,1.0,PERSONAL,D,1000,14.96,1,0.03,Y,3,1,1,95.0
30,92700,RENT,1.0,VENTURE,B,15000,11.99,0,0.16,N,5,0,0,2.0
23,54996,MORTGAGE,7.0,PERSONAL,C,8000,14.35,0,0.15,N,4,0,0,21.0
24,24000,RENT,3.0,PERSONAL,B,12000,10.36,1,0.5,N,4,1,1,100.0
24,21000,RENT,0.0,DEBTCONSOLIDATION,C,4000,13.43,0,0.19,N,4,0,0,9.0
22,24000,RENT,2.0,HOMEIMPROVEMENT,B,6000,12.18,1,0.25,N,3,1,1,69.0
28,24000,RENT,0.0,PERSONAL,C,10000,12.87,1,0.42,Y,10,1,1,100.0
27,72000,RENT,4.0,HOMEIMPROVEMENT,C,20000,13.22,0,0.28,N,9,1,0,25.0
26,41500,RENT,9.0,EDUCATION,A,11400,7.66,0,0.27,N,3,0,0,3.0
25,108000,MORTGAGE,8.0,VENTURE,A,15000,6.62,0,0.14,N,2,0,0,0.0
26,68000,MORTGAGE,3.0,DEBTCONSOLIDATION,A,10000,5.79,0,0.15,N,2,0,0,3.0
23,55000,RENT,7.0,PERSONAL,C,8200,13.11,0,0.15,Y,3,0,0,14.000000000000002
24,85000,MORTGAGE,2.0,PERSONAL,B,9600,10.37,0,0.11,N,4,0,0,1.0
22,95000,RENT,0.0,EDUCATION,A,5750,7.49,0,0.06,N,3,0,0,0.0
22,36500,RENT,0.0,VENTURE,A,18725,6.54,1,0.51,N,3,1,1,99.0
22,27000,RENT,5.0,PERSONAL,B,2925,10.71,0,0.11,N,4,0,0,11.0
24,70000,RENT,8.0,VENTURE,C,4000,13.49,0,0.06,Y,4,0,0,6.0
26,78000,RENT,4.0,DEBTCONSOLIDATION,A,12000,7.14,0,0.15,N,2,0,0,2.0
29,73000,RENT,7.0,DEBTCONSOLIDATION,C,2500,14.35,0,0.03,Y,8,0,0,5.0
26,175000,MORTGAGE,0.0,EDUCATION,D,7500,15.21,0,0.04,N,3,0,0,4.0
34,28800,RENT,0.0,PERSONAL,F,2500,21.36,1,0.09,N,9,1,1,87.0
23,95000,MORTGAGE,4.0,MEDICAL,A,4400,7.9,0,0.05,N,3,0,0,1.0
21,53000,RENT,3.0,EDUCATION,D,3000,15.31,0,0.06,N,4,0,0,28.999999999999996
35,58570,MORTGAGE,8.0,HOMEIMPROVEMENT,A,11000,7.88,0,0.19,N,9,0,0,6.0
24,24148,RENT,1.0,EDUCATION,B,9975,11.48,1,0.41,N,4,1,1,100.0
42,600000,OTHER,2.0,HOMEIMPROVEMENT,D,25000,14.74,0,0.04,Y,16,0,0,23.0
27,47900,OWN,1.0,VENTURE,C,7500,13.47,0,0.16,N,6,0,0,2.0
24,44000,RENT,0.0,PERSONAL,A,2000,8.0,0,0.05,N,4,1,0,46.0
23,34188,OWN,4.0,VENTURE,A,3200,7.14,0,0.09,N,3,0,0,0.0
43,57000,RENT,3.0,EDUCATION,B,6000,10.75,0,0.11,N,13,0,0,23.0
26,70000,RENT,10.0,PERSONAL,A,4075,5.42,0,0.06,N,3,0,0,3.0
27,33000,RENT,11.0,HOMEIMPROVEMENT,D,1600,16.89,1,0.05,Y,5,1,1,74.0
48,30000,OWN,0.0,EDUCATION,C,10000,13.49,0,0.33,Y,12,0,0,15.0
41,46152,RENT,10.0,PERSONAL,B,14525,11.11,1,0.31,N,16,1,1,96.0
43,68000,OWN,9.0,EDUCATION,A,5000,6.99,0,0.07,N,15,0,0,1.0
34,65000,OWN,2.0,PERSONAL,A,5600,8.0,0,0.09,N,6,0,0,1.0
28,80569,MORTGAGE,2.0,EDUCATION,B,4000,9.63,0,0.05,N,7,0,0,3.0
26,85000,MORTGAGE,10.0,MEDICAL,A,24000,8.9,0,0.28,N,3,0,0,5.0
25,199000,MORTGAGE,4.0,PERSONAL,B,15000,9.99,0,0.08,N,2,0,0,1.0
22,29004,MORTGAGE,3.0,VENTURE,B,5000,9.25,0,0.17,N,4,0,0,8.0
36,88000,RENT,4.0,MEDICAL,B,3200,10.99,0,0.04,N,13,0,0,8.0
33,70000,MORTGAGE,0.0,PERSONAL,C,5600,13.57,0,0.08,Y,8,0,0,3.0
39,38500,MORTGAGE,7.0,MEDICAL,C,3500,13.98,0,0.09,Y,17,0,0,19.0
21,67400,MORTGAGE,2.0,VENTURE,E,20000,17.74,0,0.3,Y,2,1,0,48.0
23,50000,MORTGAGE,6.0,EDUCATION,B,17000,12.42,0,0.34,N,3,0,0,12.0
24,132000,MORTGAGE,8.0,DEBTCONSOLIDATION,D,1500,17.27,1,0.01,N,2,1,1,92.0
26,51000,MORTGAGE,10.0,MEDICAL,A,15825,6.99,0,0.31,N,3,0,0,14.000000000000002
36,98240,MORTGAGE,4.0,VENTURE,E,20000,16.35,0,0.2,Y,12,0,0,13.0
24,29000,MORTGAGE,1.0,MEDICAL,D,6000,15.62,1,0.21,N,3,1,1,92.0
27,120000,RENT,1.0,DEBTCONSOLIDATION,A,20000,6.54,0,0.17,N,9,0,0,3.0
25,54000,MORTGAGE,5.0,DEBTCONSOLIDATION,B,5100,9.62,0,0.09,N,4,0,0,7.000000000000001
23,54000,RENT,3.0,VENTURE,A,5500,8.94,0,0.1,N,3,0,0,0.0
38,65000,MORTGAGE,6.0,MEDICAL,C,11500,13.92,0,0.18,N,16,0,0,13.0
26,102000,RENT,5.0,MEDICAL,A,10000,8.59,0,0.1,N,2,0,0,0.0
30,65000,RENT,1.0,PERSONAL,B,12000,11.49,0,0.18,N,7,0,0,0.0
37,50000,RENT,1.0,VENTURE,B,3000,11.58,0,0.06,N,14,0,0,2.0
22,60000,OWN,3.0,PERSONAL,D,8700,15.58,0,0.14,Y,4,0,0,6.0
37,53000,RENT,3.0,MEDICAL,C,15600,13.49,0,0.29,N,15,0,0,22.0
24,42000,MORTGAGE,5.0,EDUCATION,A,4900,6.03,0,0.12,N,4,0,0,4.0
24,88000,RENT,2.0,HOMEIMPROVEMENT,B,15000,9.99,0,0.17,N,4,1,0,8.0
22,101000,RENT,0.0,EDUCATION,A,1475,5.79,0,0.01,N,3,0,0,2.0
24,28900,MORTGAGE,2.0,DEBTCONSOLIDATION,C,5500,12.98,0,0.19,Y,2,0,0,17.0
22,24960,RENT,0.0,VENTURE,A,2500,7.51,0,0.1,N,2,0,0,2.0
30,79000,MORTGAGE,14.0,PERSONAL,A,7500,7.14,0,0.09,N,8,0,0,5.0
31,69000,RENT,12.0,HOMEIMPROVEMENT,A,16000,5.99,0,0.23,N,9,0,0,2.0
22,99000,MORTGAGE,6.0,VENTURE,A,18000,8.9,0,0.18,N,3,0,0,1.0
22,60000,RENT,2.0,PERSONAL,B,3000,11.89,0,0.05,N,4,0,0,3.0
21,65004,RENT,5.0,PERSONAL,A,6000,7.68,0,0.09,N,3,0,0,0.0
22,48132,RENT,5.0,MEDICAL,B,10000,11.71,0,0.21,N,4,0,0,10.0
22,59000,MORTGAGE,7.0,HOMEIMPROVEMENT,D,4900,15.62,1,0.08,Y,4,1,1,53.0
25,36480,RENT,4.0,DEBTCONSOLIDATION,A,5000,6.54,0,0.14,N,2,0,0,8.0
23,143000,MORTGAGE,7.0,DEBTCONSOLIDATION,D,24250,14.59,1,0.17,Y,2,1,1,98.0
34,72000,MORTGAGE,8.0,HOMEIMPROVEMENT,C,10000,13.49,0,0.14,Y,8,0,0,18.0
21,57500,MORTGAGE,6.0,VENTURE,A,4000,7.9,0,0.07,N,3,0,0,2.0
23,40000,RENT,5.0,DEBTCONSOLIDATION,B,2000,11.71,0,0.05,N,4,0,0,5.0
37,528000,RENT,4.0,VENTURE,D,15000,15.31,0,0.03,N,12,0,0,30.0
32,22800,RENT,1.0,VENTURE,D,7125,15.28,1,0.31,N,5,1,1,99.0
25,63000,MORTGAGE,9.0,MEDICAL,A,20000,8.49,0,0.32,N,4,0,0,7.000000000000001
27,98000,RENT,3.0,VENTURE,C,5000,13.98,0,0.05,Y,6,0,0,9.0
25,111996,RENT,9.0,PERSONAL,D,24250,15.31,0,0.22,N,3,0,0,21.0
22,55000,MORTGAGE,6.0,VENTURE,A,10000,5.79,0,0.18,N,2,0,0,2.0
38,52000,OWN,3.0,PERSONAL,D,8000,15.21,0,0.15,N,13,0,0,5.0
29,100000,RENT,3.0,HOMEIMPROVEMENT,C,15000,12.04,0,0.15,N,10,0,0,0.0
25,18840,MORTGAGE,5.0,EDUCATION,B,3000,9.91,1,0.16,N,2,1,1,80.0
20,94000,RENT,4.0,EDUCATION,D,5000,16.02,0,0.05,N,3,0,0,15.0
24,51000,RENT,6.0,MEDICAL,B,15000,11.12,0,0.29,N,2,0,0,8.0
49,23004,RENT,6.0,PERSONAL,D,3250,15.21,0,0.14,N,12,0,0,45.0
22,90000,RENT,5.0,PERSONAL,B,20000,10.99,0,0.22,N,4,0,0,8.0
21,27568,OTHER,0.0,MEDICAL,D,3500,14.42,1,0.13,N,4,1,1,67.0
21,26000,RENT,2.0,EDUCATION,E,7750,16.7,1,0.3,N,3,1,1,84.0
23,56000,MORTGAGE,7.0,PERSONAL,B,4500,11.83,0,0.08,N,4,0,0,13.0
21,18000,OWN,4.0,EDUCATION,B,5000,11.11,1,0.28,N,2,1,1,96.0
23,21600,MORTGAGE,7.0,EDUCATION,A,2000,6.17,0,0.09,N,4,0,0,10.0
27,80000,MORTGAGE,4.0,PERSONAL,A,6000,6.03,0,0.07,N,10,0,0,0.0
37,186000,OWN,7.0,VENTURE,A,3000,6.39,0,0.02,N,13,0,0,0.0
28,60000,MORTGAGE,5.0,HOMEIMPROVEMENT,A,2500,7.49,0,0.04,N,7,0,0,0.0
27,95500,RENT,1.0,EDUCATION,B,12000,11.11,0,0.13,N,6,0,0,1.0
23,96000,MORTGAGE,1.0,EDUCATION,A,10000,7.49,0,0.1,N,3,0,0,0.0
27,75000,RENT,6.0,HOMEIMPROVEMENT,B,12000,10.99,0,0.16,N,10,0,0,0.0
27,92400,MORTGAGE,6.0,HOMEIMPROVEMENT,D,17500,15.31,0,0.19,Y,8,0,0,9.0
21,24996,RENT,2.0,MEDICAL,E,5000,16.45,1,0.2,N,4,1,1,94.0
25,36499,RENT,1.0,HOMEIMPROVEMENT,B,4200,10.99,1,0.12,N,4,1,1,60.0
25,57500,MORTGAGE,5.0,HOMEIMPROVEMENT,C,12275,13.49,0,0.21,N,3,0,0,16.0
25,54000,RENT,7.0,HOMEIMPROVEMENT,A,7575,6.99,0,0.14,N,4,0,0,10.0
37,68000,OWN,20.0,VENTURE,A,7000,7.29,0,0.1,N,11,0,0,0.0
29,93000,RENT,1.0,HOMEIMPROVEMENT,B,10000,11.14,0,0.11,N,8,0,0,1.0
24,66500,MORTGAGE,7.0,VENTURE,C,1400,12.53,0,0.02,Y,4,0,0,8.0
24,80000,MORTGAGE,2.0,HOMEIMPROVEMENT,A,5000,6.99,0,0.06,N,4,0,0,1.0
37,48257,MORTGAGE,21.0,MEDICAL,D,7000,15.21,1,0.15,Y,17,1,1,84.0
22,65000,MORTGAGE,4.0,EDUCATION,A,9000,9.63,0,0.14,N,3,0,0,12.0
33,38000,RENT,10.0,EDUCATION,C,4900,10.28,0,0.13,Y,6,1,0,18.0
32,250000,MORTGAGE,9.0,VENTURE,D,25000,14.59,0,0.1,N,7,0,0,13.0
25,68000,RENT,2.0,DEBTCONSOLIDATION,B,13600,10.0,0,0.2,N,3,0,0,8.0
24,73399,RENT,0.0,EDUCATION,D,27000,15.31,1,0.37,N,2,1,1,98.0
23,10560,RENT,0.0,DEBTCONSOLIDATION,B,2800,9.99,1,0.27,N,4,1,1,99.0
23,120000,MORTGAGE,3.0,VENTURE,A,5000,8.9,0,0.04,N,4,0,0,0.0
23,50000,MORTGAGE,7.0,MEDICAL,D,7500,15.62,1,0.15,N,3,1,1,91.0
32,53408,MORTGAGE,8.0,VENTURE,B,1400,10.99,0,0.03,N,6,0,0,0.0
26,90000,MORTGAGE,10.0,HOMEIMPROVEMENT,B,5175,11.99,0,0.06,N,2,0,0,5.0
42,29000,RENT,3.0,MEDICAL,A,3450,8.0,0,0.12,N,17,0,0,18.0
40,145000,MORTGAGE,5.0,DEBTCONSOLIDATION,A,15000,7.88,0,0.1,N,15,0,0,1.0
39,119000,RENT,3.0,DEBTCONSOLIDATION,B,22000,11.49,0,0.18,N,12,0,0,5.0
29,30000,RENT,3.0,MEDICAL,B,4400,11.49,0,0.15,N,6,0,0,12.0
22,60000,MORTGAGE,6.0,EDUCATION,A,2500,6.99,0,0.04,N,3,0,0,0.0
21,36000,OWN,5.0,EDUCATION,C,8800,13.85,0,0.24,N,2,0,0,6.0
24,53000,OWN,3.0,HOMEIMPROVEMENT,A,9800,7.51,0,0.18,N,4,0,0,0.0
28,63000,RENT,4.0,MEDICAL,B,25000,11.36,1,0.4,N,8,1,1,98.0
24,62000,RENT,3.0,HOMEIMPROVEMENT,C,10000,13.49,0,0.16,Y,3,0,0,11.0
32,55000,RENT,4.0,VENTURE,D,10000,14.42,0,0.18,Y,9,0,0,26.0
22,48000,RENT,3.0,DEBTCONSOLIDATION,B,6700,11.99,0,0.14,N,3,0,0,5.0
38,30000,RENT,2.0,DEBTCONSOLIDATION,C,2200,13.49,0,0.07,Y,11,0,0,20.0
52,54000,RENT,0.0,PERSONAL,A,1500,8.49,0,0.03,N,24,1,0,5.0
22,31500,OWN,4.0,VENTURE,A,8000,6.03,0,0.25,N,2,0,0,1.0
24,99000,MORTGAGE,8.0,EDUCATION,B,12250,9.88,0,0.12,N,2,0,0,2.0
24,78000,MORTGAGE,8.0,DEBTCONSOLIDATION,A,3600,5.42,0,0.05,N,4,0,0,5.0
37,42000,RENT,3.0,PERSONAL,C,10200,13.16,0,0.24,N,14,0,0,14.000000000000002
25,47000,RENT,1.0,EDUCATION,C,6000,12.87,0,0.13,Y,3,0,0,6.0
27,150000,OWN,0.0,EDUCATION,A,10000,8.59,0,0.07,N,9,0,0,3.0
23,29730,RENT,2.0,DEBTCONSOLIDATION,A,5000,7.66,0,0.17,N,4,0,0,7.000000000000001
27,150000,MORTGAGE,11.0,PERSONAL,B,25000,10.36,0,0.17,N,7,0,0,2.0
29,35000,RENT,1.0,PERSONAL,A,10625,7.9,0,0.3,N,6,0,0,12.0
27,35004,RENT,7.0,MEDICAL,B,5000,10.75,0,0.14,N,8,0,0,3.0
28,61000,RENT,9.0,PERSONAL,B,25000,9.91,1,0.41,N,7,1,1,99.0
23,95000,MORTGAGE,7.0,EDUCATION,C,15000,12.73,0,0.16,Y,4,0,0,6.0
27,36000,RENT,0.0,DEBTCONSOLIDATION,C,8000,13.92,0,0.22,Y,9,0,0,15.0
24,62000,RENT,3.0,VENTURE,B,8000,11.14,0,0.13,N,4,0,0,1.0
22,30000,RENT,4.0,EDUCATION,C,10000,14.35,1,0.33,N,3,1,1,99.0
24,62400,RENT,8.0,EDUCATION,B,15000,9.45,0,0.24,N,4,0,0,5.0
26,48996,RENT,8.0,DEBTCONSOLIDATION,D,2500,14.59,1,0.05,N,2,1,1,91.0
23,30000,RENT,0.0,EDUCATION,B,4275,11.86,0,0.14,N,4,0,0,11.0
33,100000,MORTGAGE,0.0,DEBTCONSOLIDATION,B,24000,10.25,0,0.24,N,6,0,0,6.0
28,56800,RENT,2.0,VENTURE,A,4000,7.88,0,0.07,N,9,0,0,2.0
47,56004,RENT,2.0,VENTURE,B,10800,10.36,0,0.19,N,11,0,0,5.0
24,43200,RENT,5.0,VENTURE,B,12000,10.36,0,0.28,N,4,0,0,2.0
28,72467,RENT,2.0,MEDICAL,B,5000,8.88,0,0.07,N,7,0,0,6.0
23,43000,RENT,1.0,EDUCATION,B,10000,9.25,0,0.23,N,3,0,0,2.0
29,60000,MORTGAGE,13.0,MEDICAL,A,8000,5.99,0,0.13,N,9,0,0,2.0
36,45000,RENT,12.0,MEDICAL,D,10000,15.99,1,0.22,N,14,0,1,52.0
23,45000,RENT,0.0,EDUCATION,C,1775,12.72,0,0.04,Y,2,0,0,2.0
25,49029,RENT,8.0,MEDICAL,B,2000,11.99,0,0.04,N,2,0,0,19.0
28,64000,MORTGAGE,3.0,MEDICAL,C,5000,13.23,0,0.08,N,6,0,0,16.0
24,110000,RENT,4.0,DEBTCONSOLIDATION,A,13000,8.9,0,0.12,N,2,0,0,1.0
28,40000,MORTGAGE,2.0,VENTURE,B,5000,10.99,0,0.13,N,10,0,0,3.0
31,87500,RENT,4.0,DEBTCONSOLIDATION,B,6000,11.99,0,0.07,N,5,0,0,1.0
23,19200,RENT,1.0,MEDICAL,G,6200,19.82,1,0.32,N,3,1,1,100.0
39,24000,RENT,9.0,EDUCATION,B,5000,11.14,0,0.21,N,12,0,0,19.0
24,70000,RENT,0.0,MEDICAL,C,6425,13.72,0,0.09,N,2,0,0,2.0
24,56000,RENT,8.0,HOMEIMPROVEMENT,D,9000,15.31,0,0.16,Y,2,0,0,47.0
28,66560,RENT,4.0,PERSONAL,B,4800,10.36,0,0.07,N,5,0,0,3.0
24,45000,RENT,0.0,MEDICAL,E,6000,17.19,1,0.13,N,3,1,1,94.0
51,80000,RENT,1.0,HOMEIMPROVEMENT,B,12000,12.69,0,0.15,N,23,0,0,6.0
30,41000,RENT,0.0,PERSONAL,A,7200,7.49,0,0.18,N,5,0,0,1.0
22,63000,MORTGAGE,6.0,PERSONAL,B,8950,10.99,0,0.14,N,4,0,0,15.0
25,98000,MORTGAGE,9.0,EDUCATION,A,2000,5.42,0,0.02,N,4,0,0,3.0
43,55000,OWN,17.0,VENTURE,B,2000,12.53,0,0.04,N,11,0,0,4.0
29,95000,MORTGAGE,6.0,VENTURE,A,35000,7.9,0,0.37,N,8,0,0,6.0
25,5000,RENT,0.0,EDUCATION,B,1000,9.64,1,0.2,N,4,1,1,94.0
24,91700,RENT,1.0,EDUCATION,B,6500,9.88,0,0.07,N,3,0,0,2.0
31,24000,OWN,4.0,MEDICAL,D,2500,15.31,0,0.1,Y,7,0,0,13.0
24,29000,RENT,4.0,MEDICAL,D,14400,15.7,1,0.5,N,4,1,1,100.0
22,17400,MORTGAGE,6.0,VENTURE,B,1000,11.36,0,0.06,N,2,0,0,24.0
27,73680,MORTGAGE,11.0,DEBTCONSOLIDATION,E,10000,17.93,1,0.14,Y,6,1,1,90.0
25,46000,RENT,5.0,DEBTCONSOLIDATION,C,7200,13.49,0,0.16,Y,3,0,0,1.0
24,75000,RENT,2.0,HOMEIMPROVEMENT,B,7000,10.74,0,0.09,N,3,0,0,4.0
43,50000,MORTGAGE,12.0,HOMEIMPROVEMENT,B,5000,10.0,0,0.1,N,16,0,0,9.0
26,30000,RENT,2.0,EDUCATION,B,5000,12.42,0,0.17,N,2,1,0,32.0
22,35000,RENT,3.0,EDUCATION,A,4800,5.42,0,0.14,N,3,0,0,0.0
31,53000,MORTGAGE,15.0,VENTURE,D,10000,15.31,0,0.19,N,10,0,0,23.0
35,40800,RENT,5.0,VENTURE,A,5000,6.54,0,0.12,N,5,0,0,0.0
28,69996,RENT,1.0,VENTURE,C,11000,13.79,0,0.16,N,8,0,0,5.0
23,40000,OWN,6.0,EDUCATION,A,3000,7.66,0,0.07,N,3,0,0,1.0
27,67000,RENT,1.0,PERSONAL,C,2800,13.04,0,0.04,N,7,0,0,1.0
21,35000,OWN,5.0,VENTURE,C,6500,13.43,0,0.19,N,4,0,0,2.0
48,32500,RENT,0.0,VENTURE,D,2000,17.27,1,0.06,N,16,1,1,90.0
28,35496,MORTGAGE,5.0,DEBTCONSOLIDATION,B,5500,11.49,0,0.15,N,5,0,0,11.0
22,118812,MORTGAGE,6.0,MEDICAL,C,15000,13.35,0,0.13,N,2,0,0,0.0
27,35000,RENT,0.0,MEDICAL,A,6400,7.74,0,0.18,N,5,0,0,1.0
22,65000,RENT,2.0,EDUCATION,B,10000,9.88,0,0.15,N,2,0,0,1.0
23,25200,RENT,1.0,DEBTCONSOLIDATION,C,8000,12.73,1,0.32,N,4,1,1,92.0
23,45000,MORTGAGE,1.0,MEDICAL,B,10000,12.21,0,0.22,N,2,0,0,9.0
28,65000,RENT,13.0,HOMEIMPROVEMENT,A,15000,7.51,0,0.23,N,6,0,0,2.0
25,60000,MORTGAGE,2.0,EDUCATION,B,12500,11.49,0,0.21,N,4,0,0,2.0
27,225000,MORTGAGE,1.0,VENTURE,B,14000,10.99,0,0.06,N,7,0,0,0.0
24,107203,MORTGAGE,8.0,PERSONAL,A,6000,7.4,0,0.06,N,2,0,0,0.0
27,65000,RENT,8.0,EDUCATION,A,8800,6.03,0,0.14,N,9,0,0,3.0
22,72000,RENT,4.0,PERSONAL,A,6200,5.99,0,0.09,N,2,0,0,11.0
27,35000,RENT,0.0,PERSONAL,C,14000,14.27,1,0.4,Y,8,1,1,97.0
22,50000,MORTGAGE,4.0,VENTURE,B,10000,12.69,0,0.2,N,4,0,0,5.0
26,50000,OWN,5.0,MEDICAL,A,3250,7.51,0,0.07,N,2,0,0,4.0
41,62903,MORTGAGE,4.0,MEDICAL,B,9600,10.0,0,0.13,N,12,1,0,22.0
45,60000,RENT,4.0,DEBTCONSOLIDATION,B,25000,9.99,1,0.42,N,16,1,1,96.0
32,62000,RENT,8.0,VENTURE,D,10000,17.27,0,0.16,Y,7,1,0,11.0
24,32000,RENT,6.0,MEDICAL,B,4800,10.59,0,0.15,N,2,0,0,28.000000000000004
25,19200,RENT,6.0,EDUCATION,E,4000,19.03,1,0.21,Y,4,1,1,86.0
30,20000,RENT,4.0,PERSONAL,C,6800,12.84,1,0.34,N,6,1,1,95.0
30,60000,RENT,0.0,HOMEIMPROVEMENT,A,8000,7.66,0,0.13,N,6,0,0,4.0
25,38000,RENT,8.0,MEDICAL,C,16000,12.87,1,0.42,Y,3,1,1,99.0
34,60000,RENT,3.0,VENTURE,A,6000,8.0,0,0.1,N,9,0,0,0.0
27,106000,MORTGAGE,5.0,HOMEIMPROVEMENT,C,24000,13.8,0,0.23,N,10,0,0,34.0
22,36000,MORTGAGE,2.0,DEBTCONSOLIDATION,A,1800,6.17,0,0.05,N,4,0,0,14.000000000000002
33,93000,RENT,1.0,DEBTCONSOLIDATION,A,3000,7.49,0,0.03,N,7,0,0,5.0
37,59000,RENT,0.0,PERSONAL,D,5000,14.84,1,0.08,Y,14,1,1,92.0
21,23040,OWN,1.0,VENTURE,D,5000,15.31,0,0.22,N,3,0,0,9.0
21,30000,RENT,2.0,PERSONAL,D,5000,14.96,1,0.17,N,2,1,1,99.0
30,42000,RENT,4.0,VENTURE,A,10000,7.49,0,0.24,N,9,0,0,0.0
26,159800,MORTGAGE,6.0,MEDICAL,D,30000,17.58,1,0.16,Y,3,1,1,83.0
27,31200,OWN,2.0,HOMEIMPROVEMENT,C,6000,14.35,0,0.19,N,7,0,0,14.000000000000002
21,69000,RENT,3.0,MEDICAL,A,15000,8.49,0,0.22,N,2,0,0,3.0
23,60000,MORTGAGE,4.0,PERSONAL,A,20000,6.54,0,0.33,N,3,0,0,8.0
28,44049,RENT,3.0,VENTURE,B,14000,10.99,1,0.32,N,8,1,1,93.0
25,95950,RENT,2.0,HOMEIMPROVEMENT,B,17500,11.71,0,0.18,N,2,0,0,6.0
22,48255,RENT,3.0,VENTURE,A,2000,6.76,0,0.04,N,2,0,0,0.0
27,147884,MORTGAGE,4.0,HOMEIMPROVEMENT,B,4500,11.49,0,0.03,N,5,0,0,0.0
21,44000,RENT,0.0,EDUCATION,D,12875,15.31,1,0.29,N,2,1,1,78.0
31,135000,MORTGAGE,9.0,VENTURE,A,10000,7.14,0,0.07,N,6,0,0,0.0
26,30000,RENT,4.0,DEBTCONSOLIDATION,B,12000,11.11,1,0.4,N,3,1,1,100.0
22,88812,MORTGAGE,6.0,EDUCATION,D,29000,15.65,0,0.33,N,2,0,0,25.0
24,39000,RENT,2.0,DEBTCONSOLIDATION,E,16000,19.91,1,0.41,Y,3,1,1,100.0
22,84000,MORTGAGE,3.0,EDUCATION,A,8000,7.88,0,0.1,N,4,0,0,1.0
31,20000,RENT,7.0,EDUCATION,C,2500,12.53,0,0.13,Y,10,0,0,17.0
25,48000,MORTGAGE,5.0,EDUCATION,C,16750,13.49,0,0.35,Y,4,0,0,7.000000000000001
30,102213,RENT,3.0,MEDICAL,D,25000,15.7,1,0.21,N,7,1,1,77.0
42,160000,RENT,6.0,VENTURE,B,6000,10.65,0,0.04,N,17,0,0,0.0
29,50000,RENT,2.0,DEBTCONSOLIDATION,B,10000,11.26,0,0.2,N,6,0,0,1.0
23,36000,MORTGAGE,4.0,EDUCATION,A,10000,7.14,0,0.28,N,3,0,0,2.0
22,66000,MORTGAGE,6.0,VENTURE,B,2400,10.99,0,0.04,N,2,0,0,2.0
28,144000,OWN,11.0,MEDICAL,D,7000,15.99,0,0.05,Y,10,0,0,21.0
36,108000,MORTGAGE,7.0,EDUCATION,A,14000,8.9,0,0.13,N,12,0,0,3.0
28,140000,MORTGAGE,11.0,HOMEIMPROVEMENT,B,5000,11.49,0,0.04,N,9,0,0,21.0
24,72000,OWN,4.0,EDUCATION,B,16000,12.42,0,0.22,N,2,0,0,0.0
22,29244,RENT,0.0,DEBTCONSOLIDATION,D,3000,13.3,1,0.1,Y,2,1,1,89.0
26,40000,MORTGAGE,5.0,MEDICAL,B,6000,10.62,0,0.15,N,4,0,0,7.000000000000001
37,175000,RENT,2.0,HOMEIMPROVEMENT,B,15000,9.76,0,0.09,N,17,0,0,6.0
36,72000,MORTGAGE,4.0,HOMEIMPROVEMENT,B,13000,10.99,0,0.18,N,13,0,0,5.0
27,106000,MORTGAGE,11.0,EDUCATION,B,4000,11.71,0,0.04,N,8,0,0,3.0
23,80000,MORTGAGE,3.0,EDUCATION,A,6000,5.99,0,0.07,N,4,0,0,1.0
21,90200,RENT,2.0,PERSONAL,C,19125,13.92,0,0.21,N,4,0,0,13.0
36,36000,OWN,4.0,MEDICAL,D,10000,16.29,0,0.28,Y,17,0,0,17.0
42,40000,RENT,0.0,DEBTCONSOLIDATION,B,7200,10.75,0,0.18,N,17,0,0,8.0
23,48000,RENT,1.0,VENTURE,A,4325,5.42,0,0.09,N,4,0,0,0.0
37,110000,MORTGAGE,11.0,HOMEIMPROVEMENT,A,12000,7.88,0,0.11,N,16,0,0,8.0
23,65004,MORTGAGE,7.0,PERSONAL,A,15000,7.88,0,0.23,N,3,0,0,3.0
29,96000,MORTGAGE,5.0,HOMEIMPROVEMENT,B,12000,9.88,0,0.13,N,5,0,0,1.0
31,95000,MORTGAGE,4.0,HOMEIMPROVEMENT,A,5000,6.03,0,0.05,N,5,0,0,0.0
46,65000,RENT,1.0,EDUCATION,B,6000,12.69,0,0.09,N,13,0,0,3.0
34,54000,RENT,5.0,MEDICAL,D,3000,15.37,1,0.06,Y,6,1,1,91.0
28,84000,MORTGAGE,12.0,MEDICAL,B,20500,10.0,0,0.24,N,5,0,0,2.0
30,35576,RENT,14.0,EDUCATION,C,19000,13.72,1,0.53,N,7,1,1,98.0
26,30200,OWN,3.0,VENTURE,B,9200,10.99,0,0.3,N,2,0,0,4.0
32,25200,RENT,4.0,MEDICAL,D,6000,16.49,1,0.24,Y,5,1,1,78.0
31,12996,RENT,4.0,MEDICAL,A,1750,6.76,0,0.13,N,10,0,0,22.0
24,72000,RENT,8.0,DEBTCONSOLIDATION,C,16000,13.06,0,0.22,N,4,0,0,2.0
24,24000,RENT,1.0,MEDICAL,A,8500,7.9,1,0.35,N,2,1,1,99.0
34,28000,OWN,1.0,VENTURE,B,3000,9.99,0,0.11,N,10,0,0,0.0
24,70000,RENT,3.0,PERSONAL,B,25000,11.86,1,0.36,N,2,1,1,98.0
31,66360,MORTGAGE,8.0,HOMEIMPROVEMENT,B,7000,11.86,0,0.11,N,6,0,0,7.000000000000001
30,76000,RENT,3.0,DEBTCONSOLIDATION,B,12000,10.99,0,0.16,N,10,0,0,2.0
28,199000,MORTGAGE,12.0,HOMEIMPROVEMENT,A,10000,9.32,0,0.05,N,10,0,0,3.0
24,40000,OWN,4.0,PERSONAL,C,2000,14.35,0,0.05,N,2,0,0,4.0
24,48732,OTHER,6.0,MEDICAL,A,3500,9.32,0,0.07,N,4,0,0,10.0
21,59000,RENT,4.0,MEDICAL,C,5000,14.22,0,0.08,N,3,1,0,33.0
28,56052,RENT,8.0,VENTURE,C,7200,11.28,0,0.13,Y,8,0,0,14.000000000000002
24,87600,MORTGAGE,8.0,EDUCATION,A,3000,5.99,0,0.03,N,2,0,0,0.0
22,19200,OWN,0.0,VENTURE,B,2400,10.59,0,0.13,N,3,0,0,4.0
25,48000,RENT,6.0,DEBTCONSOLIDATION,B,7200,11.36,0,0.15,N,3,0,0,3.0
22,27560,OWN,6.0,EDUCATION,B,2800,11.49,0,0.1,N,4,0,0,0.0
22,48000,RENT,0.0,PERSONAL,C,3000,14.79,0,0.06,N,2,0,0,7.000000000000001
25,62000,MORTGAGE,7.0,VENTURE,A,12000,5.42,0,0.19,N,2,0,0,0.0
26,49992,MORTGAGE,10.0,DEBTCONSOLIDATION,B,6000,10.99,0,0.12,N,2,0,0,12.0
43,780000,MORTGAGE,2.0,HOMEIMPROVEMENT,A,1000,8.94,0,0.0,N,11,0,0,4.0
30,21600,RENT,4.0,VENTURE,B,5000,11.71,0,0.23,N,7,0,0,12.0
23,62900,RENT,7.0,MEDICAL,D,5000,14.84,1,0.07,N,4,1,1,82.0
24,56000,RENT,2.0,DEBTCONSOLIDATION,B,13000,11.83,0,0.23,N,4,0,0,13.0
28,39600,RENT,11.0,EDUCATION,B,1500,12.69,0,0.04,N,5,0,0,19.0
37,97000,MORTGAGE,7.0,PERSONAL,A,10000,7.49,0,0.1,N,15,0,0,1.0
38,80000,RENT,0.0,EDUCATION,B,1500,11.49,0,0.02,N,16,0,0,3.0
22,53000,OWN,7.0,VENTURE,B,2250,10.62,0,0.04,N,3,0,0,1.0
27,43218,RENT,11.0,PERSONAL,C,5300,14.65,0,0.12,Y,7,0,0,11.0
31,44000,OWN,6.0,HOMEIMPROVEMENT,D,17350,13.55,0,0.39,Y,7,0,0,11.0
23,35520,RENT,3.0,EDUCATION,C,5000,13.57,0,0.14,N,3,0,0,8.0
38,81000,MORTGAGE,3.0,DEBTCONSOLIDATION,C,10000,14.27,0,0.12,N,11,0,0,11.0
32,24696,RENT,1.0,EDUCATION,A,9600,7.14,1,0.39,N,9,1,1,96.0
27,84000,RENT,7.0,MEDICAL,C,12000,13.16,0,0.14,N,5,0,0,4.0
24,67000,OWN,3.0,VENTURE,C,13000,13.49,0,0.19,Y,3,0,0,1.0
24,55680,MORTGAGE,4.0,DEBTCONSOLIDATION,B,7875,10.65,0,0.14,N,3,0,0,12.0
35,78252,MORTGAGE,19.0,VENTURE,D,30000,17.58,1,0.38,N,8,0,1,67.0
35,37440,RENT,2.0,MEDICAL,B,8000,10.99,0,0.21,N,9,0,0,2.0
23,34000,RENT,5.0,DEBTCONSOLIDATION,C,12000,12.84,1,0.35,N,4,1,1,100.0
25,98000,MORTGAGE,2.0,PERSONAL,A,6400,9.63,0,0.07,N,4,0,0,1.0
33,48000,RENT,11.0,DEBTCONSOLIDATION,B,25000,9.99,1,0.52,N,10,1,1,98.0
22,38000,RENT,2.0,EDUCATION,C,1500,13.22,0,0.04,Y,2,0,0,28.999999999999996
26,185000,OWN,10.0,PERSONAL,A,5000,7.68,0,0.03,N,2,0,0,1.0
31,36000,RENT,7.0,EDUCATION,B,4500,9.99,0,0.13,N,10,0,0,14.000000000000002
23,65000,RENT,2.0,VENTURE,A,5000,5.42,0,0.08,N,2,0,0,1.0
36,38795,MORTGAGE,4.0,HOMEIMPROVEMENT,B,2000,10.99,0,0.05,N,13,0,0,10.0
35,31577,RENT,6.0,MEDICAL,B,5000,9.99,0,0.16,N,9,0,0,20.0
30,54000,MORTGAGE,13.0,MEDICAL,A,10000,7.9,0,0.19,N,10,0,0,18.0
42,360000,MORTGAGE,11.0,HOMEIMPROVEMENT,B,25000,9.99,0,0.07,N,17,0,0,13.0
29,35000,RENT,4.0,MEDICAL,A,11000,8.59,1,0.31,N,10,1,1,87.0
28,56864,MORTGAGE,5.0,PERSONAL,A,12300,7.88,0,0.22,N,7,0,0,1.0
26,159960,MORTGAGE,11.0,HOMEIMPROVEMENT,A,18325,7.49,0,0.11,N,3,0,0,2.0
24,30000,OWN,7.0,HOMEIMPROVEMENT,C,10000,12.61,0,0.33,N,3,0,0,8.0
24,33600,RENT,2.0,PERSONAL,A,9450,7.66,0,0.28,N,2,1,0,43.0
32,18000,RENT,0.0,EDUCATION,D,4000,15.2,1,0.22,N,10,1,1,96.0
43,51600,RENT,4.0,VENTURE,B,1500,11.86,0,0.03,N,12,0,0,1.0
23,100000,MORTGAGE,7.0,MEDICAL,B,25000,11.71,0,0.25,N,3,0,0,0.0
21,36000,MORTGAGE,3.0,DEBTCONSOLIDATION,A,4000,5.99,0,0.11,N,4,0,0,4.0
26,70000,MORTGAGE,10.0,EDUCATION,B,5000,9.88,0,0.07,N,4,0,0,11.0
25,24000,RENT,4.0,HOMEIMPROVEMENT,B,10000,9.91,1,0.42,N,4,1,1,99.0
29,67171,RENT,13.0,MEDICAL,A,1600,8.9,0,0.02,N,7,0,0,10.0
21,82100,RENT,3.0,PERSONAL,A,12200,6.03,0,0.15,N,2,0,0,4.0
27,28968,RENT,1.0,PERSONAL,C,5000,13.16,0,0.17,Y,5,0,0,32.0
24,36000,RENT,5.0,VENTURE,D,3525,14.59,0,0.1,Y,3,0,0,33.0
23,15204,MORTGAGE,7.0,PERSONAL,A,2800,8.49,1,0.18,N,3,1,1,96.0
24,140004,MORTGAGE,4.0,EDUCATION,E,4000,16.45,0,0.03,N,3,0,0,20.0
25,145000,MORTGAGE,9.0,HOMEIMPROVEMENT,A,8000,8.49,0,0.06,N,3,0,0,5.0
25,42000,RENT,4.0,VENTURE,A,1925,6.17,0,0.05,N,2,0,0,3.0
22,49000,RENT,1.0,EDUCATION,A,8000,6.91,0,0.16,N,2,1,0,6.0
22,74000,MORTGAGE,1.0,VENTURE,E,25000,14.38,0,0.34,Y,3,1,0,32.0
25,55000,RENT,3.0,DEBTCONSOLIDATION,B,1200,11.58,0,0.02,N,4,0,0,4.0
51,84000,RENT,7.0,HOMEIMPROVEMENT,A,12000,7.49,0,0.14,N,23,0,0,2.0
33,72000,MORTGAGE,4.0,VENTURE,A,5000,6.99,0,0.07,N,7,0,0,0.0
22,123000,MORTGAGE,6.0,EDUCATION,A,7000,7.51,0,0.06,N,4,0,0,4.0
32,50000,RENT,16.0,HOMEIMPROVEMENT,D,6400,15.31,0,0.13,Y,10,0,0,32.0
21,72000,MORTGAGE,5.0,DEBTCONSOLIDATION,A,2000,6.54,0,0.03,N,2,0,0,5.0
26,115600,MORTGAGE,4.0,VENTURE,A,9925,7.29,0,0.09,N,4,0,0,0.0
27,166000,MORTGAGE,11.0,HOMEIMPROVEMENT,E,30000,16.77,0,0.18,N,9,0,0,12.0
34,90000,MORTGAGE,7.0,HOMEIMPROVEMENT,A,7000,5.79,0,0.08,N,8,0,0,1.0
26,86502,RENT,7.0,PERSONAL,B,8000,10.36,0,0.09,N,3,0,0,4.0
26,42000,RENT,3.0,PERSONAL,C,5000,13.99,0,0.12,N,3,1,0,32.0
22,12000,RENT,0.0,PERSONAL,C,1000,13.57,0,0.08,N,3,1,0,48.0
22,48000,RENT,0.0,EDUCATION,A,1000,7.29,0,0.02,N,4,0,0,3.0
27,44000,RENT,5.0,EDUCATION,B,13650,10.65,1,0.31,N,5,1,1,93.0
23,119496,MORTGAGE,7.0,EDUCATION,A,12000,7.88,0,0.1,N,4,0,0,0.0
29,260000,MORTGAGE,0.0,HOMEIMPROVEMENT,B,20000,10.37,0,0.08,N,6,0,0,4.0
24,50000,MORTGAGE,4.0,DEBTCONSOLIDATION,B,5000,10.0,0,0.1,N,4,0,0,4.0
22,27804,RENT,2.0,MEDICAL,C,3750,13.85,0,0.13,Y,4,0,0,6.0
28,55000,MORTGAGE,6.0,EDUCATION,A,2400,7.49,0,0.04,N,8,0,0,1.0
23,115000,MORTGAGE,4.0,EDUCATION,A,24000,7.9,0,0.21,N,3,0,0,2.0
24,35000,RENT,0.0,MEDICAL,A,1800,7.14,0,0.05,N,2,0,0,9.0
24,33000,RENT,1.0,DEBTCONSOLIDATION,B,20000,10.99,1,0.61,N,3,1,1,100.0
23,79100,MORTGAGE,4.0,VENTURE,A,3300,5.42,0,0.04,N,3,0,0,1.0
23,210000,RENT,4.0,EDUCATION,B,12000,10.59,0,0.06,N,2,0,0,2.0
34,46500,MORTGAGE,18.0,EDUCATION,D,8500,15.31,0,0.18,N,9,0,0,22.0
26,64000,MORTGAGE,9.0,DEBTCONSOLIDATION,D,8000,12.17,1,0.13,N,2,1,1,90.0
22,49000,RENT,7.0,DEBTCONSOLIDATION,C,3000,12.23,0,0.06,Y,2,1,0,21.0
24,60000,MORTGAGE,6.0,PERSONAL,C,2400,13.61,0,0.04,Y,4,0,0,6.0
34,30000,RENT,5.0,HOMEIMPROVEMENT,A,3600,6.92,1,0.12,N,6,1,1,81.0
25,58296,RENT,9.0,DEBTCONSOLIDATION,A,5000,6.17,0,0.09,N,4,0,0,10.0
24,29000,RENT,1.0,MEDICAL,B,4000,9.96,0,0.14,N,3,1,0,16.0
27,88000,RENT,11.0,DEBTCONSOLIDATION,A,9000,6.91,0,0.1,N,10,0,0,0.0
25,40000,RENT,2.0,DEBTCONSOLIDATION,A,7000,8.94,0,0.17,N,3,0,0,4.0
26,44000,MORTGAGE,4.0,PERSONAL,B,11500,9.63,0,0.26,N,3,1,0,8.0
22,48000,RENT,6.0,EDUCATION,C,15000,15.96,1,0.31,N,3,1,1,96.0
22,61000,MORTGAGE,1.0,MEDICAL,A,8000,5.79,0,0.13,N,4,0,0,0.0
23,90000,RENT,4.0,PERSONAL,B,18000,8.88,0,0.2,N,4,0,0,6.0
37,18000,OWN,4.0,PERSONAL,C,1500,13.47,0,0.08,N,13,0,0,15.0
28,100000,MORTGAGE,4.0,DEBTCONSOLIDATION,A,7000,8.9,0,0.07,N,10,0,0,3.0
28,21000,RENT,0.0,PERSONAL,D,4200,15.21,1,0.2,Y,10,1,1,81.0
24,120000,RENT,0.0,PERSONAL,B,6000,10.99,0,0.05,N,3,0,0,8.0
28,170000,MORTGAGE,8.0,PERSONAL,F,20000,18.99,0,0.12,Y,7,0,0,42.0
22,48000,RENT,1.0,EDUCATION,B,7200,9.62,0,0.15,N,3,0,0,6.0
23,100000,RENT,4.0,MEDICAL,B,2000,10.62,0,0.02,N,2,0,0,10.0
23,28000,RENT,8.0,DEBTCONSOLIDATION,A,8000,7.74,0,0.29,N,4,0,0,13.0
28,140000,RENT,3.0,EDUCATION,B,12000,9.91,0,0.09,N,10,0,0,0.0
33,19200,RENT,0.0,MEDICAL,A,8000,7.66,1,0.42,N,6,1,1,100.0
26,27880,RENT,1.0,MEDICAL,B,4800,9.25,0,0.17,N,4,0,0,5.0
32,50880,RENT,6.0,PERSONAL,F,15000,20.25,1,0.29,Y,5,0,1,69.0
25,60000,MORTGAGE,9.0,DEBTCONSOLIDATION,A,9600,6.03,0,0.16,N,3,0,0,3.0
38,43000,RENT,4.0,DEBTCONSOLIDATION,B,3500,11.83,0,0.08,N,12,0,0,9.0
24,60000,RENT,1.0,EDUCATION,B,12000,10.99,0,0.2,N,4,0,0,0.0
26,42000,MORTGAGE,0.0,EDUCATION,B,4500,11.48,0,0.11,N,3,0,0,8.0
30,60000,RENT,0.0,DEBTCONSOLIDATION,B,4750,9.99,0,0.08,N,7,0,0,5.0
24,54731,RENT,2.0,DEBTCONSOLIDATION,B,3200,11.83,0,0.06,N,2,0,0,7.000000000000001
23,46932,OWN,4.0,EDUCATION,A,7000,5.79,0,0.15,N,3,0,0,1.0
21,8088,RENT,4.0,MEDICAL,C,1200,15.23,0,0.15,Y,2,0,0,47.0
26,28000,RENT,6.0,EDUCATION,B,5100,11.89,0,0.18,N,4,0,0,19.0
23,32535,RENT,6.0,PERSONAL,B,4000,10.99,0,0.12,N,2,0,0,13.0
24,38400,RENT,4.0,VENTURE,A,4000,7.29,0,0.1,N,3,0,0,0.0
31,260000,MORTGAGE,6.0,DEBTCONSOLIDATION,C,25000,13.57,0,0.1,Y,10,0,0,3.0
35,78000,MORTGAGE,9.0,HOMEIMPROVEMENT,B,9450,10.99,0,0.12,N,8,0,0,9.0
29,150000,RENT,9.0,HOMEIMPROVEMENT,E,15000,16.32,0,0.1,Y,5,0,0,28.999999999999996
23,120000,MORTGAGE,7.0,DEBTCONSOLIDATION,A,4900,7.14,0,0.04,N,4,0,0,1.0
23,18000,RENT,1.0,VENTURE,C,3250,13.22,1,0.18,N,2,1,1,100.0
27,109000,MORTGAGE,7.0,EDUCATION,A,3950,6.03,0,0.04,N,7,0,0,0.0
23,32000,RENT,0.0,MEDICAL,C,8500,13.16,0,0.27,Y,4,0,0,13.0
23,55000,RENT,0.0,VENTURE,C,12300,13.49,0,0.22,N,4,0,0,3.0
33,106000,MORTGAGE,2.0,EDUCATION,A,6000,8.49,0,0.06,N,8,0,0,0.0
38,81000,RENT,0.0,HOMEIMPROVEMENT,A,24000,8.49,0,0.3,N,13,0,0,18.0
24,46000,MORTGAGE,9.0,EDUCATION,A,12000,7.88,0,0.26,N,4,1,0,11.0
26,92400,MORTGAGE,8.0,MEDICAL,A,14500,7.88,0,0.16,N,4,0,0,0.0
32,135000,MORTGAGE,1.0,DEBTCONSOLIDATION,B,16000,10.99,0,0.12,N,10,0,0,6.0
26,43000,RENT,3.0,EDUCATION,C,2500,13.49,0,0.06,N,2,0,0,19.0
23,57000,MORTGAGE,7.0,PERSONAL,A,9250,5.99,0,0.16,N,4,0,0,2.0
26,66300,RENT,0.0,MEDICAL,D,17000,16.77,1,0.22,Y,3,1,1,97.0
33,44004,MORTGAGE,4.0,EDUCATION,A,9275,7.29,0,0.21,N,7,0,0,4.0
22,50000,RENT,1.0,MEDICAL,A,11000,7.49,0,0.22,N,2,0,0,3.0
24,65200,MORTGAGE,5.0,MEDICAL,B,3000,11.26,0,0.05,N,3,0,0,4.0
21,21600,RENT,0.0,MEDICAL,B,2000,11.71,0,0.09,N,4,1,0,21.0
28,132650,MORTGAGE,12.0,MEDICAL,B,20000,10.65,0,0.15,N,5,0,0,1.0
24,20856,OWN,4.0,VENTURE,B,10000,10.59,0,0.48,N,4,0,0,14.000000000000002
24,110000,MORTGAGE,8.0,PERSONAL,C,5600,12.98,0,0.05,Y,4,0,0,2.0
35,60000,RENT,3.0,HOMEIMPROVEMENT,A,8000,5.79,0,0.13,N,10,0,0,0.0
28,25000,RENT,1.0,MEDICAL,B,12000,9.83,1,0.48,N,9,1,1,100.0
27,44000,RENT,2.0,MEDICAL,A,7000,7.14,0,0.16,N,7,0,0,4.0
22,75000,MORTGAGE,2.0,MEDICAL,A,8150,7.51,0,0.11,N,4,0,0,3.0
36,82000,RENT,12.0,HOMEIMPROVEMENT,C,18000,13.22,0,0.22,N,17,0,0,12.0
25,44000,RENT,2.0,PERSONAL,D,10000,15.65,1,0.23,N,2,1,1,86.0
26,75000,RENT,4.0,VENTURE,B,12000,10.37,0,0.16,N,4,0,0,0.0
25,80004,MORTGAGE,8.0,PERSONAL,A,6000,8.0,0,0.07,N,2,1,0,3.0
27,100970,MORTGAGE,5.0,VENTURE,B,20000,11.99,0,0.2,N,9,0,0,0.0
28,114400,MORTGAGE,0.0,PERSONAL,A,12000,7.29,0,0.1,N,6,0,0,3.0
24,101900,MORTGAGE,0.0,VENTURE,A,13600,6.62,0,0.13,N,3,0,0,0.0
27,43200,RENT,4.0,MEDICAL,B,4200,10.74,0,0.1,N,6,0,0,2.0
28,75000,MORTGAGE,12.0,DEBTCONSOLIDATION,C,15250,11.34,0,0.2,Y,7,0,0,10.0
22,24000,RENT,0.0,EDUCATION,B,4500,11.49,0,0.19,N,2,0,0,8.0
25,108000,MORTGAGE,0.0,HOMEIMPROVEMENT,B,21000,11.71,0,0.19,N,4,0,0,9.0
24,24000,RENT,6.0,DEBTCONSOLIDATION,B,10000,10.99,1,0.42,N,4,1,1,100.0
23,75000,MORTGAGE,7.0,PERSONAL,B,4950,10.99,0,0.07,N,3,0,0,5.0
27,72000,MORTGAGE,6.0,EDUCATION,A,6000,5.42,0,0.08,N,10,0,0,3.0
23,34800,RENT,7.0,EDUCATION,A,2500,6.39,0,0.07,N,2,0,0,4.0
37,26500,RENT,11.0,EDUCATION,C,2000,13.16,0,0.08,Y,16,0,0,17.0
23,40000,RENT,2.0,EDUCATION,A,1000,6.03,0,0.03,N,2,0,0,2.0
26,150000,OWN,6.0,EDUCATION,D,7000,14.96,0,0.05,Y,4,0,0,5.0
37,56000,MORTGAGE,2.0,HOMEIMPROVEMENT,A,13000,9.63,0,0.23,N,17,0,0,5.0
23,59800,MORTGAGE,7.0,VENTURE,C,15000,15.96,0,0.25,Y,3,0,0,23.0
23,18600,RENT,2.0,DEBTCONSOLIDATION,B,1700,9.99,0,0.09,N,3,0,0,19.0
38,53712,MORTGAGE,7.0,VENTURE,C,4000,13.43,0,0.07,Y,12,0,0,17.0
24,70000,RENT,0.0,EDUCATION,A,10000,7.29,0,0.14,N,4,0,0,1.0
22,65100,RENT,3.0,EDUCATION,E,6000,16.2,0,0.09,N,4,0,0,50.0
27,70000,MORTGAGE,11.0,PERSONAL,A,5600,5.42,0,0.08,N,7,0,0,3.0
21,60000,MORTGAGE,2.0,VENTURE,B,6000,10.62,0,0.1,N,4,0,0,0.0
24,25000,RENT,0.0,HOMEIMPROVEMENT,B,8500,12.21,1,0.34,N,2,1,1,100.0
24,98000,RENT,2.0,DEBTCONSOLIDATION,E,15000,14.93,1,0.15,N,2,1,1,71.0
22,46000,RENT,3.0,EDUCATION,B,11000,10.59,0,0.24,N,3,0,0,0.0
26,45000,RENT,0.0,DEBTCONSOLIDATION,B,9000,10.39,0,0.2,N,2,0,0,1.0
26,37680,RENT,5.0,MEDICAL,D,2000,14.96,1,0.05,Y,2,1,1,59.0
25,175000,RENT,2.0,PERSONAL,A,25000,8.9,0,0.14,N,2,0,0,2.0
40,64200,RENT,2.0,DEBTCONSOLIDATION,A,3000,7.74,0,0.05,N,17,0,0,1.0
33,75000,MORTGAGE,3.0,HOMEIMPROVEMENT,B,15000,12.21,0,0.2,N,10,0,0,8.0
24,41000,RENT,1.0,DEBTCONSOLIDATION,C,7000,12.53,0,0.17,N,2,0,0,5.0
34,28000,OWN,1.0,HOMEIMPROVEMENT,B,3000,9.99,0,0.11,N,5,0,0,7.000000000000001
23,42870,RENT,7.0,MEDICAL,A,2000,5.42,0,0.05,N,3,0,0,5.0
22,65004,RENT,4.0,VENTURE,E,15000,16.95,0,0.23,N,3,0,0,50.0
22,35000,RENT,1.0,EDUCATION,C,2400,13.49,0,0.07,Y,2,0,0,20.0
22,31200,RENT,0.0,PERSONAL,D,8000,14.3,1,0.26,Y,3,1,1,90.0
24,100000,MORTGAGE,8.0,HOMEIMPROVEMENT,A,12000,6.92,0,0.12,N,2,0,0,0.0
36,69000,RENT,0.0,HOMEIMPROVEMENT,D,25000,14.59,1,0.36,N,12,1,1,97.0
29,42000,MORTGAGE,6.0,EDUCATION,A,5500,7.66,0,0.13,N,10,1,0,7.000000000000001
22,33000,RENT,1.0,EDUCATION,B,5000,10.25,0,0.15,N,2,0,0,11.0
29,39000,MORTGAGE,12.0,EDUCATION,A,16000,5.99,0,0.41,N,8,0,0,19.0
26,84000,RENT,4.0,DEBTCONSOLIDATION,B,15000,10.14,0,0.18,N,4,0,0,4.0
30,28000,RENT,5.0,DEBTCONSOLIDATION,C,12000,14.22,1,0.43,N,8,1,1,99.0
25,57200,MORTGAGE,1.0,EDUCATION,A,2400,7.49,0,0.04,N,2,0,0,4.0
23,42000,RENT,2.0,PERSONAL,C,6000,12.41,0,0.14,N,4,1,0,7.000000000000001
24,59000,RENT,7.0,HOMEIMPROVEMENT,D,15250,14.96,0,0.26,N,4,0,0,35.0
26,30000,RENT,11.0,MEDICAL,B,5000,10.99,0,0.17,N,2,0,0,15.0
31,15000,RENT,4.0,EDUCATION,A,5000,7.49,1,0.33,N,10,1,1,100.0
22,36000,MORTGAGE,3.0,MEDICAL,B,6000,12.53,0,0.17,N,2,0,0,21.0
24,92000,MORTGAGE,9.0,PERSONAL,E,25000,17.93,0,0.27,Y,2,0,0,40.0
28,90000,MORTGAGE,13.0,HOMEIMPROVEMENT,A,1800,7.51,0,0.02,N,5,0,0,7.000000000000001
25,39000,RENT,1.0,HOMEIMPROVEMENT,D,10750,14.59,1,0.28,Y,4,1,1,82.0
28,62000,RENT,2.0,PERSONAL,B,3000,9.96,0,0.05,N,9,0,0,2.0
26,35500,RENT,10.0,DEBTCONSOLIDATION,D,8400,17.27,1,0.24,N,4,1,1,75.0
32,16800,RENT,0.0,PERSONAL,C,5000,14.35,1,0.3,Y,7,1,1,97.0
28,28089,RENT,0.0,PERSONAL,C,5500,12.22,0,0.2,Y,5,0,0,21.0
24,83000,RENT,5.0,PERSONAL,D,25000,12.92,1,0.3,Y,3,0,1,56.00000000000001
27,66000,RENT,6.0,VENTURE,A,10000,7.9,0,0.15,N,7,0,0,0.0
37,100000,MORTGAGE,0.0,VENTURE,C,9600,13.22,0,0.1,Y,17,0,0,5.0
28,48000,RENT,4.0,VENTURE,D,2000,14.96,0,0.04,N,5,0,0,10.0
26,50004,MORTGAGE,10.0,EDUCATION,A,5000,9.32,0,0.1,N,2,0,0,10.0
31,52000,MORTGAGE,8.0,HOMEIMPROVEMENT,A,6400,7.88,0,0.12,N,10,0,0,4.0
33,65000,RENT,4.0,VENTURE,A,1000,7.49,0,0.02,N,9,0,0,0.0
31,70000,MORTGAGE,9.0,MEDICAL,A,6000,7.49,0,0.09,N,7,0,0,3.0
24,58000,RENT,5.0,MEDICAL,A,5000,7.49,0,0.09,N,2,0,0,0.0
30,130000,MORTGAGE,14.0,VENTURE,B,7000,9.91,0,0.05,N,9,0,0,0.0
31,33600,MORTGAGE,1.0,HOMEIMPROVEMENT,B,15250,12.53,0,0.45,N,6,0,0,19.0
28,64600,RENT,3.0,PERSONAL,C,10000,13.48,0,0.15,Y,7,0,0,3.0
24,38000,RENT,8.0,MEDICAL,B,4500,10.83,0,0.12,N,2,0,0,17.0
29,45000,OWN,8.0,MEDICAL,B,8000,12.21,0,0.18,N,10,0,0,4.0
24,51000,MORTGAGE,5.0,HOMEIMPROVEMENT,A,3600,7.14,0,0.07,N,2,0,0,1.0
29,84996,MORTGAGE,13.0,DEBTCONSOLIDATION,A,6000,7.68,0,0.07,N,8,0,0,0.0
28,65000,RENT,9.0,PERSONAL,A,10400,5.42,0,0.16,N,8,0,0,4.0
30,66000,MORTGAGE,14.0,DEBTCONSOLIDATION,C,11200,13.49,0,0.17,N,6,1,0,7.000000000000001
24,53000,OWN,8.0,MEDICAL,A,3350,6.76,0,0.06,N,2,0,0,0.0
30,59000,MORTGAGE,0.0,MEDICAL,A,10000,7.51,0,0.17,N,8,0,0,24.0
29,41000,MORTGAGE,7.0,VENTURE,A,6000,5.79,0,0.15,N,8,0,0,0.0
31,30000,RENT,1.0,HOMEIMPROVEMENT,C,2500,13.57,1,0.08,Y,8,1,1,79.0
42,64464,MORTGAGE,13.0,MEDICAL,E,30000,19.03,1,0.4,N,17,1,1,95.0
24,69000,RENT,0.0,PERSONAL,E,10000,17.14,1,0.14,N,4,1,1,76.0
34,48000,MORTGAGE,10.0,DEBTCONSOLIDATION,A,9000,7.14,0,0.19,N,6,0,0,4.0
26,74000,RENT,2.0,EDUCATION,C,8000,13.92,0,0.11,N,3,0,0,8.0
25,98400,RENT,4.0,PERSONAL,D,16525,15.28,0,0.17,Y,3,0,0,10.0
32,86000,MORTGAGE,4.0,MEDICAL,B,10800,12.42,0,0.13,N,7,0,0,1.0
26,116004,MORTGAGE,11.0,VENTURE,B,20000,12.21,0,0.17,N,2,0,0,2.0
22,50000,RENT,6.0,EDUCATION,A,10000,7.88,0,0.2,N,4,0,0,4.0
22,32000,RENT,3.0,DEBTCONSOLIDATION,A,5600,7.9,0,0.17,N,3,0,0,6.0
24,50000,MORTGAGE,8.0,EDUCATION,A,3000,7.66,0,0.06,N,2,0,0,0.0
25,48000,MORTGAGE,0.0,MEDICAL,C,23500,13.49,0,0.49,Y,4,0,0,35.0
24,60400,OWN,5.0,VENTURE,A,5500,8.0,0,0.09,N,2,0,0,0.0
33,38500,RENT,1.0,DEBTCONSOLIDATION,A,5000,7.14,0,0.13,N,10,0,0,9.0
31,42000,RENT,2.0,DEBTCONSOLIDATION,A,2200,9.63,0,0.05,N,8,0,0,13.0
28,138600,MORTGAGE,10.0,DEBTCONSOLIDATION,C,12000,12.99,0,0.09,N,7,0,0,2.0
21,72500,RENT,3.0,EDUCATION,C,14000,13.49,0,0.19,Y,3,0,0,2.0
25,101877,RENT,9.0,VENTURE,B,6600,10.99,0,0.06,N,2,0,0,2.0
33,68500,RENT,6.0,HOMEIMPROVEMENT,B,8000,10.62,0,0.12,N,6,0,0,5.0
24,92000,MORTGAGE,8.0,VENTURE,B,11000,10.99,0,0.12,N,3,0,0,0.0
23,148000,RENT,1.0,DEBTCONSOLIDATION,E,25000,14.93,1,0.17,N,3,1,1,83.0
23,45000,MORTGAGE,4.0,EDUCATION,B,9925,11.48,0,0.22,N,2,0,0,2.0
24,56496,RENT,5.0,EDUCATION,A,2000,9.32,0,0.04,N,3,0,0,21.0
33,56000,MORTGAGE,13.0,MEDICAL,A,12000,6.62,0,0.21,N,6,0,0,5.0
36,45000,OWN,4.0,DEBTCONSOLIDATION,D,8000,14.74,0,0.18,Y,13,0,0,20.0
45,60000,RENT,4.0,EDUCATION,B,25000,9.99,1,0.42,N,14,1,1,98.0
22,83000,RENT,2.0,PERSONAL,D,16000,15.31,1,0.19,N,3,1,1,84.0
42,31000,MORTGAGE,5.0,VENTURE,B,7200,11.99,0,0.23,N,17,0,0,10.0
24,30000,RENT,3.0,EDUCATION,B,6000,11.71,0,0.2,N,4,0,0,7.000000000000001
23,49800,RENT,2.0,PERSONAL,B,2400,11.83,0,0.05,N,2,0,0,7.000000000000001
25,67000,RENT,3.0,EDUCATION,A,7000,8.94,0,0.1,N,4,0,0,4.0
24,54000,MORTGAGE,8.0,HOMEIMPROVEMENT,B,8500,10.99,0,0.16,N,3,0,0,10.0
26,54996,RENT,3.0,HOMEIMPROVEMENT,B,5000,11.86,0,0.09,N,2,0,0,20.0
26,102000,MORTGAGE,6.0,DEBTCONSOLIDATION,C,6000,13.61,0,0.06,N,2,0,0,3.0
26,95000,MORTGAGE,10.0,VENTURE,B,5000,9.88,0,0.05,N,2,0,0,2.0
34,275004,MORTGAGE,2.0,VENTURE,D,25000,16.32,0,0.09,Y,9,0,0,21.0
22,39124,OWN,6.0,VENTURE,A,5000,7.74,0,0.13,N,4,0,0,2.0
29,30000,MORTGAGE,3.0,MEDICAL,B,4000,10.99,0,0.13,N,7,0,0,8.0
24,75996,RENT,1.0,DEBTCONSOLIDATION,E,10000,16.0,1,0.13,N,2,1,1,94.0
25,50000,MORTGAGE,0.0,VENTURE,A,2600,6.03,0,0.05,N,3,0,0,2.0
31,83000,RENT,5.0,PERSONAL,B,6300,10.65,0,0.08,N,5,0,0,1.0
28,36000,RENT,13.0,MEDICAL,A,10000,8.59,0,0.28,N,9,0,0,7.000000000000001
23,90000,MORTGAGE,1.0,EDUCATION,B,12000,12.18,0,0.13,N,4,0,0,2.0
22,66250,MORTGAGE,5.0,MEDICAL,A,8700,6.92,0,0.13,N,3,0,0,0.0
28,30000,RENT,4.0,DEBTCONSOLIDATION,A,8000,7.49,0,0.27,N,8,0,0,22.0
29,69000,MORTGAGE,5.0,HOMEIMPROVEMENT,A,14000,7.51,0,0.2,N,5,0,0,7.000000000000001
36,33600,OWN,4.0,PERSONAL,A,3000,8.49,0,0.09,N,14,0,0,10.0
28,105000,RENT,0.0,VENTURE,E,20000,16.77,1,0.19,N,7,1,1,91.0
27,75000,RENT,7.0,VENTURE,B,15000,11.14,0,0.2,N,6,0,0,1.0
25,53000,RENT,6.0,DEBTCONSOLIDATION,C,3000,13.99,0,0.06,N,4,0,0,6.0
24,36000,MORTGAGE,3.0,EDUCATION,B,8000,9.83,0,0.22,N,3,0,0,9.0
26,70000,RENT,9.0,MEDICAL,C,16525,13.92,0,0.24,Y,2,0,0,18.0
67,200000,MORTGAGE,2.0,PERSONAL,C,3000,10.28,0,0.01,N,26,0,0,6.0
30,38400,RENT,4.0,DEBTCONSOLIDATION,C,3000,12.99,0,0.08,N,9,0,0,14.000000000000002
22,80000,MORTGAGE,6.0,EDUCATION,B,35000,10.99,0,0.44,N,2,0,0,18.0
40,32878,RENT,6.0,VENTURE,C,13775,12.98,1,0.42,Y,14,1,1,98.0
29,56700,MORTGAGE,9.0,EDUCATION,C,10000,13.49,0,0.18,Y,5,0,0,3.0
30,50000,RENT,0.0,DEBTCONSOLIDATION,C,7000,14.65,0,0.14,N,9,0,0,17.0
34,73000,MORTGAGE,7.0,PERSONAL,A,20675,7.49,0,0.28,N,9,0,0,2.0
25,53600,RENT,1.0,EDUCATION,A,7300,8.0,0,0.14,N,4,0,0,5.0
24,100000,MORTGAGE,8.0,DEBTCONSOLIDATION,C,3600,13.23,0,0.04,Y,2,0,0,19.0
26,110000,RENT,3.0,HOMEIMPROVEMENT,C,25000,13.49,0,0.23,Y,2,0,0,7.000000000000001
21,31000,MORTGAGE,5.0,PERSONAL,A,6000,7.51,0,0.19,N,4,0,0,17.0
23,35500,MORTGAGE,8.0,EDUCATION,A,9000,7.49,0,0.25,N,3,0,0,9.0
35,30000,RENT,0.0,DEBTCONSOLIDATION,B,3000,10.65,0,0.1,N,9,0,0,22.0
24,41000,RENT,3.0,EDUCATION,A,6000,8.9,0,0.15,N,3,0,0,0.0
37,60000,RENT,17.0,VENTURE,A,5000,6.17,0,0.08,N,13,0,0,0.0
22,30000,RENT,0.0,MEDICAL,A,7000,8.9,0,0.23,N,4,0,0,33.0
23,62400,RENT,0.0,DEBTCONSOLIDATION,C,10000,12.87,0,0.16,Y,4,0,0,3.0
24,60000,RENT,8.0,EDUCATION,A,16800,6.54,0,0.28,N,2,0,0,4.0
29,64402,RENT,1.0,DEBTCONSOLIDATION,A,13500,7.49,0,0.21,N,8,0,0,1.0
31,78504,RENT,2.0,EDUCATION,C,10000,11.41,0,0.13,N,7,0,0,10.0
27,88000,RENT,4.0,DEBTCONSOLIDATION,B,20000,10.38,0,0.23,N,7,0,0,6.0
32,36000,RENT,4.0,VENTURE,A,5300,8.9,0,0.15,N,6,0,0,1.0
26,58000,MORTGAGE,5.0,MEDICAL,C,12000,13.16,0,0.21,Y,4,0,0,2.0
30,56000,MORTGAGE,1.0,MEDICAL,B,14000,12.18,0,0.25,N,7,0,0,17.0
22,48000,MORTGAGE,4.0,PERSONAL,A,6500,6.17,0,0.14,N,2,0,0,1.0
26,75531,RENT,3.0,PERSONAL,D,15000,16.49,0,0.2,N,4,0,0,12.0
24,43400,RENT,2.0,DEBTCONSOLIDATION,E,18000,16.63,1,0.41,Y,2,1,1,100.0
22,52000,RENT,4.0,MEDICAL,A,11200,6.62,0,0.22,N,4,0,0,1.0
21,88000,RENT,4.0,VENTURE,E,10000,17.93,0,0.11,Y,3,1,0,27.0
22,107000,MORTGAGE,2.0,MEDICAL,C,17400,13.47,0,0.16,N,4,0,0,5.0
29,73000,MORTGAGE,7.0,EDUCATION,A,12000,7.29,0,0.16,N,8,0,0,0.0
31,75000,RENT,2.0,VENTURE,A,6000,7.68,0,0.08,N,10,0,0,1.0
27,48000,OWN,3.0,EDUCATION,C,4500,13.8,0,0.09,N,8,0,0,2.0
23,44000,RENT,4.0,DEBTCONSOLIDATION,A,3000,7.66,0,0.07,N,4,1,0,7.000000000000001
29,200000,RENT,14.0,EDUCATION,B,16000,12.69,0,0.08,N,7,0,0,3.0
26,65000,MORTGAGE,10.0,DEBTCONSOLIDATION,A,5000,7.51,0,0.08,N,2,0,0,3.0
22,41300,RENT,6.0,EDUCATION,B,4800,11.89,0,0.12,N,3,0,0,13.0
40,77000,MORTGAGE,9.0,EDUCATION,B,12000,10.99,0,0.16,N,12,0,0,8.0
25,60000,MORTGAGE,7.0,DEBTCONSOLIDATION,A,8000,5.79,0,0.13,N,2,0,0,2.0
25,46500,RENT,5.0,EDUCATION,A,9500,6.76,0,0.2,N,3,0,0,1.0
24,54000,RENT,0.0,HOMEIMPROVEMENT,D,16000,15.65,1,0.3,N,4,1,1,94.0
24,45000,MORTGAGE,0.0,MEDICAL,B,3000,10.99,0,0.07,N,3,0,0,28.999999999999996
27,51996,OWN,8.0,DEBTCONSOLIDATION,D,9600,14.09,0,0.18,N,9,0,0,20.0
23,36000,MORTGAGE,7.0,DEBTCONSOLIDATION,C,15800,13.72,0,0.44,Y,4,0,0,36.0
26,21600,OWN,5.0,EDUCATION,B,5200,12.42,0,0.24,N,3,0,0,11.0
27,12000,OWN,0.0,EDUCATION,D,8125,14.42,1,0.68,Y,5,1,1,88.0
38,18000,RENT,4.0,PERSONAL,C,3000,13.23,1,0.17,N,17,1,1,96.0
28,88365,RENT,9.0,EDUCATION,D,12000,16.29,0,0.14,N,6,0,0,6.0
24,74600,MORTGAGE,3.0,DEBTCONSOLIDATION,E,20000,17.51,1,0.27,N,3,1,1,93.0
26,108000,MORTGAGE,4.0,HOMEIMPROVEMENT,A,8000,5.42,0,0.07,N,4,0,0,0.0
32,52000,RENT,10.0,EDUCATION,A,4200,7.51,0,0.08,N,6,0,0,3.0
27,20000,RENT,1.0,PERSONAL,A,7025,5.42,1,0.35,N,9,1,1,80.0
36,45600,MORTGAGE,6.0,VENTURE,C,10000,13.49,0,0.22,Y,15,0,0,10.0
23,79200,MORTGAGE,7.0,EDUCATION,A,5000,5.42,0,0.06,N,3,0,0,4.0
26,44000,MORTGAGE,3.0,DEBTCONSOLIDATION,D,3500,16.29,1,0.08,N,3,1,1,91.0
26,116600,RENT,2.0,HOMEIMPROVEMENT,C,7500,11.59,0,0.06,Y,3,0,0,8.0
22,38004,RENT,0.0,MEDICAL,B,4100,11.49,0,0.11,N,4,0,0,12.0
25,153000,MORTGAGE,9.0,EDUCATION,B,7500,11.71,0,0.05,N,3,0,0,2.0
25,63000,MORTGAGE,3.0,PERSONAL,C,3000,13.47,0,0.05,Y,2,0,0,7.000000000000001
32,54000,RENT,16.0,HOMEIMPROVEMENT,A,8500,7.49,0,0.16,N,6,0,0,15.0
29,12000,OWN,0.0,HOMEIMPROVEMENT,B,4500,11.14,1,0.38,N,6,1,1,100.0
30,136000,MORTGAGE,13.0,VENTURE,B,2800,10.65,0,0.02,N,10,0,0,0.0
23,28800,RENT,2.0,VENTURE,C,5000,13.11,0,0.17,N,3,0,0,15.0
22,36000,RENT,1.0,DEBTCONSOLIDATION,C,6000,12.68,0,0.17,N,4,0,0,15.0
31,47400,RENT,3.0,MEDICAL,B,4500,10.36,0,0.09,N,5,0,0,3.0
21,75000,MORTGAGE,5.0,EDUCATION,A,5400,7.29,0,0.07,N,3,0,0,10.0
24,73500,RENT,3.0,HOMEIMPROVEMENT,C,5000,12.99,0,0.07,N,4,0,0,11.0
42,70000,RENT,6.0,PERSONAL,B,12000,10.99,0,0.17,N,17,0,0,2.0
32,77500,MORTGAGE,3.0,PERSONAL,B,13000,10.99,0,0.17,N,10,0,0,7.000000000000001
24,27456,RENT,1.0,MEDICAL,C,9250,12.87,1,0.34,N,3,1,1,98.0
33,62000,MORTGAGE,3.0,EDUCATION,A,3700,6.39,0,0.06,N,7,0,0,1.0
26,85000,RENT,3.0,HOMEIMPROVEMENT,C,21000,13.92,0,0.25,N,3,0,0,13.0
27,33000,MORTGAGE,8.0,EDUCATION,D,9000,12.49,0,0.27,Y,8,1,0,45.0
28,61000,MORTGAGE,12.0,PERSONAL,B,12000,9.99,0,0.2,N,6,0,0,0.0
21,53000,MORTGAGE,5.0,VENTURE,C,18000,13.8,0,0.34,Y,3,0,0,14.000000000000002
32,107004,MORTGAGE,6.0,VENTURE,B,4200,11.71,0,0.04,N,8,0,0,1.0
38,34800,RENT,1.0,DEBTCONSOLIDATION,C,2100,14.72,0,0.06,N,13,0,0,18.0
28,37000,RENT,0.0,DEBTCONSOLIDATION,D,14000,14.42,1,0.38,N,10,1,1,99.0
26,57500,MORTGAGE,2.0,DEBTCONSOLIDATION,A,7750,6.76,0,0.13,N,3,0,0,10.0
25,42000,RENT,2.0,DEBTCONSOLIDATION,C,4800,13.22,0,0.11,N,4,0,0,17.0
23,90000,MORTGAGE,5.0,PERSONAL,A,15000,6.03,0,0.17,N,3,0,0,2.0
40,76000,RENT,1.0,PERSONAL,C,5000,13.72,0,0.07,Y,15,0,0,16.0
28,60000,MORTGAGE,6.0,EDUCATION,B,15000,11.99,0,0.25,N,5,0,0,1.0
25,42000,RENT,2.0,MEDICAL,B,2000,9.25,0,0.05,N,3,0,0,4.0
23,35000,MORTGAGE,7.0,EDUCATION,F,15000,18.43,1,0.43,Y,2,0,1,61.0
32,50000,RENT,0.0,EDUCATION,C,6400,13.35,0,0.13,N,8,0,0,7.000000000000001
22,39000,RENT,5.0,PERSONAL,D,9600,16.77,0,0.25,Y,2,1,0,30.0
38,44000,RENT,0.0,PERSONAL,D,5000,15.65,1,0.11,N,14,1,1,89.0
23,25800,RENT,2.0,PERSONAL,C,6000,13.49,0,0.23,Y,4,0,0,9.0
25,100000,RENT,3.0,EDUCATION,B,12000,9.91,0,0.12,N,2,0,0,1.0
27,58000,OWN,4.0,EDUCATION,B,4000,11.14,0,0.07,N,10,0,0,5.0
58,85000,MORTGAGE,0.0,PERSONAL,B,8000,11.49,0,0.09,N,28,0,0,11.0
22,67000,OWN,5.0,EDUCATION,D,7500,16.29,0,0.11,Y,3,0,0,1.0
22,60000,OWN,7.0,VENTURE,D,15000,16.49,0,0.25,Y,2,0,0,7.000000000000001
30,65000,RENT,3.0,PERSONAL,C,10000,12.73,0,0.15,Y,6,0,0,1.0
23,50000,MORTGAGE,2.0,VENTURE,A,6400,8.49,0,0.13,N,4,0,0,0.0
26,60000,MORTGAGE,6.0,EDUCATION,A,9000,6.91,0,0.15,N,3,0,0,4.0
29,45000,MORTGAGE,4.0,PERSONAL,D,15000,18.49,0,0.33,N,6,0,0,38.0
27,36000,MORTGAGE,3.0,HOMEIMPROVEMENT,A,2500,9.63,0,0.07,N,7,0,0,11.0
35,60000,MORTGAGE,12.0,MEDICAL,C,16000,15.96,1,0.27,Y,5,0,1,51.0
30,106000,RENT,9.0,DEBTCONSOLIDATION,C,20000,13.22,0,0.19,Y,5,0,0,5.0
21,66000,MORTGAGE,4.0,DEBTCONSOLIDATION,A,7000,7.88,0,0.11,N,2,0,0,5.0
21,45996,MORTGAGE,2.0,EDUCATION,C,17000,13.16,0,0.37,Y,4,1,0,7.000000000000001
26,78000,RENT,8.0,HOMEIMPROVEMENT,C,20000,13.85,0,0.26,Y,4,0,0,18.0
29,85000,RENT,1.0,PERSONAL,B,35000,11.99,1,0.41,N,8,1,1,93.0
25,39396,RENT,0.0,VENTURE,D,6000,15.31,1,0.15,Y,3,1,1,98.0
21,32000,MORTGAGE,5.0,DEBTCONSOLIDATION,B,4200,11.58,0,0.13,N,2,0,0,21.0
25,19800,RENT,0.0,DEBTCONSOLIDATION,C,5000,13.49,1,0.25,Y,4,1,1,87.0
24,49344,MORTGAGE,6.0,DEBTCONSOLIDATION,B,8500,9.99,0,0.17,N,4,0,0,13.0
45,54000,MORTGAGE,1.0,EDUCATION,D,7750,16.07,0,0.14,N,13,1,0,36.0
24,59000,RENT,1.0,EDUCATION,A,10000,7.49,0,0.17,N,4,0,0,7.000000000000001
23,18000,RENT,1.0,PERSONAL,A,7000,7.88,1,0.39,N,4,1,1,100.0
32,54000,MORTGAGE,9.0,EDUCATION,B,3000,10.99,0,0.06,N,7,0,0,2.0
25,55800,MORTGAGE,1.0,PERSONAL,B,4000,10.75,0,0.07,N,2,0,0,7.000000000000001
22,100000,MORTGAGE,6.0,EDUCATION,B,14350,9.99,0,0.14,N,2,0,0,0.0
24,62400,RENT,4.0,DEBTCONSOLIDATION,D,20000,14.84,1,0.32,N,4,1,1,97.0
23,39996,MORTGAGE,5.0,EDUCATION,A,10000,7.51,0,0.25,N,3,0,0,4.0
37,24000,RENT,5.0,DEBTCONSOLIDATION,B,10000,9.76,1,0.42,N,13,1,1,100.0
27,50000,OWN,3.0,MEDICAL,C,9000,12.53,0,0.18,N,8,0,0,2.0
27,69790,RENT,6.0,DEBTCONSOLIDATION,B,18000,10.25,0,0.26,N,9,0,0,6.0
26,24000,RENT,0.0,MEDICAL,D,3600,14.96,1,0.15,N,4,1,1,91.0
25,52000,RENT,4.0,PERSONAL,B,24000,10.74,1,0.46,N,2,1,1,99.0
23,26000,RENT,1.0,PERSONAL,D,1600,16.29,1,0.06,Y,3,1,1,93.0
32,77400,MORTGAGE,0.0,DEBTCONSOLIDATION,F,10000,18.43,1,0.13,N,6,1,1,70.0
25,90000,RENT,5.0,PERSONAL,A,10000,7.49,0,0.11,N,2,0,0,1.0
25,25000,OWN,2.0,VENTURE,A,1500,6.76,0,0.06,N,4,0,0,1.0
31,32000,RENT,0.0,HOMEIMPROVEMENT,B,4500,11.14,1,0.14,N,9,1,1,76.0
25,52000,RENT,9.0,EDUCATION,C,16000,13.98,1,0.31,N,3,1,1,95.0
30,75000,RENT,2.0,HOMEIMPROVEMENT,A,10000,7.29,0,0.13,N,9,0,0,1.0
27,65000,RENT,2.0,HOMEIMPROVEMENT,A,4000,5.99,0,0.06,N,5,0,0,5.0
25,170000,MORTGAGE,0.0,EDUCATION,A,3850,6.17,0,0.02,N,4,0,0,0.0
23,39000,MORTGAGE,7.0,VENTURE,C,16000,14.26,0,0.41,N,3,1,0,17.0
44,48000,RENT,0.0,MEDICAL,C,5000,13.43,0,0.1,N,17,0,0,7.000000000000001
22,50400,MORTGAGE,6.0,EDUCATION,D,12000,14.09,0,0.24,N,2,0,0,20.0
42,40000,RENT,0.0,MEDICAL,A,5000,6.17,0,0.13,N,12,0,0,6.0
37,54000,RENT,2.0,VENTURE,C,5500,13.23,0,0.1,Y,12,1,0,13.0
27,44000,MORTGAGE,3.0,EDUCATION,C,6400,13.85,0,0.15,N,10,0,0,26.0
22,22800,MORTGAGE,0.0,EDUCATION,A,3000,8.94,0,0.13,N,4,0,0,11.0
26,96000,MORTGAGE,2.0,VENTURE,G,10000,21.14,1,0.1,N,3,1,1,57.99999999999999
38,55000,MORTGAGE,3.0,MEDICAL,C,14000,13.22,0,0.25,N,13,0,0,21.0
23,80000,RENT,6.0,PERSONAL,A,5000,5.42,0,0.06,N,2,0,0,7.000000000000001
47,45000,OWN,10.0,MEDICAL,A,11200,6.62,0,0.25,N,12,0,0,0.0
28,84500,MORTGAGE,13.0,HOMEIMPROVEMENT,C,9600,15.27,0,0.11,N,5,0,0,13.0
24,24000,RENT,4.0,HOMEIMPROVEMENT,B,2000,12.69,1,0.08,N,2,1,1,83.0
30,90000,MORTGAGE,14.0,PERSONAL,A,18000,8.49,0,0.2,N,7,0,0,2.0
22,61000,MORTGAGE,6.0,EDUCATION,A,12000,7.49,0,0.2,N,2,0,0,1.0
29,48000,MORTGAGE,13.0,PERSONAL,A,6625,8.49,0,0.14,N,9,0,0,7.000000000000001
30,45000,RENT,0.0,MEDICAL,B,4800,10.37,0,0.11,N,6,0,0,0.0
22,24000,OWN,1.0,EDUCATION,C,6000,12.68,0,0.25,N,4,0,0,3.0
25,48000,MORTGAGE,7.0,VENTURE,B,3000,11.99,0,0.06,N,4,0,0,4.0
30,69000,MORTGAGE,13.0,VENTURE,B,10000,9.99,0,0.14,N,9,0,0,1.0
22,50000,RENT,7.0,DEBTCONSOLIDATION,B,15600,12.21,1,0.31,N,4,1,1,98.0
26,53000,MORTGAGE,10.0,MEDICAL,C,11500,14.65,0,0.22,N,4,0,0,24.0
26,35000,MORTGAGE,0.0,MEDICAL,A,8000,5.42,0,0.23,N,2,0,0,9.0
49,77736,MORTGAGE,4.0,DEBTCONSOLIDATION,A,8000,6.03,0,0.1,N,17,0,0,9.0
23,54000,RENT,0.0,DEBTCONSOLIDATION,B,12000,12.42,0,0.22,N,2,1,0,13.0
26,54000,MORTGAGE,5.0,PERSONAL,A,14000,7.88,0,0.26,N,3,0,0,10.0
32,115200,MORTGAGE,3.0,MEDICAL,A,10200,7.49,0,0.09,N,9,0,0,2.0
28,65000,MORTGAGE,5.0,MEDICAL,C,4500,15.96,0,0.07,Y,9,0,0,25.0
27,140000,MORTGAGE,11.0,MEDICAL,A,2700,7.49,0,0.02,N,9,0,0,2.0
27,37440,RENT,7.0,PERSONAL,B,2800,10.99,0,0.07,N,9,0,0,17.0
37,780000,RENT,9.0,VENTURE,B,7500,12.18,0,0.01,N,13,0,0,1.0
31,59500,RENT,1.0,MEDICAL,B,6000,11.71,0,0.09,N,6,1,0,9.0
36,72000,MORTGAGE,3.0,EDUCATION,A,8000,6.92,0,0.11,N,12,0,0,0.0
37,63000,RENT,2.0,DEBTCONSOLIDATION,B,11000,10.99,0,0.17,N,16,0,0,9.0
36,20004,RENT,1.0,VENTURE,B,4375,10.74,0,0.22,N,17,0,0,4.0
56,150000,MORTGAGE,5.0,PERSONAL,B,15000,11.48,0,0.1,N,26,0,0,6.0
23,25000,RENT,0.0,DEBTCONSOLIDATION,A,5000,6.91,0,0.2,N,3,0,0,7.000000000000001
29,126000,MORTGAGE,2.0,EDUCATION,B,6450,10.37,0,0.05,N,7,0,0,2.0
38,75000,MORTGAGE,13.0,VENTURE,B,20000,11.36,0,0.27,N,11,0,0,3.0
22,49800,RENT,1.0,PERSONAL,A,3000,7.88,0,0.06,N,3,0,0,7.000000000000001
30,24000,OWN,11.0,VENTURE,A,6000,7.49,0,0.25,N,9,0,0,1.0
33,42000,RENT,8.0,MEDICAL,D,2000,15.31,1,0.05,Y,9,0,1,62.0
22,24000,RENT,0.0,DEBTCONSOLIDATION,C,3000,13.49,0,0.13,N,4,1,0,10.0
29,44000,RENT,2.0,PERSONAL,D,5400,16.0,1,0.12,Y,8,1,1,94.0
21,85800,MORTGAGE,5.0,VENTURE,B,18900,10.99,0,0.22,N,2,0,0,4.0
27,18000,RENT,2.0,MEDICAL,B,2400,10.65,0,0.13,N,6,0,0,19.0
34,39600,MORTGAGE,16.0,PERSONAL,A,2400,6.03,0,0.06,N,9,0,0,3.0
26,80690,RENT,8.0,PERSONAL,A,30000,7.49,1,0.37,N,3,1,1,90.0
25,29000,RENT,0.0,MEDICAL,C,6000,13.49,0,0.21,N,3,1,0,12.0
25,30000,RENT,4.0,MEDICAL,C,2000,14.22,0,0.07,Y,4,0,0,6.0
22,72000,MORTGAGE,6.0,PERSONAL,A,10800,6.91,0,0.15,N,3,0,0,0.0
23,24000,RENT,1.0,VENTURE,B,14075,10.99,1,0.59,N,3,1,1,100.0
46,101500,MORTGAGE,8.0,DEBTCONSOLIDATION,B,15000,11.14,0,0.15,N,14,0,0,1.0
34,220000,MORTGAGE,13.0,DEBTCONSOLIDATION,C,11275,12.99,0,0.05,Y,8,0,0,5.0
28,53100,RENT,4.0,MEDICAL,D,3000,15.31,1,0.06,N,9,1,1,76.0
29,240000,MORTGAGE,13.0,DEBTCONSOLIDATION,A,12000,6.03,0,0.05,N,9,0,0,5.0
30,55840,RENT,6.0,MEDICAL,B,6000,10.25,0,0.11,N,5,0,0,16.0
29,96000,MORTGAGE,1.0,DEBTCONSOLIDATION,A,11200,5.42,0,0.12,N,9,0,0,1.0
44,58000,RENT,2.0,HOMEIMPROVEMENT,C,15000,13.48,0,0.26,Y,15,0,0,9.0
26,85000,RENT,1.0,EDUCATION,A,2500,8.59,0,0.03,N,2,0,0,5.0
38,65000,RENT,2.0,VENTURE,A,7000,7.88,0,0.11,N,11,0,0,0.0
25,50000,MORTGAGE,9.0,EDUCATION,A,5000,5.79,0,0.1,N,2,0,0,4.0
22,78996,RENT,1.0,DEBTCONSOLIDATION,D,12000,15.95,1,0.15,Y,3,1,1,100.0
37,84000,MORTGAGE,21.0,VENTURE,C,24000,13.49,0,0.29,Y,17,0,0,23.0
23,125000,MORTGAGE,7.0,MEDICAL,B,10000,9.99,0,0.08,N,2,0,0,1.0
35,75000,OWN,9.0,VENTURE,A,7600,7.49,0,0.1,N,7,0,0,1.0
24,35000,MORTGAGE,8.0,VENTURE,B,2000,10.37,0,0.06,N,2,0,0,3.0
29,12000,RENT,1.0,EDUCATION,D,4500,15.05,1,0.38,N,9,1,1,100.0
23,38400,OWN,5.0,EDUCATION,B,7675,10.0,0,0.2,N,4,0,0,8.0
29,90444,RENT,13.0,MEDICAL,A,12000,7.14,0,0.13,N,8,0,0,0.0
25,50000,RENT,5.0,HOMEIMPROVEMENT,A,3000,6.03,0,0.06,N,3,0,0,2.0
27,51200,RENT,11.0,EDUCATION,D,18000,14.96,1,0.35,Y,8,1,1,96.0
25,26000,RENT,5.0,MEDICAL,B,12000,11.99,1,0.46,N,3,1,1,100.0
35,75573,MORTGAGE,9.0,HOMEIMPROVEMENT,B,22000,9.88,0,0.29,N,8,0,0,13.0
23,60000,RENT,4.0,PERSONAL,B,12500,10.25,0,0.21,N,3,0,0,3.0
47,92000,OWN,0.0,HOMEIMPROVEMENT,D,12000,14.11,0,0.13,N,12,0,0,18.0
24,47250,RENT,5.0,EDUCATION,B,12600,11.83,0,0.27,N,2,0,0,11.0
23,85000,RENT,7.0,PERSONAL,B,15000,10.99,0,0.18,N,3,0,0,0.0
33,60000,OWN,7.0,EDUCATION,A,12000,6.62,0,0.2,N,10,0,0,1.0
38,95000,RENT,9.0,MEDICAL,C,5000,13.48,0,0.05,Y,16,0,0,6.0
27,42504,RENT,2.0,DEBTCONSOLIDATION,B,7200,10.59,0,0.17,N,6,0,0,3.0
23,85000,MORTGAGE,5.0,EDUCATION,A,8000,7.14,0,0.09,N,2,0,0,1.0
24,90000,RENT,9.0,VENTURE,D,15000,14.42,0,0.17,Y,3,0,0,2.0
28,65000,RENT,3.0,HOMEIMPROVEMENT,B,7000,12.69,0,0.11,N,10,0,0,5.0
24,78300,RENT,2.0,VENTURE,A,7000,6.03,0,0.09,N,3,0,0,3.0
25,50000,RENT,7.0,EDUCATION,E,8500,15.7,0,0.17,N,4,0,0,23.0
26,46999,RENT,2.0,VENTURE,B,10000,10.99,0,0.21,N,3,0,0,0.0
27,90000,MORTGAGE,8.0,DEBTCONSOLIDATION,A,12000,7.29,0,0.13,N,5,0,0,1.0
23,24290,RENT,0.0,MEDICAL,A,3400,7.51,0,0.14,N,4,0,0,6.0
22,140000,MORTGAGE,6.0,EDUCATION,B,10000,10.99,0,0.07,N,3,0,0,4.0
22,100000,MORTGAGE,6.0,DEBTCONSOLIDATION,A,15000,8.94,0,0.15,N,3,0,0,1.0
25,42000,RENT,6.0,MEDICAL,A,5600,7.49,0,0.13,N,2,0,0,1.0
27,70000,RENT,4.0,MEDICAL,A,7500,7.88,0,0.11,N,5,0,0,3.0
27,62570,MORTGAGE,11.0,EDUCATION,D,25000,14.84,0,0.4,N,5,0,0,13.0
23,29000,RENT,0.0,EDUCATION,E,10000,17.93,1,0.34,Y,3,1,1,99.0
28,49000,MORTGAGE,5.0,MEDICAL,B,4750,10.25,0,0.1,N,8,0,0,15.0
22,67775,MORTGAGE,3.0,EDUCATION,C,9600,14.79,0,0.14,Y,4,0,0,18.0
31,80004,MORTGAGE,9.0,MEDICAL,B,5500,10.75,0,0.07,N,8,0,0,0.0
23,33600,MORTGAGE,4.0,DEBTCONSOLIDATION,C,4000,14.79,0,0.12,N,2,0,0,24.0
25,65000,RENT,3.0,PERSONAL,A,4000,6.62,0,0.06,N,2,0,0,6.0
23,30000,RENT,0.0,EDUCATION,C,6000,13.49,0,0.2,Y,3,0,0,12.0
29,60000,OWN,1.0,PERSONAL,B,10000,10.99,0,0.17,N,10,0,0,1.0
25,44000,MORTGAGE,7.0,EDUCATION,B,7500,10.08,0,0.17,N,4,1,0,28.999999999999996
22,67000,MORTGAGE,0.0,EDUCATION,B,12000,11.99,0,0.18,N,4,0,0,8.0
24,83000,RENT,3.0,HOMEIMPROVEMENT,A,3200,6.99,0,0.04,N,3,0,0,4.0
27,31000,RENT,0.0,MEDICAL,B,4000,10.74,0,0.13,N,7,0,0,5.0
21,27600,OWN,3.0,EDUCATION,C,1000,15.27,0,0.04,Y,3,0,0,4.0
27,24000,RENT,0.0,PERSONAL,B,2800,10.95,0,0.12,N,10,0,0,13.0
27,100000,RENT,7.0,MEDICAL,B,14000,10.62,0,0.14,N,8,0,0,1.0
25,170850,MORTGAGE,9.0,MEDICAL,F,6500,15.01,0,0.03,N,2,1,0,50.0
24,60000,MORTGAGE,0.0,PERSONAL,B,15000,11.89,0,0.25,N,2,0,0,7.000000000000001
23,120000,MORTGAGE,7.0,VENTURE,B,4400,11.71,0,0.04,N,3,0,0,1.0
31,18000,RENT,6.0,EDUCATION,C,4000,12.84,1,0.22,N,5,1,1,99.0
31,62004,RENT,1.0,VENTURE,C,10000,12.84,0,0.16,N,5,0,0,5.0
23,64000,RENT,7.0,DEBTCONSOLIDATION,C,3500,14.72,0,0.05,Y,2,1,0,10.0
28,60372,RENT,4.0,DEBTCONSOLIDATION,C,18000,14.65,0,0.3,Y,5,0,0,46.0
23,68000,MORTGAGE,2.0,VENTURE,B,10000,10.37,0,0.15,N,2,0,0,3.0
27,61500,MORTGAGE,3.0,HOMEIMPROVEMENT,B,6000,10.99,0,0.1,N,7,0,0,6.0
22,39000,RENT,3.0,MEDICAL,B,6600,10.99,0,0.17,N,2,0,0,18.0
24,90000,MORTGAGE,7.0,EDUCATION,B,35000,10.65,0,0.39,N,3,0,0,14.000000000000002
27,23000,RENT,0.0,VENTURE,A,8500,7.49,1,0.37,N,7,1,1,98.0
24,79000,RENT,9.0,DEBTCONSOLIDATION,D,25000,14.96,1,0.32,Y,4,1,1,97.0
22,50000,RENT,6.0,MEDICAL,A,9500,6.99,0,0.19,N,2,0,0,3.0
45,125000,MORTGAGE,0.0,HOMEIMPROVEMENT,A,12000,6.03,0,0.1,N,14,0,0,4.0
26,101000,MORTGAGE,6.0,PERSONAL,A,16000,7.88,0,0.16,N,3,0,0,1.0
31,90000,MORTGAGE,3.0,VENTURE,C,16500,12.61,0,0.18,N,6,0,0,2.0
31,59000,RENT,2.0,HOMEIMPROVEMENT,C,8750,12.68,0,0.15,N,9,0,0,10.0
21,19000,OWN,0.0,MEDICAL,D,7200,14.74,1,0.38,Y,4,1,1,96.0
26,120000,MORTGAGE,3.0,DEBTCONSOLIDATION,B,25000,10.99,0,0.21,N,3,0,0,10.0
35,74984,RENT,2.0,VENTURE,A,13500,7.29,0,0.18,N,9,0,0,0.0
24,24000,OWN,5.0,VENTURE,A,4200,6.99,0,0.17,N,3,0,0,0.0
21,28800,MORTGAGE,0.0,DEBTCONSOLIDATION,A,5000,7.49,0,0.17,N,3,0,0,7.000000000000001
28,64000,MORTGAGE,5.0,VENTURE,A,12000,6.03,0,0.19,N,8,0,0,0.0
27,24000,RENT,0.0,VENTURE,B,2800,10.95,0,0.12,N,10,0,0,8.0
34,84000,MORTGAGE,10.0,VENTURE,A,30000,7.9,0,0.36,N,8,0,0,6.0
30,49200,MORTGAGE,13.0,HOMEIMPROVEMENT,A,9250,7.49,0,0.19,N,8,0,0,8.0
21,57000,RENT,3.0,PERSONAL,A,3000,5.42,0,0.05,N,3,0,0,6.0
25,51000,MORTGAGE,6.0,EDUCATION,C,3000,13.99,0,0.06,N,2,0,0,12.0
29,52000,RENT,4.0,MEDICAL,C,10000,13.23,0,0.19,Y,9,0,0,2.0
22,59000,RENT,4.0,MEDICAL,E,16000,16.32,1,0.27,N,3,1,1,87.0
23,55000,RENT,3.0,VENTURE,C,14000,11.66,0,0.25,N,3,0,0,9.0
25,27096,RENT,7.0,DEBTCONSOLIDATION,A,5000,7.9,0,0.18,N,2,1,0,44.0
22,78400,MORTGAGE,2.0,VENTURE,D,5000,17.49,0,0.06,Y,3,0,0,18.0
23,60228,RENT,7.0,MEDICAL,C,8000,12.98,0,0.13,Y,2,0,0,5.0
23,14898,RENT,4.0,VENTURE,C,6250,15.27,1,0.42,N,2,1,1,98.0
22,12000,RENT,5.0,EDUCATION,B,5500,10.36,1,0.46,N,4,1,1,100.0
32,107800,OWN,3.0,EDUCATION,C,5200,14.65,0,0.05,Y,8,0,0,0.0
26,54000,RENT,7.0,DEBTCONSOLIDATION,D,25000,14.83,1,0.46,Y,2,1,1,100.0
24,77350,MORTGAGE,2.0,DEBTCONSOLIDATION,C,4800,13.79,0,0.06,Y,4,0,0,9.0
28,67386,MORTGAGE,11.0,HOMEIMPROVEMENT,A,1500,6.91,0,0.02,N,6,0,0,8.0
32,78000,RENT,0.0,VENTURE,C,13000,12.87,0,0.17,Y,10,0,0,2.0
24,27000,RENT,0.0,DEBTCONSOLIDATION,C,10000,12.73,1,0.37,N,2,1,1,98.0
24,72000,RENT,8.0,PERSONAL,C,3200,13.92,0,0.04,N,3,0,0,6.0
26,103000,MORTGAGE,0.0,PERSONAL,C,14000,13.57,0,0.14,N,4,1,0,4.0
22,26000,RENT,0.0,EDUCATION,B,8000,11.99,1,0.31,N,4,1,1,94.0
29,27600,RENT,2.0,EDUCATION,A,7500,6.62,0,0.27,N,9,0,0,5.0
37,133000,RENT,3.0,MEDICAL,C,9000,13.85,0,0.07,Y,12,0,0,8.0
23,55000,OWN,7.0,VENTURE,B,1000,11.49,0,0.02,N,4,0,0,0.0
22,31200,RENT,1.0,VENTURE,B,3200,11.99,0,0.1,N,2,0,0,1.0
24,90000,MORTGAGE,8.0,DEBTCONSOLIDATION,C,19750,13.61,0,0.22,Y,2,0,0,13.0
23,59000,MORTGAGE,7.0,EDUCATION,A,9000,8.49,0,0.15,N,3,0,0,3.0
25,79000,MORTGAGE,9.0,PERSONAL,B,7500,10.01,0,0.09,N,3,0,0,16.0
34,75000,MORTGAGE,7.0,DEBTCONSOLIDATION,A,6500,9.38,0,0.09,N,7,0,0,5.0
23,60000,MORTGAGE,6.0,EDUCATION,C,25600,13.49,0,0.43,N,4,0,0,27.0
24,130000,MORTGAGE,8.0,EDUCATION,A,18500,7.49,0,0.14,N,2,0,0,0.0
23,21600,RENT,3.0,EDUCATION,B,5500,9.25,0,0.25,N,4,0,0,8.0
23,33600,RENT,7.0,MEDICAL,D,11000,15.65,1,0.33,Y,3,1,1,99.0
27,12000,RENT,2.0,PERSONAL,C,2850,13.61,1,0.24,Y,5,1,1,98.0
22,76000,RENT,4.0,EDUCATION,A,12000,7.9,0,0.16,N,4,0,0,3.0
26,74000,MORTGAGE,4.0,EDUCATION,B,7500,10.08,0,0.1,N,4,1,0,18.0
29,72000,RENT,4.0,DEBTCONSOLIDATION,C,7800,13.49,0,0.11,Y,8,0,0,7.000000000000001
26,88000,RENT,10.0,VENTURE,B,10000,12.69,0,0.11,N,2,0,0,0.0
24,43000,MORTGAGE,1.0,PERSONAL,D,4000,17.49,0,0.09,N,3,1,0,20.0
32,119000,MORTGAGE,10.0,MEDICAL,C,9000,13.47,0,0.08,N,7,0,0,6.0
24,52559,RENT,9.0,HOMEIMPROVEMENT,B,20000,10.99,1,0.38,N,3,1,1,99.0
22,30000,RENT,4.0,EDUCATION,B,12000,10.62,1,0.4,N,3,1,1,100.0
30,69600,RENT,0.0,PERSONAL,D,15000,14.59,1,0.22,N,7,1,1,89.0
24,95000,RENT,3.0,DEBTCONSOLIDATION,A,18000,8.49,0,0.19,N,4,0,0,2.0
65,76000,RENT,3.0,EDUCATION,B,35000,10.99,1,0.46,N,27,1,1,95.0
34,80000,MORTGAGE,4.0,HOMEIMPROVEMENT,E,12000,16.77,0,0.15,N,10,0,0,27.0
40,61500,RENT,3.0,PERSONAL,B,8000,11.48,0,0.13,N,17,0,0,11.0
30,57996,RENT,2.0,DEBTCONSOLIDATION,C,8400,12.98,0,0.14,Y,8,0,0,3.0
23,34800,RENT,1.0,HOMEIMPROVEMENT,B,5000,10.99,1,0.14,N,2,1,1,80.0
28,85000,MORTGAGE,0.0,EDUCATION,E,24000,19.03,0,0.28,N,7,0,0,38.0
24,59000,MORTGAGE,3.0,EDUCATION,C,6800,12.53,0,0.12,N,2,1,0,30.0
26,54500,RENT,7.0,EDUCATION,A,2400,9.32,0,0.04,N,3,0,0,11.0
24,98400,MORTGAGE,0.0,EDUCATION,C,8000,12.68,0,0.08,N,2,0,0,14.000000000000002
25,77004,MORTGAGE,9.0,PERSONAL,B,15000,9.63,0,0.19,N,2,0,0,26.0
24,60000,RENT,4.0,VENTURE,A,5850,7.49,0,0.1,N,3,0,0,0.0
32,41000,MORTGAGE,2.0,PERSONAL,D,8000,15.05,0,0.2,N,9,0,0,20.0
23,51000,RENT,2.0,EDUCATION,B,9000,10.99,0,0.18,N,2,0,0,0.0
22,25000,RENT,4.0,VENTURE,B,8000,10.74,1,0.32,N,4,1,1,92.0
23,90000,RENT,0.0,PERSONAL,A,2000,7.88,0,0.02,N,3,0,0,3.0
21,31200,RENT,0.0,EDUCATION,C,13000,13.11,1,0.42,Y,2,1,1,100.0
28,44000,RENT,5.0,PERSONAL,C,16000,13.48,1,0.36,N,5,1,1,99.0
31,25000,OWN,4.0,HOMEIMPROVEMENT,B,3075,11.83,0,0.12,N,5,0,0,8.0
26,15600,RENT,5.0,DEBTCONSOLIDATION,A,5000,5.99,1,0.32,N,3,1,1,99.0
34,140000,MORTGAGE,17.0,VENTURE,D,12000,15.21,0,0.09,Y,10,0,0,14.000000000000002
40,21408,MORTGAGE,4.0,MEDICAL,B,1500,11.12,0,0.07,N,17,0,0,19.0
26,100000,MORTGAGE,10.0,DEBTCONSOLIDATION,A,12000,5.99,0,0.12,N,2,0,0,6.0
30,50000,MORTGAGE,0.0,VENTURE,C,10000,13.49,0,0.2,N,9,0,0,5.0
29,54000,RENT,1.0,HOMEIMPROVEMENT,B,2000,10.01,0,0.04,N,7,0,0,11.0
26,35000,RENT,10.0,MEDICAL,B,12875,10.99,1,0.37,N,2,1,1,98.0
23,75000,RENT,0.0,MEDICAL,B,6000,11.48,0,0.08,N,2,0,0,9.0
22,34000,RENT,6.0,DEBTCONSOLIDATION,B,14000,10.62,1,0.41,N,4,1,1,100.0
24,33000,RENT,2.0,VENTURE,C,3300,12.99,0,0.1,N,4,0,0,7.000000000000001
24,49600,MORTGAGE,8.0,HOMEIMPROVEMENT,A,2500,7.4,0,0.05,N,2,0,0,3.0
24,51630,RENT,0.0,MEDICAL,B,4900,9.99,0,0.09,N,3,0,0,6.0
31,155000,MORTGAGE,5.0,HOMEIMPROVEMENT,A,7000,5.42,0,0.05,N,5,0,0,0.0
34,72000,MORTGAGE,11.0,VENTURE,B,5800,10.99,0,0.08,N,9,0,0,3.0
24,36000,MORTGAGE,8.0,HOMEIMPROVEMENT,A,6000,7.14,0,0.17,N,4,1,0,5.0
28,68804,MORTGAGE,1.0,EDUCATION,A,22000,6.99,0,0.32,N,6,0,0,10.0
37,93000,MORTGAGE,2.0,VENTURE,B,18000,12.18,0,0.19,N,11,0,0,3.0
28,60000,OWN,5.0,VENTURE,C,10000,13.49,0,0.17,N,7,0,0,1.0
23,33000,RENT,3.0,DEBTCONSOLIDATION,B,4000,10.96,0,0.12,N,4,0,0,12.0
24,95000,RENT,3.0,PERSONAL,A,12000,7.88,0,0.13,N,3,0,0,1.0
23,29100,RENT,3.0,EDUCATION,D,5000,14.84,0,0.17,N,2,0,0,35.0
33,113800,RENT,8.0,MEDICAL,B,5000,11.83,0,0.04,N,9,0,0,7.000000000000001
29,55530,MORTGAGE,13.0,EDUCATION,A,18825,8.9,0,0.34,N,7,0,0,12.0
21,83000,MORTGAGE,4.0,MEDICAL,A,8500,8.0,0,0.1,N,4,0,0,0.0
33,45000,RENT,4.0,MEDICAL,A,12000,7.88,0,0.27,N,6,0,0,0.0
23,62000,RENT,1.0,DEBTCONSOLIDATION,A,10000,8.94,0,0.16,N,2,0,0,1.0
28,87600,OWN,12.0,VENTURE,C,12000,12.99,0,0.14,N,6,0,0,2.0
22,47000,RENT,6.0,DEBTCONSOLIDATION,C,19200,12.29,1,0.41,Y,4,1,1,99.0
38,47000,RENT,2.0,VENTURE,A,3000,7.49,0,0.06,N,11,0,0,1.0
23,82000,MORTGAGE,5.0,PERSONAL,D,5000,16.77,0,0.06,Y,3,0,0,10.0
29,37500,RENT,0.0,VENTURE,A,11000,8.49,0,0.29,N,5,0,0,3.0
23,30000,RENT,4.0,MEDICAL,B,8000,12.18,0,0.27,N,2,0,0,16.0
21,32000,RENT,3.0,EDUCATION,A,5000,7.68,0,0.16,N,4,0,0,7.000000000000001
22,50000,RENT,2.0,VENTURE,B,3500,10.99,0,0.07,N,3,0,0,2.0
25,97000,MORTGAGE,9.0,PERSONAL,C,8000,13.49,0,0.08,N,4,0,0,8.0
24,69000,RENT,2.0,DEBTCONSOLIDATION,B,16000,11.89,0,0.23,N,4,1,0,5.0
27,48000,RENT,5.0,DEBTCONSOLIDATION,B,2250,10.99,0,0.05,N,7,0,0,2.0
26,62004,MORTGAGE,3.0,MEDICAL,B,4000,9.99,0,0.06,N,2,0,0,11.0
32,49000,RENT,16.0,VENTURE,B,6300,9.91,0,0.13,N,6,0,0,0.0
30,23000,RENT,3.0,PERSONAL,C,6500,14.72,0,0.28,N,10,0,0,32.0
22,50000,MORTGAGE,0.0,EDUCATION,B,20000,11.48,0,0.4,N,2,0,0,9.0
22,27600,RENT,3.0,MEDICAL,A,4000,5.42,0,0.14,N,4,0,0,3.0
32,79050,MORTGAGE,10.0,MEDICAL,F,24000,18.62,1,0.26,Y,8,1,1,90.0
37,120000,MORTGAGE,21.0,PERSONAL,D,20000,14.84,0,0.17,N,11,0,0,13.0
37,84000,RENT,4.0,HOMEIMPROVEMENT,B,5000,10.0,0,0.06,N,16,0,0,3.0
34,95000,RENT,7.0,MEDICAL,B,10000,9.99,0,0.11,N,6,0,0,7.000000000000001
29,42000,RENT,0.0,EDUCATION,C,7500,12.87,0,0.18,Y,8,0,0,11.0
23,45000,MORTGAGE,1.0,MEDICAL,B,7200,11.86,0,0.16,N,2,0,0,21.0
36,51996,OWN,7.0,HOMEIMPROVEMENT,B,8500,11.49,0,0.16,N,16,0,0,10.0
26,65000,RENT,0.0,VENTURE,C,17000,13.47,0,0.26,N,2,0,0,24.0
23,100000,OWN,7.0,PERSONAL,D,35000,16.77,0,0.35,N,4,0,0,15.0
23,26400,RENT,7.0,DEBTCONSOLIDATION,A,3800,7.9,0,0.14,N,4,0,0,22.0
30,45000,MORTGAGE,5.0,VENTURE,B,8000,10.36,0,0.18,N,9,0,0,0.0
24,82000,RENT,8.0,EDUCATION,B,7000,10.0,0,0.09,N,4,0,0,2.0
24,185000,MORTGAGE,6.0,MEDICAL,A,3000,7.88,0,0.02,N,2,0,0,4.0
30,67202,RENT,4.0,DEBTCONSOLIDATION,A,10000,7.49,0,0.15,N,7,0,0,1.0
23,136000,MORTGAGE,2.0,PERSONAL,D,9800,15.99,0,0.07,Y,3,0,0,14.000000000000002
22,46000,RENT,4.0,PERSONAL,A,11000,7.49,0,0.24,N,4,0,0,4.0
26,41000,RENT,3.0,DEBTCONSOLIDATION,C,6600,13.85,0,0.16,Y,4,0,0,6.0
22,44000,RENT,4.0,PERSONAL,D,4500,14.46,0,0.1,Y,2,1,0,39.0
33,70000,MORTGAGE,0.0,HOMEIMPROVEMENT,C,14000,12.61,0,0.2,Y,10,0,0,10.0
23,70000,RENT,3.0,EDUCATION,A,12000,7.9,0,0.17,N,2,0,0,0.0
27,24000,RENT,2.0,VENTURE,C,5000,14.72,0,0.21,N,10,0,0,16.0
24,50000,RENT,0.0,PERSONAL,A,6000,7.49,0,0.12,N,4,0,0,3.0
30,85000,RENT,4.0,HOMEIMPROVEMENT,A,10000,6.62,0,0.12,N,9,0,0,1.0
23,42000,MORTGAGE,7.0,EDUCATION,D,10000,14.59,0,0.24,Y,2,0,0,28.999999999999996
22,50000,MORTGAGE,0.0,PERSONAL,B,2500,12.18,0,0.05,N,4,0,0,2.0
25,90000,MORTGAGE,9.0,PERSONAL,A,10000,5.42,0,0.11,N,2,0,0,1.0
26,40000,RENT,11.0,PERSONAL,B,5000,9.91,0,0.13,N,3,0,0,7.000000000000001
23,68400,RENT,7.0,EDUCATION,C,7200,14.72,0,0.11,N,2,0,0,5.0
22,72204,RENT,2.0,PERSONAL,C,6700,13.47,0,0.09,N,3,0,0,0.0
27,89000,MORTGAGE,11.0,EDUCATION,D,2800,14.96,0,0.03,Y,10,0,0,8.0
29,40000,MORTGAGE,9.0,EDUCATION,C,1400,14.26,0,0.04,Y,5,0,0,21.0
28,48000,RENT,1.0,PERSONAL,C,11200,14.26,0,0.23,N,6,0,0,13.0
21,48000,MORTGAGE,5.0,EDUCATION,C,10800,12.84,0,0.23,N,2,0,0,18.0
28,64000,MORTGAGE,4.0,PERSONAL,A,8825,5.99,0,0.14,N,5,0,0,0.0
26,62000,MORTGAGE,10.0,VENTURE,C,10000,13.43,0,0.16,Y,2,0,0,16.0
25,32000,RENT,3.0,DEBTCONSOLIDATION,A,3000,8.94,0,0.09,N,3,0,0,7.000000000000001
22,48609,RENT,6.0,DEBTCONSOLIDATION,A,12000,7.49,0,0.25,N,3,0,0,6.0
31,79800,MORTGAGE,3.0,PERSONAL,A,5000,6.91,0,0.06,N,9,0,0,3.0
30,61000,RENT,4.0,HOMEIMPROVEMENT,C,7600,13.49,0,0.12,Y,6,0,0,12.0
24,42000,MORTGAGE,5.0,PERSONAL,A,19200,7.9,0,0.46,N,4,0,0,8.0
23,84996,MORTGAGE,5.0,MEDICAL,B,5000,10.95,0,0.06,N,3,0,0,1.0
23,85000,RENT,2.0,EDUCATION,B,5000,11.58,0,0.06,N,3,0,0,0.0
32,106000,MORTGAGE,12.0,HOMEIMPROVEMENT,A,12000,5.79,0,0.11,N,8,0,0,4.0
28,43500,MORTGAGE,12.0,PERSONAL,B,4000,12.69,0,0.09,N,5,0,0,21.0
29,42000,RENT,0.0,VENTURE,D,5000,14.96,1,0.12,Y,5,1,1,97.0
25,45000,RENT,3.0,MEDICAL,E,13650,18.79,1,0.3,N,2,1,1,84.0
27,59578,RENT,11.0,HOMEIMPROVEMENT,D,6000,14.59,0,0.1,Y,7,0,0,27.0
25,45000,RENT,4.0,VENTURE,B,8000,10.38,0,0.18,N,2,0,0,0.0
32,29000,RENT,17.0,PERSONAL,D,4800,16.29,0,0.17,Y,7,1,0,47.0
28,35000,OWN,2.0,VENTURE,B,15000,10.99,0,0.43,N,7,0,0,1.0
26,14400,RENT,2.0,DEBTCONSOLIDATION,D,2000,15.58,1,0.14,N,4,1,1,90.0
33,68000,MORTGAGE,15.0,VENTURE,B,5000,12.18,0,0.07,N,10,0,0,6.0
25,21600,RENT,3.0,PERSONAL,B,3600,10.99,0,0.17,N,4,0,0,13.0
41,70800,MORTGAGE,25.0,PERSONAL,A,12000,6.62,0,0.17,N,11,0,0,2.0
48,30000,MORTGAGE,21.0,VENTURE,B,2100,12.42,0,0.07,N,16,0,0,6.0
32,60000,MORTGAGE,11.0,PERSONAL,C,7500,11.03,0,0.13,Y,10,0,0,10.0
28,86400,MORTGAGE,0.0,EDUCATION,A,5000,5.79,0,0.06,N,5,0,0,1.0
26,39000,MORTGAGE,4.0,DEBTCONSOLIDATION,D,5000,13.67,1,0.13,N,3,1,1,75.0
26,57000,MORTGAGE,10.0,VENTURE,B,2500,11.58,0,0.04,N,3,0,0,6.0
29,17004,RENT,8.0,HOMEIMPROVEMENT,A,2200,9.32,1,0.13,N,5,1,1,54.0
27,50400,MORTGAGE,4.0,EDUCATION,B,3600,8.88,0,0.07,N,10,0,0,14.000000000000002
24,47000,OWN,1.0,PERSONAL,B,6000,11.11,0,0.13,N,4,0,0,2.0
30,24000,MORTGAGE,4.0,MEDICAL,A,7000,6.62,0,0.29,N,9,0,0,11.0
22,125000,MORTGAGE,0.0,PERSONAL,D,25000,15.31,0,0.2,Y,2,0,0,17.0
22,39996,RENT,4.0,PERSONAL,C,3000,14.35,0,0.08,Y,3,0,0,16.0
22,48000,MORTGAGE,6.0,MEDICAL,A,5000,7.88,0,0.1,N,2,0,0,0.0
22,37000,RENT,2.0,EDUCATION,A,10000,8.59,0,0.27,N,2,0,0,10.0
27,60000,MORTGAGE,0.0,PERSONAL,A,10000,8.63,0,0.17,N,5,0,0,2.0
33,50000,RENT,1.0,HOMEIMPROVEMENT,A,9000,7.51,0,0.18,N,9,0,0,8.0
22,57600,OWN,6.0,VENTURE,A,6500,7.49,0,0.11,N,3,0,0,0.0
29,108000,RENT,11.0,EDUCATION,B,16000,10.99,0,0.15,N,7,1,0,3.0
23,15000,OWN,7.0,MEDICAL,B,4475,10.99,1,0.3,N,4,1,1,99.0
23,34000,OWN,7.0,VENTURE,A,10950,7.29,0,0.32,N,2,0,0,4.0
28,52000,MORTGAGE,10.0,EDUCATION,A,13600,7.88,0,0.26,N,7,0,0,3.0
24,75000,RENT,8.0,EDUCATION,B,17000,9.33,0,0.23,N,3,0,0,4.0
23,71004,RENT,8.0,EDUCATION,D,20000,14.09,0,0.28,N,3,0,0,34.0
28,40000,MORTGAGE,6.0,PERSONAL,A,10000,9.32,0,0.25,N,8,0,0,8.0
31,260000,MORTGAGE,6.0,MEDICAL,C,25000,13.57,0,0.1,Y,6,0,0,4.0
29,45000,RENT,4.0,EDUCATION,A,8700,7.88,0,0.19,N,9,0,0,2.0
54,29000,MORTGAGE,7.0,PERSONAL,B,2500,11.71,0,0.09,N,28,0,0,25.0
50,45600,MORTGAGE,4.0,PERSONAL,A,5000,7.9,0,0.11,N,16,0,0,5.0
25,35000,OWN,2.0,MEDICAL,A,6400,7.49,0,0.18,N,2,0,0,3.0
22,28800,RENT,5.0,MEDICAL,B,9000,10.99,1,0.31,N,2,1,1,98.0
25,35360,MORTGAGE,9.0,MEDICAL,A,10000,8.94,0,0.28,N,2,0,0,14.000000000000002
25,195054,MORTGAGE,9.0,HOMEIMPROVEMENT,B,10000,10.59,0,0.05,N,2,0,0,17.0
27,50000,RENT,1.0,EDUCATION,C,8000,13.98,0,0.16,N,9,0,0,5.0
27,43200,RENT,4.0,EDUCATION,A,10000,7.49,0,0.23,N,10,0,0,2.0
27,106000,RENT,11.0,EDUCATION,C,3600,14.27,0,0.03,N,5,0,0,6.0
40,85000,MORTGAGE,1.0,EDUCATION,C,10000,12.87,0,0.12,N,11,0,0,4.0
28,80000,MORTGAGE,13.0,EDUCATION,B,21000,11.36,0,0.26,N,10,0,0,1.0
29,60000,MORTGAGE,13.0,PERSONAL,A,13500,7.51,0,0.23,N,7,0,0,4.0
23,27000,RENT,6.0,MEDICAL,B,10000,10.65,1,0.37,N,3,1,1,100.0
23,73000,MORTGAGE,7.0,EDUCATION,C,7500,13.22,0,0.1,Y,2,0,0,7.000000000000001
25,50000,RENT,2.0,DEBTCONSOLIDATION,B,10000,10.95,0,0.2,N,3,0,0,0.0
25,96000,RENT,1.0,HOMEIMPROVEMENT,B,12000,9.99,0,0.13,N,4,0,0,0.0
32,95000,MORTGAGE,5.0,VENTURE,B,4800,10.99,0,0.05,N,8,0,0,1.0
28,72000,MORTGAGE,1.0,EDUCATION,D,6000,15.37,0,0.08,Y,10,0,0,20.0
22,55000,MORTGAGE,2.0,MEDICAL,C,4800,12.98,0,0.09,N,4,0,0,30.0
27,100000,MORTGAGE,11.0,PERSONAL,A,12000,7.49,0,0.12,N,6,0,0,1.0
34,68340,MORTGAGE,9.0,HOMEIMPROVEMENT,B,25000,10.99,0,0.37,N,10,0,0,25.0
32,44500,OWN,3.0,HOMEIMPROVEMENT,A,15000,7.51,0,0.34,N,5,0,0,13.0
26,47000,OWN,8.0,VENTURE,A,12500,8.49,0,0.27,N,2,0,0,0.0
30,68803,RENT,3.0,MEDICAL,A,2000,6.17,0,0.03,N,10,0,0,0.0
29,107220,MORTGAGE,9.0,HOMEIMPROVEMENT,B,10000,10.99,0,0.09,N,10,0,0,1.0
22,120000,MORTGAGE,3.0,MEDICAL,A,22000,7.49,0,0.18,N,3,0,0,0.0
22,40000,RENT,2.0,DEBTCONSOLIDATION,C,5025,13.43,0,0.13,N,2,0,0,16.0
26,100000,MORTGAGE,10.0,EDUCATION,C,14000,13.11,0,0.14,Y,2,0,0,7.000000000000001
28,110000,RENT,2.0,HOMEIMPROVEMENT,C,10000,13.22,0,0.09,N,5,0,0,4.0
25,28176,OWN,3.0,MEDICAL,B,1000,9.63,0,0.04,N,4,0,0,9.0
30,93132,MORTGAGE,10.0,HOMEIMPROVEMENT,A,2500,5.99,0,0.03,N,6,0,0,1.0
24,115000,OWN,8.0,DEBTCONSOLIDATION,D,35000,16.89,0,0.3,Y,4,0,0,45.0
26,60000,MORTGAGE,3.0,PERSONAL,C,30000,14.27,0,0.5,Y,3,0,0,28.000000000000004
22,93000,RENT,6.0,HOMEIMPROVEMENT,A,6000,8.94,0,0.06,N,4,1,0,30.0
25,46000,RENT,9.0,MEDICAL,A,7000,8.49,0,0.15,N,3,0,0,3.0
33,54000,MORTGAGE,3.0,EDUCATION,C,10000,15.23,0,0.19,Y,8,0,0,30.0
23,120000,RENT,4.0,MEDICAL,C,23750,13.47,0,0.2,N,2,0,0,8.0
21,50000,RENT,5.0,VENTURE,B,8500,10.65,0,0.17,N,2,0,0,0.0
21,45996,RENT,5.0,DEBTCONSOLIDATION,D,5000,15.31,1,0.11,Y,3,1,1,97.0
36,74000,MORTGAGE,4.0,PERSONAL,C,10000,11.03,0,0.14,N,15,1,0,21.0
28,49000,RENT,12.0,HOMEIMPROVEMENT,C,4500,14.27,1,0.09,N,10,1,1,55.00000000000001
25,74004,RENT,2.0,PERSONAL,E,20000,15.95,1,0.27,Y,4,1,1,77.0
29,71000,RENT,1.0,MEDICAL,C,12000,13.49,0,0.17,N,5,0,0,2.0
25,33500,RENT,2.0,MEDICAL,B,10000,10.25,0,0.3,N,3,0,0,28.000000000000004
36,156326,RENT,10.0,HOMEIMPROVEMENT,A,1800,8.0,0,0.01,N,16,0,0,8.0
22,72000,OWN,1.0,PERSONAL,B,15000,10.25,0,0.21,N,3,0,0,5.0
25,32400,RENT,1.0,HOMEIMPROVEMENT,D,17500,15.95,1,0.54,Y,3,1,1,99.0
22,30000,MORTGAGE,6.0,VENTURE,C,3200,13.48,0,0.11,N,4,0,0,26.0
30,48000,RENT,7.0,PERSONAL,A,4000,7.49,0,0.08,N,5,0,0,4.0
33,120000,MORTGAGE,14.0,VENTURE,B,2000,12.69,0,0.02,N,9,0,0,2.0
24,72000,MORTGAGE,5.0,DEBTCONSOLIDATION,B,8000,12.21,0,0.11,N,4,0,0,8.0
21,110000,RENT,0.0,EDUCATION,C,3500,13.99,0,0.03,Y,3,0,0,5.0
26,83000,MORTGAGE,1.0,PERSONAL,B,17000,10.25,0,0.2,N,3,0,0,7.000000000000001
31,39000,MORTGAGE,11.0,DEBTCONSOLIDATION,A,2200,7.49,0,0.06,N,6,1,0,10.0
27,91000,MORTGAGE,2.0,HOMEIMPROVEMENT,A,3000,5.99,0,0.03,N,8,0,0,0.0
21,27996,RENT,5.0,EDUCATION,A,3700,8.0,0,0.13,N,3,0,0,14.000000000000002
23,63000,RENT,0.0,VENTURE,D,16000,14.42,1,0.25,Y,2,1,1,93.0
27,68120,RENT,6.0,EDUCATION,B,8000,10.0,0,0.12,N,5,0,0,2.0
22,24000,RENT,0.0,EDUCATION,E,1500,18.79,1,0.06,Y,3,1,1,97.0
25,68000,RENT,1.0,EDUCATION,C,10000,14.26,0,0.15,Y,2,0,0,11.0
23,35000,RENT,4.0,PERSONAL,C,3000,13.85,0,0.09,N,3,0,0,23.0
34,24000,OWN,4.0,VENTURE,C,2400,13.98,0,0.1,Y,6,0,0,2.0
30,77000,MORTGAGE,5.0,DEBTCONSOLIDATION,A,1500,6.39,0,0.02,N,7,0,0,1.0
23,100000,MORTGAGE,7.0,PERSONAL,B,11200,11.49,0,0.11,N,2,0,0,1.0
38,43000,OWN,5.0,VENTURE,A,10000,7.51,0,0.23,N,12,0,0,0.0
30,96000,RENT,4.0,PERSONAL,B,14400,10.99,0,0.15,N,8,0,0,1.0
23,110000,MORTGAGE,8.0,VENTURE,A,7800,7.49,0,0.07,N,4,0,0,1.0
41,41004,MORTGAGE,4.0,MEDICAL,B,10000,11.99,0,0.24,N,14,0,0,16.0
24,38000,RENT,8.0,MEDICAL,C,5000,13.99,0,0.13,N,4,0,0,24.0
33,90000,RENT,8.0,DEBTCONSOLIDATION,C,14500,14.65,0,0.16,N,9,0,0,14.000000000000002
25,87000,RENT,7.0,MEDICAL,C,9000,13.49,0,0.1,N,4,0,0,5.0
48,120000,MORTGAGE,18.0,DEBTCONSOLIDATION,C,3600,13.49,0,0.03,Y,17,0,0,5.0
28,125000,MORTGAGE,8.0,MEDICAL,B,8000,11.14,0,0.06,N,6,0,0,1.0
35,84000,MORTGAGE,5.0,DEBTCONSOLIDATION,C,15200,15.27,0,0.18,Y,7,1,0,32.0
30,48996,MORTGAGE,14.0,EDUCATION,C,1200,14.35,0,0.02,N,7,1,0,21.0
26,48000,RENT,1.0,EDUCATION,E,15000,18.64,1,0.31,N,3,1,1,100.0
31,157000,MORTGAGE,5.0,EDUCATION,A,7200,7.49,0,0.05,N,7,0,0,0.0
22,19000,RENT,5.0,VENTURE,C,3000,13.06,1,0.16,N,2,1,1,87.0
23,40000,RENT,3.0,EDUCATION,A,6000,5.79,0,0.15,N,4,0,0,4.0
27,60000,RENT,11.0,VENTURE,B,20000,10.51,1,0.33,N,7,1,1,98.0
35,94000,MORTGAGE,2.0,HOMEIMPROVEMENT,A,10000,7.49,0,0.11,N,9,0,0,2.0
41,92000,MORTGAGE,15.0,MEDICAL,A,12000,7.66,0,0.13,N,15,0,0,0.0
24,12960,MORTGAGE,1.0,HOMEIMPROVEMENT,B,3650,9.91,1,0.28,N,3,1,1,94.0
25,99473,MORTGAGE,9.0,PERSONAL,B,8500,11.58,0,0.09,N,2,0,0,6.0
32,84000,MORTGAGE,15.0,MEDICAL,A,15000,6.91,0,0.18,N,7,0,0,1.0
23,95000,RENT,4.0,PERSONAL,B,10000,10.99,0,0.11,N,4,0,0,1.0
30,35000,MORTGAGE,14.0,MEDICAL,A,2000,5.42,0,0.06,N,9,0,0,11.0
22,25600,RENT,5.0,VENTURE,A,9000,8.9,1,0.35,N,4,1,1,96.0
35,53000,OWN,1.0,PERSONAL,C,10000,15.27,0,0.19,Y,6,0,0,5.0
35,105000,RENT,6.0,VENTURE,B,24000,9.25,0,0.23,N,7,0,0,0.0
66,42000,RENT,2.0,MEDICAL,B,6475,9.99,0,0.15,N,24,0,0,8.0
23,40000,RENT,0.0,DEBTCONSOLIDATION,B,2500,10.99,0,0.06,N,2,0,0,2.0
41,30840,RENT,8.0,MEDICAL,B,6000,10.59,0,0.19,N,13,0,0,28.999999999999996
30,35000,OWN,8.0,MEDICAL,B,10000,10.65,0,0.29,N,6,0,0,2.0
22,23000,RENT,3.0,DEBTCONSOLIDATION,B,3500,10.37,0,0.15,N,4,0,0,6.0
22,48156,MORTGAGE,6.0,DEBTCONSOLIDATION,A,3000,7.49,0,0.06,N,2,0,0,2.0
25,62000,MORTGAGE,2.0,HOMEIMPROVEMENT,E,20000,17.04,0,0.32,N,3,1,0,47.0
34,480000,MORTGAGE,5.0,PERSONAL,D,14000,14.61,0,0.03,N,9,0,0,22.0
25,95000,RENT,4.0,DEBTCONSOLIDATION,B,2400,9.25,0,0.03,N,2,0,0,14.000000000000002
23,61498,MORTGAGE,5.0,MEDICAL,B,5000,11.36,0,0.08,N,3,0,0,10.0
24,50000,RENT,3.0,PERSONAL,D,5000,14.74,0,0.1,Y,4,0,0,23.0
39,325000,MORTGAGE,14.0,PERSONAL,D,18000,14.96,0,0.06,Y,14,0,0,6.0
26,69000,RENT,7.0,EDUCATION,A,6200,7.88,0,0.09,N,3,0,0,3.0
28,69000,MORTGAGE,4.0,EDUCATION,D,30000,15.31,0,0.43,Y,9,1,0,28.000000000000004
24,30000,RENT,0.0,MEDICAL,C,6000,13.49,0,0.2,N,2,0,0,9.0
26,60000,OWN,8.0,VENTURE,A,9800,7.49,0,0.16,N,4,0,0,0.0
30,55000,MORTGAGE,1.0,HOMEIMPROVEMENT,B,6500,10.99,0,0.12,N,7,0,0,15.0
29,64000,RENT,3.0,EDUCATION,C,15000,15.27,0,0.23,N,6,1,0,43.0
23,64000,MORTGAGE,6.0,DEBTCONSOLIDATION,A,5500,7.14,0,0.09,N,3,0,0,10.0
25,120000,MORTGAGE,6.0,DEBTCONSOLIDATION,B,10000,10.99,0,0.08,N,2,0,0,12.0
21,36000,RENT,3.0,EDUCATION,B,10000,10.62,0,0.28,N,3,0,0,5.0
27,54000,RENT,4.0,MEDICAL,C,8000,13.8,0,0.15,Y,5,0,0,15.0
39,82000,MORTGAGE,7.0,HOMEIMPROVEMENT,E,8000,19.42,0,0.1,Y,17,0,0,27.0
24,98000,MORTGAGE,5.0,HOMEIMPROVEMENT,B,10000,11.71,0,0.1,N,3,0,0,2.0
22,70800,RENT,6.0,EDUCATION,C,10000,12.61,0,0.14,N,2,0,0,2.0
29,136000,MORTGAGE,4.0,DEBTCONSOLIDATION,D,7775,14.96,1,0.06,Y,5,1,1,95.0
24,130000,OWN,8.0,VENTURE,B,22800,10.99,0,0.18,N,2,0,0,0.0
22,66996,RENT,3.0,EDUCATION,B,20000,12.18,0,0.3,N,2,0,0,48.0
29,72000,RENT,8.0,HOMEIMPROVEMENT,B,20400,11.49,0,0.28,N,7,0,0,33.0
23,76042,RENT,6.0,HOMEIMPROVEMENT,D,20000,15.05,0,0.26,Y,4,1,0,43.0
21,40116,RENT,2.0,VENTURE,A,6500,5.79,0,0.16,N,3,0,0,1.0
21,50350,RENT,3.0,EDUCATION,A,3600,7.88,0,0.07,N,3,0,0,2.0
40,75000,RENT,3.0,EDUCATION,A,6500,7.9,0,0.09,N,15,0,0,0.0
23,15600,RENT,1.0,VENTURE,A,4500,5.99,1,0.29,N,3,1,1,100.0
42,55392,RENT,17.0,DEBTCONSOLIDATION,D,7000,15.95,1,0.13,Y,15,1,1,87.0
33,28200,RENT,2.0,EDUCATION,C,9000,13.49,1,0.32,N,8,1,1,98.0
36,68000,OTHER,2.0,PERSONAL,A,7200,9.63,0,0.11,N,15,0,0,4.0
23,60000,RENT,0.0,EDUCATION,C,9600,14.65,0,0.16,Y,2,0,0,6.0
29,112000,MORTGAGE,3.0,PERSONAL,D,25000,14.61,0,0.22,N,5,0,0,19.0
25,21996,RENT,3.0,HOMEIMPROVEMENT,C,8000,13.98,1,0.36,Y,2,1,1,99.0
28,84800,RENT,4.0,VENTURE,B,9000,10.99,0,0.11,N,7,0,0,0.0
55,75000,MORTGAGE,3.0,PERSONAL,A,10000,7.51,0,0.13,N,20,0,0,0.0
25,48226,RENT,9.0,MEDICAL,A,7000,7.9,0,0.15,N,3,0,0,2.0
32,59004,RENT,0.0,MEDICAL,D,8000,16.49,1,0.14,Y,8,1,1,95.0
23,72000,RENT,3.0,MEDICAL,B,19000,10.99,0,0.26,N,4,0,0,3.0
27,60000,RENT,4.0,DEBTCONSOLIDATION,B,18500,10.99,1,0.31,N,5,1,1,95.0
22,18204,RENT,2.0,DEBTCONSOLIDATION,B,2500,11.89,0,0.14,N,4,0,0,30.0
30,56000,MORTGAGE,5.0,EDUCATION,B,1500,10.99,0,0.03,N,7,0,0,2.0
38,60000,MORTGAGE,7.0,DEBTCONSOLIDATION,B,8000,10.99,0,0.13,N,13,0,0,4.0
31,88000,MORTGAGE,10.0,DEBTCONSOLIDATION,B,7000,9.2,0,0.08,N,10,0,0,4.0
24,23004,RENT,9.0,DEBTCONSOLIDATION,A,1500,7.68,0,0.07,N,2,0,0,28.000000000000004
28,95000,MORTGAGE,0.0,DEBTCONSOLIDATION,A,18000,7.88,0,0.19,N,10,0,0,0.0
24,23000,RENT,0.0,EDUCATION,A,3000,8.0,0,0.13,N,3,0,0,14.000000000000002
41,41435,RENT,4.0,MEDICAL,E,10000,16.45,0,0.24,N,17,1,0,50.0
23,16000,OWN,7.0,PERSONAL,A,2000,6.39,0,0.13,N,3,0,0,14.000000000000002
21,36895,RENT,6.0,MEDICAL,A,4200,9.32,0,0.11,N,3,0,0,11.0
28,206000,RENT,2.0,EDUCATION,C,24000,13.49,0,0.12,Y,5,0,0,4.0
23,34482,RENT,7.0,PERSONAL,B,7000,10.99,0,0.2,N,4,0,0,33.0
22,55000,RENT,1.0,VENTURE,C,15000,12.84,0,0.27,N,3,0,0,12.0
40,15600,OWN,2.0,EDUCATION,D,4000,15.7,1,0.26,Y,13,1,1,85.0
25,45000,MORTGAGE,0.0,DEBTCONSOLIDATION,A,4325,6.91,0,0.1,N,3,0,0,4.0
31,112000,RENT,5.0,PERSONAL,B,23000,12.18,0,0.21,N,6,0,0,6.0
22,32769,RENT,3.0,VENTURE,A,7000,7.29,0,0.21,N,3,0,0,1.0
27,62900,RENT,9.0,MEDICAL,D,7450,15.99,1,0.1,N,10,1,1,80.0
22,43000,RENT,4.0,DEBTCONSOLIDATION,B,18550,11.83,1,0.43,N,4,1,1,100.0
30,84000,MORTGAGE,13.0,HOMEIMPROVEMENT,B,12000,11.11,0,0.14,N,9,0,0,4.0
29,58327,RENT,4.0,VENTURE,B,9600,11.48,0,0.16,N,5,0,0,3.0
23,40000,MORTGAGE,5.0,EDUCATION,B,18000,9.91,0,0.45,N,2,0,0,9.0
38,55000,RENT,2.0,HOMEIMPROVEMENT,B,14000,11.48,0,0.25,N,16,0,0,16.0
37,76066,RENT,10.0,DEBTCONSOLIDATION,D,24250,15.65,1,0.32,Y,13,1,1,100.0
26,44400,MORTGAGE,4.0,DEBTCONSOLIDATION,C,6500,14.35,0,0.15,N,3,0,0,11.0
24,75000,MORTGAGE,4.0,HOMEIMPROVEMENT,A,15000,6.03,0,0.2,N,2,0,0,4.0
33,240000,OWN,15.0,PERSONAL,C,15000,13.16,0,0.06,Y,10,0,0,1.0
22,80000,MORTGAGE,0.0,MEDICAL,C,2000,14.72,0,0.03,Y,3,0,0,10.0
23,42000,OWN,7.0,EDUCATION,B,4400,11.89,0,0.1,N,4,0,0,9.0
33,54000,MORTGAGE,7.0,VENTURE,C,7500,13.22,0,0.14,N,10,0,0,17.0
26,85000,MORTGAGE,0.0,MEDICAL,B,8000,10.99,0,0.09,N,4,0,0,2.0
23,46744,RENT,4.0,EDUCATION,D,8800,14.96,0,0.19,Y,3,0,0,19.0
40,80004,MORTGAGE,15.0,EDUCATION,A,9500,7.51,0,0.12,N,12,0,0,1.0
27,77200,RENT,0.0,DEBTCONSOLIDATION,B,5425,10.59,0,0.07,N,9,1,0,2.0
27,235000,MORTGAGE,5.0,VENTURE,C,28000,15.96,0,0.12,N,5,0,0,5.0
36,82500,MORTGAGE,20.0,MEDICAL,B,11000,10.65,0,0.13,N,11,0,0,7.000000000000001
29,250000,MORTGAGE,5.0,PERSONAL,A,10000,7.49,0,0.04,N,10,0,0,0.0
37,138000,MORTGAGE,19.0,EDUCATION,D,4000,15.62,0,0.03,N,12,0,0,7.000000000000001
22,110000,RENT,6.0,DEBTCONSOLIDATION,C,20000,13.72,0,0.18,N,3,0,0,12.0
30,50650,RENT,5.0,PERSONAL,B,4200,9.91,0,0.08,N,7,1,0,5.0
35,117000,RENT,8.0,PERSONAL,A,15000,9.63,0,0.13,N,8,0,0,8.0
23,78000,MORTGAGE,7.0,EDUCATION,A,12400,7.29,0,0.16,N,3,0,0,3.0
23,55000,RENT,4.0,EDUCATION,B,8000,9.25,0,0.15,N,2,0,0,9.0
25,78000,RENT,0.0,DEBTCONSOLIDATION,D,9600,14.11,1,0.12,Y,4,1,1,96.0
28,32400,MORTGAGE,4.0,PERSONAL,B,2500,8.88,0,0.08,N,8,1,0,22.0
22,59000,RENT,6.0,PERSONAL,B,12000,10.37,0,0.2,N,3,0,0,16.0
22,85000,MORTGAGE,0.0,VENTURE,A,12800,6.54,0,0.15,N,3,0,0,0.0
31,22000,RENT,5.0,VENTURE,F,1400,22.06,0,0.06,Y,7,0,0,50.0
51,98000,RENT,5.0,PERSONAL,C,6000,15.96,0,0.06,N,23,0,0,13.0
35,24996,RENT,6.0,MEDICAL,A,8000,7.51,1,0.32,N,7,1,1,91.0
24,46256,RENT,7.0,EDUCATION,B,10000,11.48,0,0.22,N,3,0,0,4.0
21,35000,OWN,5.0,EDUCATION,C,6500,13.43,0,0.19,N,2,0,0,4.0
42,32000,RENT,5.0,DEBTCONSOLIDATION,B,10000,11.71,1,0.31,N,14,1,1,97.0
22,86000,MORTGAGE,6.0,EDUCATION,B,10000,11.49,0,0.12,N,2,0,0,2.0
28,100000,MORTGAGE,4.0,VENTURE,D,25000,15.31,0,0.25,N,6,1,0,15.0
29,95000,MORTGAGE,4.0,DEBTCONSOLIDATION,A,20000,6.54,0,0.21,N,9,0,0,0.0
23,30000,RENT,2.0,EDUCATION,B,8000,12.42,0,0.27,N,2,0,0,30.0
24,40000,OWN,6.0,MEDICAL,D,5000,11.86,0,0.13,N,4,0,0,18.0
25,39600,MORTGAGE,9.0,PERSONAL,B,5000,8.88,0,0.13,N,3,0,0,8.0
31,300000,MORTGAGE,1.0,VENTURE,C,35000,15.23,0,0.12,N,6,0,0,3.0
35,38000,RENT,0.0,MEDICAL,A,1500,7.4,0,0.04,N,6,0,0,7.000000000000001
28,38196,MORTGAGE,5.0,MEDICAL,B,10750,10.75,0,0.28,N,10,0,0,6.0
23,71000,RENT,7.0,PERSONAL,A,11300,7.49,0,0.16,N,3,0,0,2.0
30,71000,RENT,2.0,HOMEIMPROVEMENT,A,12000,8.9,0,0.17,N,8,0,0,2.0
23,39000,MORTGAGE,0.0,MEDICAL,D,8000,14.11,1,0.21,N,3,1,1,80.0
28,28000,RENT,3.0,VENTURE,A,3000,6.91,0,0.11,N,10,0,0,5.0
23,114600,MORTGAGE,7.0,EDUCATION,C,10000,13.06,0,0.09,N,3,0,0,6.0
22,56000,MORTGAGE,5.0,MEDICAL,B,12000,10.99,0,0.21,N,2,0,0,5.0
34,52800,RENT,2.0,DEBTCONSOLIDATION,B,4325,10.75,0,0.08,N,5,0,0,14.000000000000002
26,55000,RENT,0.0,EDUCATION,A,4000,6.92,0,0.07,N,4,0,0,3.0
25,133119,MORTGAGE,10.0,DEBTCONSOLIDATION,B,25000,10.99,0,0.19,N,3,0,0,1.0
26,86604,MORTGAGE,5.0,HOMEIMPROVEMENT,A,4300,7.66,0,0.05,N,2,0,0,3.0
25,36000,RENT,0.0,PERSONAL,B,10000,11.11,0,0.28,N,2,0,0,6.0
24,61200,MORTGAGE,5.0,EDUCATION,B,5100,10.51,0,0.08,N,2,0,0,10.0
30,89000,MORTGAGE,14.0,VENTURE,A,4000,6.03,0,0.04,N,6,0,0,0.0
24,61400,RENT,1.0,VENTURE,C,12250,12.23,0,0.2,N,4,0,0,3.0
22,14400,RENT,2.0,PERSONAL,E,2500,16.77,1,0.17,N,2,1,1,98.0
26,64992,MORTGAGE,1.0,DEBTCONSOLIDATION,A,4000,9.63,0,0.06,N,4,0,0,4.0
21,36000,RENT,0.0,EDUCATION,B,1500,10.37,0,0.04,N,4,0,0,15.0
23,80832,OWN,0.0,MEDICAL,D,15000,15.65,0,0.19,N,2,0,0,21.0
31,102000,MORTGAGE,5.0,EDUCATION,A,4000,7.88,0,0.04,N,10,0,0,3.0
37,54696,RENT,4.0,PERSONAL,B,9600,9.99,0,0.18,N,12,0,0,6.0
23,30000,RENT,0.0,PERSONAL,B,5000,11.86,0,0.17,N,2,0,0,19.0
26,182000,MORTGAGE,10.0,MEDICAL,B,24000,10.99,0,0.13,N,4,0,0,5.0
35,63600,RENT,3.0,EDUCATION,B,12000,11.49,0,0.19,N,8,0,0,15.0
33,125004,RENT,3.0,EDUCATION,E,12000,15.68,0,0.1,N,8,0,0,21.0
25,50000,MORTGAGE,2.0,PERSONAL,A,10000,7.9,0,0.2,N,4,0,0,7.000000000000001
25,33000,MORTGAGE,9.0,VENTURE,A,5000,8.49,0,0.15,N,3,0,0,0.0
30,39996,MORTGAGE,2.0,PERSONAL,B,10000,10.75,0,0.25,N,8,0,0,4.0
29,28000,RENT,8.0,PERSONAL,B,7800,8.88,0,0.28,N,7,0,0,17.0
25,50450,RENT,3.0,EDUCATION,B,2000,9.88,0,0.04,N,3,0,0,5.0
24,40000,RENT,5.0,PERSONAL,B,10000,11.99,0,0.25,N,4,0,0,12.0
22,35000,RENT,6.0,MEDICAL,B,5000,10.99,0,0.14,N,4,0,0,10.0
24,50000,RENT,3.0,MEDICAL,C,3000,13.49,0,0.06,N,2,1,0,9.0
44,109000,MORTGAGE,17.0,MEDICAL,C,12800,13.79,0,0.12,Y,12,0,0,9.0
22,27259,RENT,1.0,EDUCATION,B,2400,10.59,0,0.09,N,2,0,0,4.0
40,32000,RENT,2.0,DEBTCONSOLIDATION,D,8000,14.96,1,0.25,Y,17,1,1,89.0
33,44500,OWN,6.0,EDUCATION,B,20000,10.99,0,0.45,N,6,0,0,4.0
23,42048,MORTGAGE,7.0,EDUCATION,A,8500,7.74,0,0.2,N,3,0,0,10.0
21,40000,RENT,0.0,EDUCATION,A,1775,6.54,0,0.04,N,3,0,0,2.0
24,58000,RENT,2.0,VENTURE,C,3200,14.35,0,0.06,N,2,0,0,15.0
25,106000,RENT,4.0,PERSONAL,B,5000,10.99,0,0.05,N,4,0,0,9.0
30,71000,RENT,2.0,PERSONAL,A,12000,8.9,0,0.17,N,9,0,0,1.0
26,80500,MORTGAGE,9.0,HOMEIMPROVEMENT,B,11000,12.53,0,0.14,N,3,0,0,9.0
24,48000,RENT,8.0,PERSONAL,D,12000,16.77,0,0.25,Y,3,0,0,24.0
27,126000,MORTGAGE,11.0,PERSONAL,A,5500,7.51,0,0.04,N,9,0,0,0.0
28,78000,MORTGAGE,0.0,HOMEIMPROVEMENT,A,19700,7.9,0,0.25,N,9,0,0,8.0
34,35000,RENT,3.0,MEDICAL,C,10600,15.96,0,0.3,N,10,0,0,48.0
28,59600,RENT,2.0,DEBTCONSOLIDATION,A,5000,5.79,0,0.08,N,10,0,0,4.0
34,55000,RENT,5.0,EDUCATION,A,4050,7.49,0,0.07,N,9,0,0,2.0
22,15000,RENT,3.0,EDUCATION,D,6000,14.59,1,0.4,N,4,1,1,97.0
24,45000,OWN,4.0,VENTURE,A,11000,7.49,0,0.24,N,2,0,0,1.0
30,30000,RENT,1.0,VENTURE,C,3600,10.28,0,0.12,Y,10,0,0,12.0
38,117400,MORTGAGE,7.0,PERSONAL,B,16000,10.75,0,0.14,N,16,0,0,0.0
34,39996,RENT,6.0,DEBTCONSOLIDATION,A,1200,7.88,0,0.03,N,8,0,0,15.0
27,33000,RENT,7.0,EDUCATION,A,4000,6.76,0,0.12,N,9,0,0,11.0
30,70000,MORTGAGE,4.0,HOMEIMPROVEMENT,D,10000,16.89,0,0.14,Y,5,0,0,16.0
23,33996,RENT,0.0,PERSONAL,D,5000,14.84,1,0.15,Y,2,1,1,91.0
24,105000,MORTGAGE,2.0,MEDICAL,B,9850,9.63,0,0.09,N,2,0,0,11.0
25,62000,MORTGAGE,9.0,EDUCATION,B,2100,11.86,0,0.03,N,2,0,0,6.0
32,15600,RENT,4.0,HOMEIMPROVEMENT,A,5000,5.42,1,0.32,N,5,1,1,97.0
24,54000,MORTGAGE,9.0,MEDICAL,A,10000,9.63,0,0.19,N,2,1,0,14.000000000000002
31,46000,MORTGAGE,5.0,EDUCATION,C,8000,13.49,0,0.17,Y,5,1,0,10.0
31,34000,RENT,0.0,MEDICAL,A,7500,8.94,0,0.22,N,8,0,0,24.0
43,55000,MORTGAGE,14.0,VENTURE,A,10000,6.03,0,0.18,N,17,0,0,0.0
23,62000,MORTGAGE,1.0,MEDICAL,A,10000,7.9,0,0.16,N,3,0,0,4.0
23,48000,RENT,3.0,PERSONAL,A,12000,6.03,0,0.25,N,2,0,0,6.0
28,30500,RENT,4.0,MEDICAL,A,3000,9.63,0,0.1,N,8,0,0,18.0
26,29000,RENT,2.0,MEDICAL,A,1000,7.74,0,0.03,N,4,0,0,13.0
31,40000,RENT,2.0,DEBTCONSOLIDATION,B,8000,11.89,0,0.2,N,7,0,0,6.0
36,51000,RENT,5.0,MEDICAL,C,8000,13.47,0,0.16,Y,13,0,0,6.0
23,48000,RENT,8.0,PERSONAL,B,4000,10.37,0,0.08,N,3,1,0,7.000000000000001
23,61000,MORTGAGE,2.0,VENTURE,E,18400,19.29,1,0.3,N,2,0,1,52.0
24,135000,MORTGAGE,0.0,VENTURE,C,12500,13.49,0,0.09,N,4,0,0,5.0
37,39000,RENT,11.0,EDUCATION,C,4000,14.65,0,0.1,Y,15,1,0,18.0
22,71760,RENT,6.0,EDUCATION,A,15500,7.88,0,0.22,N,2,0,0,4.0
22,33000,RENT,1.0,MEDICAL,C,1400,14.27,0,0.04,Y,3,0,0,8.0
33,90000,RENT,0.0,DEBTCONSOLIDATION,A,12000,6.03,0,0.13,N,6,0,0,0.0
70,44000,MORTGAGE,3.0,PERSONAL,C,7000,11.66,0,0.16,N,24,0,0,23.0
34,92500,RENT,4.0,DEBTCONSOLIDATION,A,13050,7.66,0,0.14,N,5,0,0,1.0
32,30000,RENT,1.0,EDUCATION,B,11450,9.99,1,0.38,N,6,1,1,100.0
24,67992,MORTGAGE,8.0,DEBTCONSOLIDATION,B,12000,10.75,0,0.18,N,2,0,0,7.000000000000001
42,55000,RENT,1.0,EDUCATION,C,10000,13.79,0,0.18,Y,13,0,0,22.0
22,60000,RENT,1.0,EDUCATION,A,6850,7.14,0,0.11,N,2,0,0,1.0
24,110000,MORTGAGE,2.0,EDUCATION,B,9000,10.99,0,0.08,N,3,0,0,7.000000000000001
22,42000,MORTGAGE,5.0,VENTURE,A,5000,6.99,0,0.12,N,4,0,0,0.0
27,34000,RENT,0.0,PERSONAL,D,10000,15.37,1,0.29,Y,5,1,1,85.0
29,72000,RENT,13.0,DEBTCONSOLIDATION,D,2000,14.59,1,0.03,Y,8,1,1,84.0
23,69000,RENT,8.0,EDUCATION,B,9000,9.63,0,0.13,N,4,1,0,9.0
25,32496,RENT,9.0,MEDICAL,B,7200,9.51,0,0.22,N,4,0,0,25.0
23,65000,MORTGAGE,0.0,PERSONAL,A,12000,7.9,0,0.18,N,3,0,0,4.0
23,81600,RENT,3.0,PERSONAL,B,11000,10.99,0,0.13,N,3,0,0,1.0
23,75000,MORTGAGE,7.0,VENTURE,B,17000,11.12,0,0.23,N,2,0,0,1.0
28,48000,MORTGAGE,13.0,MEDICAL,C,5000,15.27,0,0.1,Y,8,1,0,26.0
41,70000,RENT,2.0,HOMEIMPROVEMENT,A,10000,7.88,0,0.14,N,13,0,0,1.0
24,54000,RENT,2.0,DEBTCONSOLIDATION,A,7800,7.9,0,0.14,N,4,0,0,1.0
33,62000,MORTGAGE,3.0,HOMEIMPROVEMENT,A,3700,6.39,0,0.06,N,6,0,0,1.0
26,45000,MORTGAGE,0.0,DEBTCONSOLIDATION,C,7750,12.53,0,0.17,N,4,0,0,7.000000000000001
27,29000,RENT,2.0,PERSONAL,B,10000,12.69,1,0.34,N,10,1,1,99.0
26,63000,RENT,2.0,DEBTCONSOLIDATION,C,21600,14.35,1,0.34,Y,3,1,1,95.0
26,45000,RENT,6.0,MEDICAL,A,3575,7.49,0,0.08,N,2,0,0,4.0
23,60000,OWN,0.0,PERSONAL,B,8000,12.53,0,0.13,N,3,0,0,0.0
25,91229,RENT,2.0,EDUCATION,C,20000,14.35,0,0.22,N,3,0,0,13.0
21,36000,MORTGAGE,5.0,MEDICAL,B,1000,12.42,0,0.03,N,2,0,0,20.0
23,78000,RENT,6.0,VENTURE,C,14400,14.27,0,0.18,Y,4,0,0,18.0
26,26400,RENT,6.0,PERSONAL,B,6000,10.65,0,0.23,N,2,0,0,16.0
27,104000,OWN,10.0,EDUCATION,B,35000,10.99,0,0.34,N,10,0,0,10.0
25,85000,MORTGAGE,7.0,PERSONAL,A,2000,7.49,0,0.02,N,2,0,0,2.0
34,222000,MORTGAGE,0.0,MEDICAL,A,13000,8.49,0,0.06,N,7,0,0,1.0
34,36000,RENT,5.0,DEBTCONSOLIDATION,A,14000,7.51,1,0.39,N,6,1,1,100.0
26,59000,MORTGAGE,9.0,PERSONAL,A,6000,7.51,0,0.1,N,4,0,0,4.0
33,70116,MORTGAGE,4.0,PERSONAL,B,5000,11.71,0,0.07,N,6,0,0,9.0
25,57300,RENT,2.0,HOMEIMPROVEMENT,C,10400,11.66,0,0.18,Y,4,0,0,8.0
37,174996,MORTGAGE,11.0,MEDICAL,C,6500,13.35,0,0.04,Y,17,0,0,2.0
23,100000,RENT,4.0,VENTURE,B,4150,10.65,0,0.04,N,2,0,0,2.0
22,65000,RENT,6.0,DEBTCONSOLIDATION,B,17700,11.49,0,0.27,N,2,0,0,11.0
60,1900000,MORTGAGE,5.0,PERSONAL,A,1500,7.49,0,0.0,N,21,0,0,3.0
28,64000,RENT,1.0,PERSONAL,C,10000,11.66,0,0.16,N,5,0,0,13.0
23,48000,OWN,4.0,VENTURE,B,7000,10.74,0,0.15,N,4,0,0,0.0
28,65000,MORTGAGE,6.0,PERSONAL,D,22000,15.65,0,0.34,N,5,0,0,17.0
28,56056,RENT,3.0,DEBTCONSOLIDATION,B,5600,10.37,0,0.1,N,6,0,0,12.0
39,78000,MORTGAGE,5.0,EDUCATION,C,12000,13.57,0,0.15,N,11,0,0,11.0
33,96000,MORTGAGE,0.0,VENTURE,C,8000,13.72,0,0.08,N,9,0,0,5.0
26,55000,MORTGAGE,4.0,PERSONAL,A,10000,7.51,0,0.18,N,2,1,0,35.0
27,132000,RENT,6.0,VENTURE,C,20000,12.73,0,0.15,N,8,0,0,2.0
27,31200,RENT,0.0,MEDICAL,A,6000,9.63,0,0.19,N,8,0,0,19.0
28,34000,RENT,7.0,DEBTCONSOLIDATION,B,9600,10.99,0,0.28,N,5,0,0,28.999999999999996
29,120000,MORTGAGE,1.0,VENTURE,B,23000,11.49,0,0.19,N,5,0,0,0.0
27,86004,MORTGAGE,8.0,HOMEIMPROVEMENT,D,16000,14.42,0,0.19,N,6,0,0,11.0
27,64000,RENT,2.0,DEBTCONSOLIDATION,C,5000,12.99,0,0.08,N,8,0,0,8.0
22,52000,MORTGAGE,6.0,VENTURE,D,6000,15.31,0,0.12,Y,3,1,0,18.0
22,24000,RENT,0.0,DEBTCONSOLIDATION,A,2450,7.9,0,0.1,N,2,0,0,12.0
24,18000,MORTGAGE,3.0,VENTURE,C,1200,11.34,0,0.07,Y,4,0,0,24.0
24,60000,MORTGAGE,4.0,MEDICAL,A,5000,7.14,0,0.08,N,2,0,0,5.0
23,62000,MORTGAGE,3.0,VENTURE,A,4000,8.9,0,0.06,N,2,0,0,2.0
24,80000,MORTGAGE,0.0,PERSONAL,A,6000,8.59,0,0.07,N,2,0,0,1.0
22,70204,RENT,6.0,PERSONAL,D,15000,15.7,0,0.21,Y,3,0,0,21.0
26,59500,MORTGAGE,9.0,VENTURE,A,12000,6.62,0,0.2,N,3,0,0,1.0
26,36000,RENT,1.0,VENTURE,A,7000,8.94,0,0.19,N,3,0,0,1.0
38,81000,OWN,4.0,EDUCATION,B,7000,9.99,0,0.09,N,11,0,0,7.000000000000001
33,50000,OWN,2.0,PERSONAL,C,1200,14.26,0,0.02,N,6,0,0,9.0
26,19200,MORTGAGE,5.0,VENTURE,A,4000,7.51,1,0.21,N,4,1,1,90.0
33,92000,MORTGAGE,8.0,PERSONAL,C,20000,13.06,0,0.22,N,9,0,0,10.0
37,45000,RENT,2.0,VENTURE,B,2400,9.91,0,0.05,N,16,0,0,5.0
22,51000,RENT,6.0,DEBTCONSOLIDATION,B,15000,11.11,0,0.29,N,4,0,0,18.0
23,42000,MORTGAGE,2.0,VENTURE,A,1500,6.17,0,0.04,N,3,0,0,1.0
22,64000,RENT,5.0,MEDICAL,A,6600,8.9,0,0.1,N,3,0,0,4.0
25,49000,RENT,9.0,DEBTCONSOLIDATION,A,10000,6.62,0,0.2,N,2,1,0,17.0
27,62000,RENT,2.0,PERSONAL,B,9600,10.25,0,0.15,N,8,1,0,4.0
22,37200,RENT,6.0,MEDICAL,B,10000,10.99,0,0.27,N,3,1,0,18.0
27,68000,RENT,0.0,DEBTCONSOLIDATION,A,6500,7.51,0,0.1,N,7,0,0,1.0
25,37596,MORTGAGE,3.0,PERSONAL,B,12000,11.99,0,0.32,N,4,0,0,12.0
25,75000,RENT,4.0,MEDICAL,A,7000,7.49,0,0.09,N,2,0,0,1.0
32,150000,MORTGAGE,16.0,MEDICAL,A,16000,6.03,0,0.11,N,10,0,0,0.0
35,33144,RENT,3.0,VENTURE,D,8400,14.91,0,0.25,N,8,0,0,50.0
25,99000,MORTGAGE,9.0,DEBTCONSOLIDATION,A,15000,6.17,0,0.15,N,4,0,0,0.0
23,32993,RENT,6.0,MEDICAL,B,4000,11.71,0,0.12,N,4,1,0,5.0
23,145000,MORTGAGE,0.0,EDUCATION,A,14400,5.79,0,0.1,N,4,0,0,0.0
24,40000,MORTGAGE,8.0,DEBTCONSOLIDATION,A,4500,6.62,0,0.11,N,3,0,0,2.0
31,49000,RENT,5.0,HOMEIMPROVEMENT,B,6000,10.59,0,0.12,N,9,1,0,38.0
22,34500,RENT,3.0,EDUCATION,D,12000,14.84,1,0.35,Y,2,1,1,92.0
25,100000,RENT,9.0,PERSONAL,C,20000,13.06,0,0.2,Y,3,0,0,9.0
22,72000,MORTGAGE,3.0,EDUCATION,A,8400,5.42,0,0.12,N,2,0,0,2.0
21,30000,RENT,0.0,DEBTCONSOLIDATION,D,13750,15.05,1,0.46,Y,4,1,1,100.0
22,60000,RENT,3.0,EDUCATION,A,7000,6.91,0,0.12,N,4,0,0,2.0
26,14040,RENT,1.0,DEBTCONSOLIDATION,B,4750,10.25,1,0.34,N,2,1,1,99.0
21,21600,RENT,0.0,DEBTCONSOLIDATION,B,2000,11.71,0,0.09,N,2,1,0,17.0
29,180000,MORTGAGE,13.0,DEBTCONSOLIDATION,C,12000,12.99,0,0.07,Y,5,0,0,4.0
28,73008,MORTGAGE,2.0,EDUCATION,C,14000,12.73,0,0.19,Y,6,0,0,7.000000000000001
24,50000,RENT,4.0,DEBTCONSOLIDATION,A,14400,7.49,0,0.29,N,2,0,0,9.0
30,22000,OWN,4.0,VENTURE,C,2000,13.57,0,0.09,N,9,0,0,2.0
23,36500,RENT,2.0,HOMEIMPROVEMENT,D,15000,15.65,1,0.41,N,3,1,1,100.0
22,35000,RENT,1.0,EDUCATION,B,8000,9.2,0,0.23,N,3,0,0,9.0
25,56000,RENT,9.0,VENTURE,A,8000,5.99,0,0.14,N,2,0,0,0.0
23,102000,OWN,0.0,MEDICAL,D,30000,16.77,0,0.29,Y,2,0,0,34.0
37,53532,MORTGAGE,12.0,DEBTCONSOLIDATION,A,4000,5.42,0,0.07,N,11,0,0,4.0
32,50000,RENT,3.0,PERSONAL,C,2500,13.49,0,0.05,N,7,0,0,1.0
30,100000,RENT,1.0,MEDICAL,B,1000,11.71,0,0.01,N,7,0,0,3.0
31,61104,MORTGAGE,3.0,HOMEIMPROVEMENT,B,15000,9.25,0,0.25,N,10,0,0,23.0
28,65000,OWN,0.0,HOMEIMPROVEMENT,B,1450,9.76,0,0.02,N,6,0,0,2.0
60,45600,RENT,1.0,VENTURE,B,20000,10.0,1,0.44,N,26,1,1,96.0
21,62496,MORTGAGE,1.0,EDUCATION,C,5000,12.53,0,0.08,Y,3,0,0,16.0
26,50000,MORTGAGE,10.0,MEDICAL,C,13000,11.97,0,0.26,Y,3,0,0,14.000000000000002
22,45000,MORTGAGE,5.0,DEBTCONSOLIDATION,C,5000,12.61,0,0.11,Y,2,0,0,27.0
26,65000,MORTGAGE,6.0,VENTURE,E,22000,17.19,0,0.34,N,2,0,0,49.0
49,50000,MORTGAGE,8.0,PERSONAL,C,15850,14.26,0,0.32,N,17,0,0,36.0
23,34560,RENT,5.0,DEBTCONSOLIDATION,D,9600,16.02,1,0.28,Y,3,1,1,82.0
38,55000,MORTGAGE,16.0,PERSONAL,A,6000,5.42,0,0.11,N,14,0,0,5.0
30,54000,MORTGAGE,12.0,MEDICAL,C,15000,14.72,0,0.28,Y,9,0,0,38.0
26,48996,RENT,5.0,EDUCATION,A,5000,7.88,0,0.1,N,3,0,0,2.0
34,178000,MORTGAGE,4.0,DEBTCONSOLIDATION,D,12000,15.65,1,0.07,Y,5,1,1,94.0
25,55000,MORTGAGE,3.0,DEBTCONSOLIDATION,A,24200,8.49,0,0.44,N,3,0,0,4.0
35,90000,RENT,3.0,DEBTCONSOLIDATION,B,11000,11.99,0,0.12,N,10,0,0,1.0
39,30000,RENT,3.0,PERSONAL,B,6000,10.75,0,0.2,N,14,0,0,28.999999999999996
36,140000,OWN,13.0,VENTURE,B,20800,11.48,0,0.15,N,11,0,0,1.0
28,75000,RENT,0.0,VENTURE,A,6000,7.49,0,0.08,N,6,0,0,2.0
28,86004,MORTGAGE,12.0,VENTURE,B,3000,9.99,0,0.03,N,5,0,0,0.0
23,98400,MORTGAGE,0.0,EDUCATION,B,10000,11.14,0,0.1,N,4,0,0,7.000000000000001
47,48000,RENT,14.0,MEDICAL,C,2500,14.65,0,0.05,Y,17,0,0,14.000000000000002
36,50000,RENT,4.0,HOMEIMPROVEMENT,A,15000,8.9,0,0.3,N,14,0,0,25.0
30,49110,RENT,2.0,PERSONAL,B,19775,12.42,1,0.4,N,9,1,1,100.0
37,73000,RENT,4.0,DEBTCONSOLIDATION,B,11500,12.21,0,0.16,N,11,0,0,1.0
33,66000,OWN,3.0,VENTURE,B,5600,10.99,0,0.08,N,9,0,0,1.0
34,225000,MORTGAGE,4.0,DEBTCONSOLIDATION,C,3000,13.35,0,0.01,Y,7,0,0,9.0
32,90000,MORTGAGE,16.0,EDUCATION,C,21400,15.23,0,0.24,Y,5,0,0,18.0
33,48000,RENT,2.0,VENTURE,B,1500,11.89,0,0.03,N,6,0,0,1.0
30,45000,MORTGAGE,11.0,MEDICAL,A,2500,6.76,0,0.06,N,10,0,0,7.000000000000001
43,80000,RENT,5.0,HOMEIMPROVEMENT,B,10000,11.49,0,0.13,N,12,0,0,0.0
31,65000,MORTGAGE,15.0,PERSONAL,D,3000,16.77,0,0.05,Y,7,0,0,23.0
26,26400,RENT,0.0,EDUCATION,A,4000,7.9,0,0.15,N,2,0,0,10.0
24,90000,OWN,8.0,MEDICAL,C,12000,13.35,0,0.13,N,3,0,0,2.0
40,55000,MORTGAGE,6.0,EDUCATION,A,12000,6.62,0,0.22,N,15,0,0,0.0
34,27600,RENT,5.0,DEBTCONSOLIDATION,B,10000,10.37,1,0.36,N,6,1,1,98.0
22,107000,MORTGAGE,1.0,VENTURE,A,10000,7.14,0,0.09,N,2,0,0,0.0
27,200000,MORTGAGE,9.0,PERSONAL,A,7000,6.03,0,0.04,N,10,0,0,0.0
31,47756,RENT,3.0,MEDICAL,C,3350,13.98,0,0.07,N,5,0,0,5.0
23,42000,RENT,2.0,EDUCATION,B,6500,10.37,0,0.15,N,3,0,0,4.0
26,105000,MORTGAGE,2.0,HOMEIMPROVEMENT,B,7200,10.65,0,0.07,N,4,0,0,2.0
28,86000,MORTGAGE,12.0,PERSONAL,A,15600,5.99,0,0.18,N,7,0,0,0.0
30,58000,RENT,3.0,PERSONAL,C,20000,14.72,1,0.34,N,5,1,1,97.0
30,68000,RENT,1.0,VENTURE,A,3000,5.42,0,0.04,N,9,0,0,0.0
44,51850,RENT,7.0,MEDICAL,D,10000,14.11,1,0.16,N,12,1,1,74.0
27,69996,RENT,3.0,EDUCATION,D,10800,14.91,0,0.15,Y,10,0,0,16.0
23,44000,MORTGAGE,4.0,EDUCATION,A,3200,7.51,0,0.07,N,2,0,0,6.0
22,21600,MORTGAGE,4.0,PERSONAL,C,4000,12.99,0,0.19,N,2,0,0,24.0
31,75000,MORTGAGE,4.0,MEDICAL,B,13800,10.99,0,0.18,N,9,0,0,2.0
23,35000,RENT,3.0,DEBTCONSOLIDATION,C,10000,13.22,0,0.29,N,2,0,0,7.000000000000001
27,120000,RENT,0.0,DEBTCONSOLIDATION,A,7200,7.29,0,0.06,N,10,0,0,1.0
22,122000,MORTGAGE,6.0,MEDICAL,A,6000,6.92,0,0.05,N,2,0,0,0.0
28,90000,MORTGAGE,5.0,VENTURE,B,25000,11.86,0,0.28,N,6,0,0,2.0
35,37440,RENT,2.0,MEDICAL,B,8000,10.99,0,0.21,N,7,0,0,5.0
29,45000,MORTGAGE,4.0,HOMEIMPROVEMENT,C,14000,13.48,0,0.31,Y,5,0,0,10.0
24,50000,MORTGAGE,2.0,PERSONAL,A,6000,7.51,0,0.12,N,3,0,0,0.0
23,72000,RENT,7.0,VENTURE,B,12000,9.99,0,0.17,N,3,0,0,0.0
31,25000,OWN,3.0,MEDICAL,C,3500,13.49,0,0.14,N,9,0,0,1.0
30,144000,RENT,12.0,EDUCATION,E,5000,16.32,0,0.03,Y,7,0,0,42.0
21,24000,RENT,5.0,VENTURE,B,2000,11.14,0,0.08,N,4,0,0,9.0
23,65000,MORTGAGE,2.0,EDUCATION,B,20000,12.18,0,0.31,N,4,0,0,7.000000000000001
22,34800,RENT,4.0,DEBTCONSOLIDATION,B,4000,10.74,0,0.11,N,3,0,0,9.0
26,50000,RENT,1.0,HOMEIMPROVEMENT,A,10000,6.91,0,0.2,N,2,0,0,9.0
26,70000,RENT,3.0,EDUCATION,C,2000,12.84,0,0.03,Y,2,0,0,9.0
22,55000,RENT,2.0,VENTURE,A,8400,7.88,0,0.15,N,2,0,0,1.0
31,30000,RENT,1.0,DEBTCONSOLIDATION,A,5600,7.74,0,0.19,N,7,0,0,1.0
23,50000,RENT,6.0,EDUCATION,C,3000,13.49,0,0.06,Y,2,0,0,2.0
24,48000,RENT,0.0,PERSONAL,B,4800,9.88,0,0.1,N,3,0,0,2.0
30,24000,RENT,0.0,PERSONAL,B,5000,10.59,0,0.21,N,9,0,0,8.0
27,60000,OWN,4.0,HOMEIMPROVEMENT,A,10500,7.49,0,0.17,N,7,0,0,2.0
27,125000,MORTGAGE,11.0,MEDICAL,B,30000,10.99,0,0.24,N,10,0,0,1.0
26,39000,RENT,2.0,DEBTCONSOLIDATION,A,8000,6.62,0,0.21,N,2,0,0,7.000000000000001
24,60000,RENT,2.0,PERSONAL,B,25000,11.11,1,0.42,N,3,1,1,100.0
29,52000,RENT,2.0,HOMEIMPROVEMENT,D,11000,15.62,1,0.21,Y,10,1,1,88.0
24,45000,RENT,2.0,PERSONAL,C,4000,13.23,0,0.09,Y,3,0,0,3.0
32,31000,MORTGAGE,4.0,VENTURE,A,12000,5.42,0,0.39,N,6,0,0,14.000000000000002
23,95000,MORTGAGE,7.0,PERSONAL,A,6000,7.68,0,0.06,N,3,0,0,1.0
24,145000,MORTGAGE,0.0,PERSONAL,B,7000,10.99,0,0.05,N,2,0,0,6.0
26,48000,RENT,10.0,EDUCATION,B,4225,9.83,0,0.09,N,3,0,0,4.0
28,66000,RENT,12.0,DEBTCONSOLIDATION,A,8400,7.51,0,0.13,N,8,1,0,7.000000000000001
22,85000,MORTGAGE,6.0,PERSONAL,A,12500,7.49,0,0.15,N,2,0,0,0.0
30,96053,MORTGAGE,15.0,MEDICAL,D,30000,15.62,1,0.27,N,5,1,1,89.0
26,108160,RENT,4.0,EDUCATION,E,35000,18.39,1,0.32,N,4,1,1,82.0
40,62540,MORTGAGE,5.0,MEDICAL,F,7500,19.04,1,0.1,Y,12,1,1,77.0
23,55000,MORTGAGE,7.0,VENTURE,C,7000,13.23,0,0.13,Y,2,0,0,2.0
29,80000,RENT,0.0,PERSONAL,B,1500,12.42,0,0.02,N,9,0,0,7.000000000000001
34,72000,RENT,2.0,VENTURE,B,20000,11.89,0,0.28,N,10,0,0,19.0
31,61000,RENT,3.0,MEDICAL,C,7500,13.49,0,0.12,Y,10,0,0,4.0
22,52000,MORTGAGE,6.0,VENTURE,C,2650,12.99,0,0.05,Y,3,0,0,6.0
27,25000,RENT,4.0,DEBTCONSOLIDATION,D,8000,14.84,1,0.32,N,5,1,1,99.0
22,110196,MORTGAGE,6.0,MEDICAL,B,25000,11.49,0,0.23,N,3,0,0,0.0
31,138000,MORTGAGE,0.0,PERSONAL,A,35000,7.49,0,0.25,N,5,1,0,2.0
26,24000,RENT,3.0,EDUCATION,B,5400,11.49,0,0.23,N,3,0,0,3.0
23,55000,MORTGAGE,7.0,VENTURE,A,5200,8.9,0,0.09,N,4,0,0,1.0
44,39000,RENT,2.0,MEDICAL,B,12000,11.14,1,0.31,N,15,1,1,96.0
25,64000,RENT,9.0,MEDICAL,B,14400,9.62,0,0.23,N,2,0,0,3.0
46,170000,MORTGAGE,13.0,HOMEIMPROVEMENT,B,7200,9.91,0,0.04,N,12,0,0,6.0
36,32000,MORTGAGE,6.0,DEBTCONSOLIDATION,B,12000,10.37,0,0.38,N,11,0,0,15.0
22,30000,RENT,2.0,VENTURE,D,4200,15.31,1,0.14,Y,2,1,1,93.0
24,65000,OWN,6.0,EDUCATION,A,3500,6.76,0,0.05,N,4,0,0,1.0
27,63000,OTHER,2.0,DEBTCONSOLIDATION,A,4500,9.63,0,0.07,N,8,0,0,9.0
30,158000,MORTGAGE,6.0,HOMEIMPROVEMENT,B,21000,12.42,0,0.13,N,8,0,0,8.0
37,24000,RENT,4.0,MEDICAL,A,7000,6.92,0,0.29,N,14,0,0,2.0
25,25920,RENT,0.0,PERSONAL,B,2300,11.11,0,0.09,N,4,0,0,16.0
32,31000,MORTGAGE,5.0,DEBTCONSOLIDATION,B,13000,10.99,0,0.42,N,8,1,0,15.0
23,65748,MORTGAGE,6.0,EDUCATION,A,8800,9.63,0,0.13,N,3,0,0,11.0
23,83000,RENT,7.0,DEBTCONSOLIDATION,B,9000,10.59,0,0.11,N,4,0,0,7.000000000000001
23,45000,RENT,2.0,PERSONAL,B,12000,11.83,0,0.27,N,4,0,0,7.000000000000001
35,42000,RENT,3.0,PERSONAL,D,3200,15.62,0,0.08,N,5,0,0,30.0
30,24414,RENT,0.0,MEDICAL,A,5000,6.91,0,0.2,N,7,0,0,0.0
21,59000,MORTGAGE,5.0,HOMEIMPROVEMENT,B,5000,9.99,1,0.08,N,2,1,1,53.0
33,37440,RENT,5.0,PERSONAL,B,4400,11.71,0,0.12,N,10,0,0,9.0
29,47340,RENT,5.0,DEBTCONSOLIDATION,B,2000,9.99,0,0.04,N,6,0,0,4.0
23,49980,MORTGAGE,7.0,MEDICAL,B,4800,10.37,0,0.1,N,2,1,0,34.0
22,69000,MORTGAGE,4.0,EDUCATION,A,1000,7.4,0,0.01,N,2,0,0,1.0
24,42000,MORTGAGE,2.0,HOMEIMPROVEMENT,A,7000,8.59,0,0.17,N,3,0,0,4.0
26,24500,RENT,4.0,EDUCATION,B,8875,10.0,1,0.36,N,3,1,1,98.0
25,28000,RENT,6.0,DEBTCONSOLIDATION,A,1000,7.51,0,0.04,N,3,0,0,22.0
26,37000,MORTGAGE,4.0,VENTURE,A,10400,8.94,0,0.28,N,3,0,0,0.0
26,74400,MORTGAGE,10.0,DEBTCONSOLIDATION,A,15000,6.54,0,0.2,N,4,0,0,5.0
23,28000,MORTGAGE,2.0,VENTURE,B,8400,10.99,0,0.3,N,2,0,0,11.0
32,50000,OWN,4.0,EDUCATION,A,10000,6.03,0,0.2,N,9,0,0,0.0
25,24000,RENT,1.0,DEBTCONSOLIDATION,D,12000,12.17,1,0.5,Y,4,1,1,99.0
24,86376,MORTGAGE,2.0,MEDICAL,A,20000,7.29,0,0.23,N,3,0,0,5.0
33,34000,RENT,17.0,DEBTCONSOLIDATION,D,11175,14.96,1,0.33,N,8,1,1,96.0
22,98000,MORTGAGE,5.0,EDUCATION,D,25000,14.46,0,0.26,N,3,0,0,6.0
24,79200,OWN,8.0,VENTURE,A,3800,6.62,0,0.05,N,4,0,0,0.0
35,175000,RENT,0.0,DEBTCONSOLIDATION,B,16000,11.49,0,0.09,N,10,0,0,5.0
21,90000,OWN,6.0,MEDICAL,A,12000,6.03,0,0.13,N,3,0,0,1.0
36,13440,RENT,2.0,EDUCATION,D,2400,17.49,1,0.18,Y,11,1,1,95.0
25,116000,RENT,5.0,DEBTCONSOLIDATION,C,10000,14.26,0,0.09,Y,4,0,0,7.000000000000001
29,47000,RENT,2.0,PERSONAL,B,5000,10.62,0,0.11,N,7,0,0,0.0
35,70360,RENT,8.0,EDUCATION,A,10000,6.62,0,0.14,N,5,0,0,0.0
26,300000,OWN,9.0,HOMEIMPROVEMENT,B,10000,10.38,0,0.03,N,4,0,0,4.0
26,38000,RENT,0.0,DEBTCONSOLIDATION,B,6025,10.99,0,0.16,N,3,0,0,1.0
28,32004,RENT,5.0,VENTURE,C,6000,13.99,0,0.19,N,9,0,0,18.0
24,13000,RENT,1.0,MEDICAL,B,1200,11.89,0,0.09,N,2,0,0,21.0
23,100000,MORTGAGE,7.0,EDUCATION,D,15000,16.0,0,0.15,Y,2,0,0,0.0
22,32500,MORTGAGE,5.0,DEBTCONSOLIDATION,B,14500,11.99,0,0.45,N,4,0,0,16.0
26,25000,RENT,5.0,EDUCATION,A,6000,8.0,0,0.24,N,2,0,0,6.0
24,72000,OWN,8.0,HOMEIMPROVEMENT,A,9000,7.49,0,0.13,N,4,0,0,1.0
33,102000,MORTGAGE,6.0,EDUCATION,C,8700,12.99,0,0.09,Y,9,0,0,13.0
26,59000,RENT,2.0,PERSONAL,E,18000,16.0,1,0.31,Y,2,1,1,97.0
26,24000,RENT,0.0,EDUCATION,A,4800,7.49,0,0.2,N,3,0,0,7.000000000000001
27,83000,MORTGAGE,11.0,EDUCATION,A,3500,6.03,0,0.04,N,5,0,0,2.0
22,57600,MORTGAGE,6.0,VENTURE,B,6000,10.74,0,0.1,N,3,0,0,3.0
25,13000,RENT,2.0,PERSONAL,D,4000,15.65,1,0.31,Y,3,1,1,98.0
40,60000,MORTGAGE,1.0,MEDICAL,A,12000,8.94,0,0.2,N,15,0,0,7.000000000000001
22,40000,RENT,1.0,PERSONAL,B,4000,12.69,0,0.1,N,4,0,0,5.0
31,60775,RENT,4.0,MEDICAL,D,10000,16.49,1,0.14,Y,6,1,1,89.0
39,36000,MORTGAGE,1.0,PERSONAL,A,7125,7.9,0,0.2,N,12,0,0,7.000000000000001
29,108000,MORTGAGE,9.0,HOMEIMPROVEMENT,A,11400,9.32,0,0.11,N,5,0,0,4.0
27,26880,RENT,1.0,DEBTCONSOLIDATION,A,3000,5.79,0,0.11,N,10,0,0,9.0
24,55243,MORTGAGE,6.0,MEDICAL,B,2900,9.62,0,0.04,N,2,1,0,20.0
23,69996,OWN,2.0,EDUCATION,B,10000,10.99,0,0.14,N,4,0,0,0.0
39,27040,MORTGAGE,0.0,HOMEIMPROVEMENT,A,4800,8.59,0,0.18,N,17,0,0,11.0
34,160000,MORTGAGE,14.0,HOMEIMPROVEMENT,C,25000,13.49,0,0.16,Y,5,0,0,17.0
27,36000,RENT,0.0,DEBTCONSOLIDATION,C,8000,13.85,0,0.22,Y,6,1,0,17.0
22,42500,MORTGAGE,6.0,MEDICAL,E,7000,15.57,1,0.16,Y,4,1,1,82.0
29,124000,MORTGAGE,13.0,MEDICAL,A,8100,7.51,0,0.07,N,7,0,0,0.0
23,67000,MORTGAGE,2.0,DEBTCONSOLIDATION,A,5600,7.49,0,0.08,N,2,0,0,5.0
24,71000,OWN,4.0,PERSONAL,B,14000,10.99,0,0.2,N,3,0,0,2.0
32,96000,RENT,7.0,PERSONAL,D,20000,14.42,0,0.21,N,9,0,0,16.0
30,54000,MORTGAGE,4.0,DEBTCONSOLIDATION,D,12000,15.58,1,0.22,N,5,1,1,94.0
27,34800,OWN,7.0,HOMEIMPROVEMENT,A,9500,7.51,0,0.27,N,10,0,0,12.0
32,85000,RENT,7.0,DEBTCONSOLIDATION,B,6000,11.71,0,0.07,N,5,0,0,1.0
39,73000,MORTGAGE,3.0,VENTURE,A,10000,7.51,0,0.14,N,14,0,0,0.0
28,113000,MORTGAGE,1.0,PERSONAL,F,13200,18.67,0,0.12,N,10,1,0,34.0
24,42996,RENT,2.0,MEDICAL,A,14000,7.51,1,0.33,N,2,1,1,93.0
25,79000,MORTGAGE,9.0,MEDICAL,A,10000,5.79,0,0.13,N,3,0,0,1.0
27,42000,MORTGAGE,11.0,PERSONAL,A,3500,8.49,0,0.08,N,9,0,0,19.0
25,49000,OWN,6.0,PERSONAL,C,3000,13.49,0,0.06,N,4,0,0,1.0
23,30000,MORTGAGE,3.0,DEBTCONSOLIDATION,A,3800,5.79,0,0.13,N,3,0,0,3.0
23,126996,OWN,2.0,EDUCATION,B,11000,10.0,0,0.09,N,2,0,0,0.0
36,62000,MORTGAGE,9.0,EDUCATION,A,4800,8.0,0,0.08,N,12,0,0,1.0
26,84000,MORTGAGE,5.0,EDUCATION,C,21000,13.49,0,0.25,Y,2,0,0,8.0
24,29200,MORTGAGE,6.0,PERSONAL,A,2500,6.76,0,0.09,N,2,0,0,4.0
25,19000,OWN,3.0,DEBTCONSOLIDATION,A,4000,7.4,1,0.21,N,3,1,1,96.0
24,65004,RENT,4.0,PERSONAL,A,8000,8.49,0,0.12,N,2,0,0,3.0
29,60500,RENT,13.0,VENTURE,C,3000,13.61,0,0.05,N,9,0,0,8.0
24,51600,RENT,8.0,HOMEIMPROVEMENT,B,3000,10.65,0,0.06,N,3,0,0,11.0
27,67200,MORTGAGE,2.0,HOMEIMPROVEMENT,A,10750,6.91,0,0.16,N,6,0,0,5.0
21,17000,RENT,3.0,MEDICAL,A,5750,8.9,1,0.34,N,2,1,1,100.0
23,8088,RENT,4.0,MEDICAL,B,1000,10.0,0,0.12,N,4,0,0,42.0
23,53352,RENT,3.0,MEDICAL,A,17500,6.54,1,0.33,N,4,1,1,91.0
27,68400,MORTGAGE,8.0,DEBTCONSOLIDATION,C,8000,14.26,0,0.12,N,7,1,0,21.0
24,108000,MORTGAGE,8.0,DEBTCONSOLIDATION,A,4200,7.49,0,0.04,N,3,0,0,0.0
32,36000,RENT,2.0,VENTURE,B,5000,11.83,0,0.14,N,10,0,0,1.0
32,41000,RENT,17.0,MEDICAL,C,3000,13.49,0,0.07,Y,7,0,0,35.0
22,75000,MORTGAGE,6.0,EDUCATION,A,5000,7.74,0,0.07,N,4,0,0,23.0
48,60000,MORTGAGE,0.0,DEBTCONSOLIDATION,A,2500,7.29,0,0.04,N,11,0,0,0.0
24,54000,RENT,2.0,EDUCATION,A,6000,7.14,0,0.11,N,3,0,0,0.0
21,21000,MORTGAGE,5.0,DEBTCONSOLIDATION,D,3500,17.27,1,0.17,Y,2,1,1,85.0
27,32000,OTHER,10.0,EDUCATION,C,15000,13.49,1,0.47,N,7,1,1,60.0
27,75000,MORTGAGE,4.0,PERSONAL,B,20150,11.36,0,0.27,N,6,0,0,9.0
24,40800,RENT,6.0,MEDICAL,B,17500,10.62,1,0.43,N,4,1,1,96.0
24,52000,RENT,1.0,EDUCATION,C,8000,11.78,0,0.15,N,3,0,0,8.0
23,59000,RENT,7.0,EDUCATION,C,10000,13.49,0,0.17,Y,3,0,0,19.0
25,40800,MORTGAGE,9.0,MEDICAL,B,9700,9.63,0,0.24,N,4,0,0,5.0
28,60000,OWN,12.0,EDUCATION,A,7000,7.66,0,0.12,N,9,0,0,10.0
36,49000,OWN,4.0,PERSONAL,D,4200,16.02,0,0.09,Y,13,0,0,4.0
23,70000,MORTGAGE,7.0,EDUCATION,C,2000,13.49,0,0.03,Y,2,0,0,3.0
24,75000,MORTGAGE,7.0,HOMEIMPROVEMENT,C,12000,13.49,0,0.16,Y,4,0,0,19.0
26,40000,RENT,1.0,MEDICAL,A,1400,7.74,0,0.04,N,3,0,0,4.0
40,28000,OWN,3.0,PERSONAL,D,12000,16.0,0,0.43,Y,14,0,0,23.0
24,54000,MORTGAGE,8.0,HOMEIMPROVEMENT,B,4000,9.99,0,0.07,N,4,0,0,12.0
25,86004,RENT,1.0,PERSONAL,C,15000,12.53,0,0.17,Y,4,0,0,3.0
27,73000,MORTGAGE,11.0,PERSONAL,A,10000,5.79,0,0.14,N,8,0,0,3.0
23,24000,RENT,3.0,EDUCATION,C,2200,15.23,0,0.09,Y,4,0,0,15.0
31,105000,RENT,9.0,HOMEIMPROVEMENT,B,15000,10.59,0,0.14,N,8,0,0,2.0
22,32000,RENT,7.0,MEDICAL,C,14000,12.23,1,0.44,N,3,1,1,100.0
26,95000,RENT,3.0,MEDICAL,C,12500,12.61,0,0.13,N,2,0,0,5.0
23,53664,MORTGAGE,7.0,EDUCATION,B,15000,10.75,0,0.28,N,4,0,0,5.0
33,80000,MORTGAGE,9.0,VENTURE,B,6000,11.11,0,0.07,N,8,0,0,0.0
26,50000,RENT,4.0,PERSONAL,B,6000,10.99,0,0.12,N,3,0,0,4.0
22,48888,RENT,1.0,PERSONAL,C,18400,13.16,1,0.38,N,2,1,1,100.0
22,40000,RENT,1.0,DEBTCONSOLIDATION,B,7000,11.11,0,0.17,N,3,0,0,2.0
23,42996,RENT,2.0,EDUCATION,C,6000,12.84,0,0.14,Y,2,0,0,20.0
30,44000,RENT,0.0,PERSONAL,D,10500,15.58,1,0.24,Y,10,1,1,92.0
22,60000,MORTGAGE,7.0,VENTURE,B,6000,10.38,0,0.1,N,2,0,0,0.0
26,53000,OWN,2.0,HOMEIMPROVEMENT,B,2500,9.91,0,0.05,N,2,0,0,4.0
35,79750,MORTGAGE,5.0,DEBTCONSOLIDATION,B,35000,11.99,0,0.44,N,5,0,0,17.0
23,57188,MORTGAGE,7.0,VENTURE,A,17450,6.62,0,0.31,N,3,0,0,3.0
29,63000,OWN,13.0,HOMEIMPROVEMENT,A,15000,7.49,0,0.24,N,7,0,0,0.0
44,80000,RENT,6.0,PERSONAL,C,6400,13.16,0,0.08,N,11,0,0,8.0
28,72000,RENT,4.0,VENTURE,C,12000,13.49,0,0.17,Y,6,0,0,13.0
28,39184,RENT,3.0,DEBTCONSOLIDATION,A,6000,6.17,0,0.15,N,7,0,0,10.0
33,22356,RENT,2.0,MEDICAL,A,6000,7.9,0,0.27,N,8,0,0,7.000000000000001
29,30992,MORTGAGE,3.0,EDUCATION,B,8000,11.58,0,0.26,N,9,1,0,19.0
25,49000,MORTGAGE,8.0,MEDICAL,B,18200,11.99,0,0.37,N,4,1,0,13.0
26,60000,RENT,0.0,VENTURE,C,14650,12.61,0,0.24,Y,3,0,0,4.0
26,36000,MORTGAGE,10.0,PERSONAL,B,18000,10.39,0,0.5,N,2,0,0,18.0
31,111000,MORTGAGE,3.0,HOMEIMPROVEMENT,A,5150,6.62,0,0.05,N,6,0,0,0.0
22,20000,RENT,2.0,EDUCATION,B,4000,9.45,0,0.2,N,4,0,0,4.0
24,75000,MORTGAGE,4.0,VENTURE,B,16000,12.42,0,0.21,N,2,0,0,0.0
59,175000,RENT,3.0,PERSONAL,B,12000,10.59,0,0.07,N,27,0,0,7.000000000000001
31,77940,MORTGAGE,3.0,DEBTCONSOLIDATION,B,16250,10.99,0,0.21,N,10,0,0,16.0
25,60000,RENT,3.0,VENTURE,A,12000,5.42,0,0.2,N,3,0,0,3.0
31,134748,MORTGAGE,15.0,VENTURE,B,18000,10.74,0,0.13,N,9,0,0,0.0
22,62322,RENT,7.0,EDUCATION,B,10000,10.99,0,0.16,N,2,0,0,6.0
28,78000,MORTGAGE,12.0,MEDICAL,B,12000,10.99,0,0.15,N,10,0,0,6.0
37,178008,RENT,12.0,DEBTCONSOLIDATION,B,7500,11.14,0,0.04,N,11,0,0,5.0
27,128000,RENT,11.0,DEBTCONSOLIDATION,D,24250,14.59,1,0.19,N,10,1,1,87.0
22,70000,MORTGAGE,3.0,EDUCATION,D,18000,14.42,0,0.26,N,3,0,0,25.0
26,39500,MORTGAGE,6.0,MEDICAL,D,15250,15.05,1,0.39,N,4,1,1,74.0
29,12480,RENT,4.0,EDUCATION,A,1000,8.9,1,0.08,N,9,0,1,54.0
22,120000,MORTGAGE,6.0,VENTURE,A,12000,7.49,0,0.1,N,4,0,0,0.0
25,61200,MORTGAGE,9.0,MEDICAL,D,20000,14.74,1,0.28,Y,2,1,1,90.0
25,45000,RENT,4.0,PERSONAL,B,8000,10.38,0,0.18,N,3,0,0,3.0
22,19200,RENT,4.0,HOMEIMPROVEMENT,D,8000,16.29,1,0.42,Y,3,1,1,98.0
30,42000,RENT,1.0,PERSONAL,B,1600,10.37,0,0.04,N,6,0,0,12.0
30,42000,MORTGAGE,14.0,MEDICAL,A,4500,7.49,0,0.11,N,7,1,0,5.0
22,54000,MORTGAGE,6.0,PERSONAL,A,7000,8.94,0,0.13,N,2,0,0,3.0
43,72000,MORTGAGE,9.0,MEDICAL,B,10000,10.99,0,0.14,N,11,0,0,6.0
37,15000,OWN,0.0,VENTURE,A,5000,7.74,1,0.33,N,13,1,1,98.0
28,24000,RENT,4.0,VENTURE,A,3000,9.32,0,0.13,N,6,0,0,7.000000000000001
25,70000,RENT,4.0,MEDICAL,B,12000,10.37,0,0.17,N,3,0,0,1.0
26,99000,MORTGAGE,9.0,MEDICAL,C,20000,14.22,0,0.2,N,4,0,0,15.0
29,125800,RENT,11.0,MEDICAL,D,9000,16.77,1,0.06,N,8,1,1,72.0
34,120000,RENT,0.0,DEBTCONSOLIDATION,A,2200,7.51,0,0.02,N,5,0,0,6.0
32,64000,RENT,1.0,EDUCATION,B,10000,12.69,0,0.16,N,10,0,0,5.0
36,54000,MORTGAGE,5.0,MEDICAL,A,5000,7.49,0,0.09,N,16,0,0,5.0
25,37500,RENT,1.0,MEDICAL,C,10000,15.96,0,0.27,Y,4,0,0,48.0
22,18000,OWN,1.0,DEBTCONSOLIDATION,B,3000,9.96,1,0.17,N,3,1,1,92.0
24,15000,RENT,3.0,PERSONAL,E,4800,16.95,1,0.32,N,3,1,1,97.0
23,53760,RENT,0.0,EDUCATION,C,5000,13.43,0,0.09,N,4,0,0,11.0
24,72000,MORTGAGE,8.0,DEBTCONSOLIDATION,A,8000,7.88,0,0.11,N,3,0,0,2.0
23,54860,RENT,0.0,PERSONAL,C,5000,14.17,0,0.09,N,4,0,0,14.000000000000002
22,50000,OWN,4.0,PERSONAL,B,5000,12.62,0,0.1,N,3,0,0,6.0
32,150000,RENT,7.0,DEBTCONSOLIDATION,A,25000,8.49,0,0.17,N,7,0,0,3.0
41,58500,RENT,17.0,PERSONAL,D,7150,15.99,0,0.12,Y,16,1,0,42.0
25,32000,MORTGAGE,4.0,DEBTCONSOLIDATION,B,8000,10.36,0,0.25,N,2,1,0,19.0
24,70000,MORTGAGE,6.0,HOMEIMPROVEMENT,C,25000,13.49,0,0.36,N,3,0,0,48.0
25,42500,RENT,0.0,MEDICAL,C,4000,12.99,0,0.09,N,3,0,0,8.0
44,80000,MORTGAGE,28.0,HOMEIMPROVEMENT,D,25000,15.33,0,0.31,N,11,0,0,40.0
27,53000,MORTGAGE,3.0,EDUCATION,C,6400,13.11,0,0.12,Y,8,0,0,15.0
24,44000,MORTGAGE,7.0,PERSONAL,B,10000,9.99,0,0.23,N,3,0,0,12.0
27,50000,RENT,5.0,MEDICAL,A,7300,7.29,0,0.15,N,9,0,0,2.0
22,55000,MORTGAGE,6.0,PERSONAL,C,13000,13.85,0,0.24,N,3,0,0,11.0
24,44000,MORTGAGE,8.0,EDUCATION,A,2000,5.79,0,0.05,N,3,0,0,7.000000000000001
37,66560,RENT,11.0,DEBTCONSOLIDATION,B,7200,10.0,0,0.11,N,15,0,0,3.0
23,34000,RENT,2.0,DEBTCONSOLIDATION,D,6000,14.09,1,0.18,Y,4,1,1,87.0
25,95000,MORTGAGE,5.0,VENTURE,B,18000,10.99,0,0.19,N,3,0,0,1.0
37,71000,MORTGAGE,11.0,DEBTCONSOLIDATION,B,11200,12.42,0,0.16,N,11,0,0,1.0
28,95000,MORTGAGE,0.0,MEDICAL,B,4500,10.99,0,0.05,N,7,0,0,2.0
27,23652,MORTGAGE,9.0,PERSONAL,A,2000,7.49,0,0.08,N,8,0,0,11.0
25,56004,MORTGAGE,5.0,DEBTCONSOLIDATION,B,8000,11.71,0,0.14,N,3,1,0,12.0
23,26000,RENT,1.0,EDUCATION,B,4000,10.99,0,0.15,N,4,0,0,17.0
31,62500,OWN,0.0,VENTURE,C,3000,13.92,0,0.05,Y,5,0,0,2.0
31,30000,RENT,0.0,EDUCATION,D,6600,16.49,1,0.22,Y,8,1,1,91.0
21,50808,RENT,2.0,EDUCATION,A,4000,6.17,0,0.08,N,4,0,0,14.000000000000002
26,130000,MORTGAGE,5.0,PERSONAL,D,35000,18.25,0,0.27,Y,4,0,0,17.0
26,136000,RENT,2.0,HOMEIMPROVEMENT,C,12000,14.72,0,0.09,Y,3,0,0,6.0
28,90000,MORTGAGE,9.0,DEBTCONSOLIDATION,A,4000,8.0,0,0.04,N,6,0,0,6.0
33,21600,RENT,2.0,DEBTCONSOLIDATION,C,6500,13.49,0,0.3,Y,5,0,0,12.0
26,45000,MORTGAGE,2.0,VENTURE,B,12000,10.99,0,0.27,N,3,0,0,0.0
26,55000,RENT,10.0,MEDICAL,A,6000,5.42,0,0.11,N,4,0,0,5.0
25,54000,RENT,3.0,DEBTCONSOLIDATION,D,7000,15.62,1,0.13,N,3,1,1,92.0
29,48000,RENT,9.0,DEBTCONSOLIDATION,C,5600,15.96,0,0.12,Y,7,0,0,16.0
23,33000,RENT,5.0,DEBTCONSOLIDATION,D,4800,14.54,1,0.15,Y,3,1,1,79.0
29,35000,RENT,0.0,VENTURE,A,3200,7.49,0,0.09,N,6,0,0,0.0
24,50000,MORTGAGE,5.0,PERSONAL,A,6000,6.17,0,0.12,N,2,0,0,0.0
30,36000,MORTGAGE,7.0,DEBTCONSOLIDATION,B,15000,11.83,0,0.42,N,10,0,0,20.0
28,52500,RENT,2.0,PERSONAL,A,8000,7.51,0,0.15,N,6,0,0,1.0
34,148080,RENT,0.0,HOMEIMPROVEMENT,A,20000,8.9,0,0.14,N,6,0,0,19.0
23,32000,RENT,2.0,VENTURE,E,5000,13.93,1,0.16,N,4,1,1,51.0
27,25200,RENT,3.0,MEDICAL,A,6000,7.9,0,0.24,N,5,0,0,6.0
22,50004,RENT,6.0,PERSONAL,B,12000,10.0,0,0.24,N,2,0,0,10.0
24,90000,RENT,8.0,HOMEIMPROVEMENT,B,10000,10.99,0,0.11,N,2,0,0,0.0
25,102000,MORTGAGE,7.0,HOMEIMPROVEMENT,G,25000,20.16,1,0.25,Y,4,1,1,76.0
22,53000,MORTGAGE,6.0,PERSONAL,A,5000,5.42,0,0.09,N,3,0,0,3.0
22,70550,RENT,4.0,MEDICAL,E,12000,15.68,1,0.14,N,3,1,1,79.0
26,40000,MORTGAGE,10.0,HOMEIMPROVEMENT,A,5300,5.42,0,0.13,N,2,0,0,9.0
31,13000,RENT,0.0,VENTURE,C,8000,12.84,1,0.62,N,10,1,1,100.0
27,112000,MORTGAGE,12.0,EDUCATION,C,15000,13.49,0,0.13,N,8,0,0,7.000000000000001
23,60000,MORTGAGE,3.0,EDUCATION,A,20000,7.88,0,0.33,N,4,0,0,2.0
27,60000,RENT,6.0,DEBTCONSOLIDATION,B,4500,12.69,0,0.07,N,7,0,0,10.0
26,34000,RENT,2.0,PERSONAL,D,12000,14.96,1,0.35,N,3,1,1,98.0
26,42000,RENT,0.0,VENTURE,B,6000,11.12,0,0.14,N,4,0,0,0.0
31,13000,RENT,6.0,HOMEIMPROVEMENT,B,7000,9.62,1,0.54,N,9,1,1,100.0
22,36000,RENT,3.0,EDUCATION,C,9000,13.49,0,0.25,Y,2,0,0,15.0
21,30000,RENT,5.0,EDUCATION,A,8400,6.03,0,0.28,N,3,0,0,28.000000000000004
24,84000,RENT,8.0,MEDICAL,B,21000,10.75,0,0.25,N,4,0,0,3.0
22,51000,RENT,5.0,EDUCATION,B,20000,12.53,1,0.39,N,3,1,1,100.0
26,36000,RENT,2.0,PERSONAL,A,15000,7.66,1,0.42,N,3,1,1,98.0
23,51000,MORTGAGE,5.0,DEBTCONSOLIDATION,A,4000,6.03,0,0.08,N,2,0,0,1.0
26,44000,RENT,10.0,DEBTCONSOLIDATION,D,14000,14.83,1,0.32,N,2,1,1,96.0
29,47500,MORTGAGE,14.0,VENTURE,A,3500,8.9,0,0.07,N,9,0,0,2.0
24,49812,RENT,4.0,MEDICAL,A,15000,6.17,0,0.3,N,3,0,0,8.0
30,39500,RENT,3.0,EDUCATION,A,6925,7.88,0,0.18,N,9,0,0,6.0
22,30000,RENT,1.0,EDUCATION,D,4000,14.96,1,0.13,Y,2,1,1,89.0
31,204000,RENT,0.0,VENTURE,A,12000,9.63,0,0.06,N,9,0,0,2.0
24,80400,MORTGAGE,5.0,PERSONAL,A,12000,5.79,0,0.15,N,2,0,0,1.0
33,108000,RENT,11.0,VENTURE,B,3000,11.36,0,0.03,N,5,0,0,3.0
24,36000,RENT,0.0,DEBTCONSOLIDATION,A,4000,7.4,0,0.11,N,4,0,0,5.0
49,70000,RENT,4.0,EDUCATION,B,17000,11.71,0,0.24,N,16,0,0,8.0
37,58000,RENT,9.0,VENTURE,B,18200,10.99,1,0.31,N,17,1,1,95.0
35,56000,MORTGAGE,4.0,DEBTCONSOLIDATION,A,12000,7.49,0,0.21,N,8,0,0,1.0
25,77000,MORTGAGE,1.0,DEBTCONSOLIDATION,F,7200,18.53,1,0.09,N,2,1,1,71.0
26,40000,RENT,3.0,DEBTCONSOLIDATION,B,5000,9.45,0,0.13,N,3,0,0,5.0
24,35004,RENT,6.0,MEDICAL,D,7200,15.31,1,0.21,N,2,0,1,74.0
25,60000,RENT,7.0,DEBTCONSOLIDATION,B,15000,10.99,0,0.25,N,3,0,0,7.000000000000001
27,69996,RENT,12.0,PERSONAL,A,5000,9.63,0,0.07,N,5,0,0,12.0
23,20004,MORTGAGE,2.0,EDUCATION,E,2500,16.82,1,0.12,Y,2,0,1,62.0
23,20124,RENT,4.0,MEDICAL,C,5950,13.49,0,0.3,Y,3,0,0,12.0
25,70356,RENT,8.0,HOMEIMPROVEMENT,A,7000,7.29,0,0.1,N,4,0,0,7.000000000000001
22,60000,MORTGAGE,4.0,EDUCATION,A,5000,6.54,0,0.08,N,4,0,0,0.0
27,32220,RENT,11.0,MEDICAL,B,17725,11.49,1,0.55,N,7,1,1,100.0
39,18300,RENT,0.0,EDUCATION,D,1200,14.74,1,0.07,N,17,1,1,80.0
25,82000,MORTGAGE,3.0,HOMEIMPROVEMENT,B,15000,10.37,0,0.18,N,2,0,0,7.000000000000001
29,105000,MORTGAGE,13.0,HOMEIMPROVEMENT,A,12000,7.88,0,0.11,N,7,0,0,3.0
24,175000,MORTGAGE,9.0,EDUCATION,A,10000,5.42,0,0.06,N,3,0,0,0.0
32,61200,MORTGAGE,4.0,PERSONAL,A,15000,6.99,0,0.25,N,9,0,0,3.0
23,48500,RENT,5.0,DEBTCONSOLIDATION,A,3850,8.49,0,0.08,N,4,0,0,2.0
33,180000,RENT,0.0,MEDICAL,A,7000,7.74,0,0.04,N,6,0,0,0.0
35,36000,RENT,3.0,DEBTCONSOLIDATION,A,5000,7.51,0,0.14,N,5,0,0,3.0
31,70000,MORTGAGE,11.0,EDUCATION,A,2000,7.4,0,0.03,N,7,0,0,7.000000000000001
23,48000,MORTGAGE,8.0,VENTURE,A,10500,7.51,0,0.22,N,2,0,0,1.0
25,89796,MORTGAGE,2.0,VENTURE,B,9000,11.11,0,0.1,N,4,0,0,0.0
27,85248,RENT,0.0,MEDICAL,B,10000,9.99,0,0.12,N,9,0,0,2.0
23,144000,RENT,0.0,EDUCATION,B,24250,11.83,0,0.17,N,3,0,0,1.0
24,58000,MORTGAGE,3.0,PERSONAL,D,15000,15.31,0,0.26,N,4,0,0,39.0
21,12000,OWN,6.0,EDUCATION,C,3000,13.61,1,0.25,Y,3,1,1,97.0
22,50000,RENT,6.0,PERSONAL,B,6000,11.89,0,0.12,N,2,0,0,3.0
41,43000,OWN,3.0,VENTURE,B,22800,12.21,0,0.53,N,11,0,0,7.000000000000001
25,124000,OWN,9.0,MEDICAL,B,2000,10.99,0,0.02,N,4,0,0,4.0
31,55000,MORTGAGE,9.0,DEBTCONSOLIDATION,A,8000,7.49,0,0.15,N,9,0,0,6.0
28,42000,RENT,3.0,EDUCATION,D,9600,14.61,0,0.23,N,9,0,0,12.0
26,22000,OWN,6.0,VENTURE,B,7500,10.96,0,0.34,N,2,0,0,4.0
20,42000,RENT,4.0,VENTURE,B,6500,11.71,0,0.15,N,2,0,0,8.0
24,94837,RENT,8.0,HOMEIMPROVEMENT,B,9600,11.99,0,0.1,N,2,0,0,5.0
30,58000,OWN,7.0,PERSONAL,A,6000,5.79,0,0.1,N,5,0,0,1.0
29,53000,RENT,7.0,VENTURE,C,9600,12.73,0,0.18,N,5,0,0,5.0
44,71000,MORTGAGE,11.0,EDUCATION,A,9000,7.49,0,0.13,N,11,0,0,4.0
24,29000,RENT,0.0,VENTURE,B,4000,9.45,0,0.14,N,3,0,0,5.0
33,96000,MORTGAGE,11.0,DEBTCONSOLIDATION,D,15000,14.62,1,0.16,Y,10,1,1,92.0
24,48000,OWN,5.0,VENTURE,A,10400,7.37,0,0.22,N,3,0,0,0.0
24,13200,RENT,6.0,VENTURE,D,4000,15.65,1,0.3,Y,3,1,1,90.0
24,20400,RENT,3.0,VENTURE,C,7550,14.79,1,0.37,N,4,1,1,96.0
25,45996,OWN,0.0,HOMEIMPROVEMENT,A,3850,7.49,0,0.08,N,2,0,0,3.0
22,50004,RENT,6.0,PERSONAL,B,10000,12.21,0,0.2,N,2,0,0,7.000000000000001
23,40000,MORTGAGE,1.0,VENTURE,B,1200,10.83,0,0.03,N,2,0,0,1.0
24,85000,RENT,0.0,EDUCATION,A,16000,6.91,0,0.19,N,2,0,0,2.0
26,47000,MORTGAGE,0.0,PERSONAL,A,3000,5.79,0,0.06,N,2,0,0,8.0
28,32400,RENT,3.0,DEBTCONSOLIDATION,C,12000,14.26,1,0.37,N,10,1,1,99.0
27,90000,RENT,0.0,MEDICAL,B,8000,10.99,0,0.09,N,10,0,0,4.0
25,32000,RENT,9.0,MEDICAL,E,15000,16.45,1,0.47,Y,2,1,1,99.0
23,85000,MORTGAGE,7.0,EDUCATION,C,20000,13.22,0,0.24,Y,4,0,0,17.0
22,14400,RENT,0.0,HOMEIMPROVEMENT,E,4400,19.91,1,0.31,N,4,1,1,100.0
27,58000,MORTGAGE,7.0,VENTURE,B,2800,11.99,0,0.05,N,8,0,0,1.0
43,42000,RENT,4.0,EDUCATION,D,7000,14.96,0,0.17,Y,16,0,0,27.0
24,47000,MORTGAGE,8.0,PERSONAL,B,3000,12.69,0,0.06,N,3,0,0,22.0
24,39000,RENT,8.0,MEDICAL,D,1500,15.62,1,0.04,Y,3,0,1,62.0
26,30000,RENT,0.0,DEBTCONSOLIDATION,D,6000,15.31,1,0.2,Y,2,1,1,90.0
30,74000,OWN,13.0,MEDICAL,B,10500,10.74,0,0.14,N,8,0,0,4.0
23,79000,MORTGAGE,7.0,DEBTCONSOLIDATION,D,16000,14.09,1,0.2,N,3,1,1,83.0
24,60000,RENT,3.0,VENTURE,C,22000,14.26,1,0.37,Y,2,1,1,99.0
28,42000,RENT,4.0,VENTURE,C,6000,11.78,0,0.14,Y,10,0,0,12.0
23,95004,RENT,2.0,PERSONAL,A,5000,9.63,0,0.05,N,4,0,0,1.0
23,34800,RENT,1.0,VENTURE,B,1000,11.99,0,0.03,N,4,0,0,8.0
36,92000,RENT,5.0,DEBTCONSOLIDATION,B,10000,11.71,0,0.11,N,16,0,0,6.0
35,83000,MORTGAGE,17.0,HOMEIMPROVEMENT,D,15000,15.31,0,0.18,N,6,0,0,9.0
36,120000,RENT,2.0,HOMEIMPROVEMENT,C,16000,13.06,0,0.13,N,16,0,0,8.0
22,60000,MORTGAGE,2.0,MEDICAL,A,10000,7.49,0,0.17,N,2,0,0,0.0
22,81996,MORTGAGE,6.0,PERSONAL,B,10000,11.46,0,0.12,N,3,1,0,5.0
29,8500,RENT,7.0,VENTURE,A,4500,8.63,1,0.53,N,10,1,1,99.0
23,45992,MORTGAGE,7.0,VENTURE,A,10000,5.42,0,0.22,N,3,0,0,2.0
28,45500,OWN,1.0,MEDICAL,A,8400,7.49,0,0.18,N,5,0,0,2.0
27,26000,RENT,6.0,MEDICAL,B,4000,10.25,0,0.15,N,10,0,0,22.0
25,76000,RENT,4.0,EDUCATION,C,13200,12.23,0,0.17,N,4,0,0,5.0
23,58200,MORTGAGE,2.0,DEBTCONSOLIDATION,B,13000,10.99,0,0.22,N,2,0,0,9.0
26,69912,MORTGAGE,9.0,VENTURE,A,8000,6.99,0,0.11,N,2,0,0,1.0
39,56100,MORTGAGE,23.0,MEDICAL,D,8000,16.07,1,0.12,N,14,1,1,88.0
27,36000,MORTGAGE,8.0,HOMEIMPROVEMENT,A,12500,6.03,0,0.35,N,7,1,0,12.0
26,97000,RENT,3.0,EDUCATION,C,21000,13.49,0,0.22,Y,3,0,0,17.0
24,84996,OWN,4.0,DEBTCONSOLIDATION,D,8000,15.57,0,0.09,Y,4,0,0,28.000000000000004
22,51000,MORTGAGE,6.0,PERSONAL,B,7000,11.12,0,0.14,N,3,0,0,6.0
23,73500,RENT,1.0,VENTURE,C,12000,12.99,0,0.16,N,2,1,0,15.0
30,72000,RENT,2.0,HOMEIMPROVEMENT,B,3000,11.83,0,0.04,N,5,0,0,11.0
30,54000,RENT,2.0,VENTURE,E,5000,15.13,1,0.09,N,9,1,1,74.0
24,94992,RENT,1.0,EDUCATION,B,12000,11.89,0,0.13,N,4,0,0,1.0
27,91000,MORTGAGE,2.0,PERSONAL,A,11525,7.49,0,0.13,N,7,0,0,0.0
23,55000,MORTGAGE,4.0,VENTURE,A,8000,7.49,0,0.15,N,2,0,0,0.0
22,31193,OWN,0.0,DEBTCONSOLIDATION,D,4000,14.74,0,0.13,Y,2,0,0,13.0
25,31200,RENT,7.0,MEDICAL,A,3500,6.92,0,0.11,N,3,0,0,3.0
23,105000,MORTGAGE,7.0,DEBTCONSOLIDATION,B,12000,10.25,0,0.11,N,3,0,0,4.0
28,20000,MORTGAGE,0.0,HOMEIMPROVEMENT,A,5000,8.59,0,0.25,N,7,0,0,16.0
25,110000,MORTGAGE,7.0,EDUCATION,A,8000,7.14,0,0.07,N,4,0,0,4.0
29,46296,RENT,14.0,EDUCATION,D,8800,14.42,0,0.19,N,7,0,0,37.0
45,56000,MORTGAGE,8.0,DEBTCONSOLIDATION,D,7000,16.29,1,0.13,Y,12,1,1,89.0
33,45600,RENT,0.0,DEBTCONSOLIDATION,A,11200,5.79,0,0.25,N,8,0,0,0.0
30,53208,MORTGAGE,5.0,EDUCATION,C,8500,13.49,0,0.16,Y,5,0,0,12.0
29,75000,MORTGAGE,7.0,EDUCATION,A,6125,7.49,0,0.08,N,8,0,0,1.0
24,118300,RENT,1.0,PERSONAL,C,15000,12.68,0,0.13,N,4,0,0,6.0
26,72500,RENT,1.0,VENTURE,B,10000,9.96,0,0.14,N,3,0,0,1.0
28,176608,MORTGAGE,1.0,VENTURE,C,21125,13.16,0,0.12,Y,5,0,0,12.0
23,54996,RENT,4.0,EDUCATION,B,16700,10.37,0,0.3,N,3,0,0,12.0
28,98400,MORTGAGE,12.0,VENTURE,D,20000,14.84,0,0.2,Y,9,0,0,10.0
26,55000,RENT,3.0,VENTURE,C,5000,13.48,0,0.09,Y,4,0,0,5.0
31,80000,MORTGAGE,4.0,HOMEIMPROVEMENT,C,16000,13.8,0,0.2,N,9,0,0,17.0
27,40000,RENT,0.0,MEDICAL,A,15000,6.91,1,0.38,N,10,1,1,98.0
23,58650,RENT,7.0,MEDICAL,C,15000,13.43,0,0.22,Y,4,1,0,12.0
27,90000,RENT,3.0,DEBTCONSOLIDATION,A,10000,7.66,0,0.11,N,7,0,0,0.0
27,10000,RENT,2.0,VENTURE,D,1200,14.11,1,0.12,Y,6,1,1,75.0
26,122500,RENT,1.0,MEDICAL,B,10000,10.65,0,0.08,N,3,0,0,0.0
39,150000,MORTGAGE,9.0,EDUCATION,A,30000,8.9,0,0.2,N,15,0,0,2.0
23,40308,MORTGAGE,1.0,MEDICAL,A,5000,7.68,0,0.12,N,3,0,0,1.0
32,112445,MORTGAGE,4.0,DEBTCONSOLIDATION,A,6000,5.42,0,0.05,N,10,0,0,1.0
23,94940,MORTGAGE,4.0,VENTURE,A,2000,5.42,0,0.02,N,3,0,0,0.0
41,40000,RENT,3.0,PERSONAL,A,9200,7.49,0,0.23,N,13,0,0,1.0
25,32000,RENT,1.0,DEBTCONSOLIDATION,A,1500,7.29,0,0.05,N,3,0,0,10.0
22,77250,RENT,3.0,PERSONAL,B,4000,11.71,0,0.05,N,3,0,0,2.0
27,38000,RENT,0.0,MEDICAL,A,12000,6.62,1,0.32,N,10,1,1,92.0
27,48600,MORTGAGE,4.0,PERSONAL,D,10000,15.7,0,0.21,N,9,0,0,20.0
28,42240,OWN,2.0,MEDICAL,B,12000,11.86,0,0.28,N,6,0,0,1.0
34,120000,OWN,4.0,VENTURE,B,7800,10.99,0,0.07,N,9,0,0,1.0
24,140000,MORTGAGE,7.0,HOMEIMPROVEMENT,A,20000,6.54,0,0.14,N,4,0,0,1.0
41,51000,MORTGAGE,10.0,HOMEIMPROVEMENT,A,14500,8.94,0,0.28,N,11,0,0,11.0
22,42000,RENT,6.0,DEBTCONSOLIDATION,A,10000,6.17,0,0.24,N,3,0,0,3.0
21,13200,RENT,2.0,HOMEIMPROVEMENT,A,4000,6.39,1,0.3,N,3,1,1,100.0
32,385000,MORTGAGE,3.0,VENTURE,A,19925,7.9,0,0.05,N,9,0,0,1.0
24,87000,RENT,8.0,HOMEIMPROVEMENT,D,25000,14.84,0,0.29,N,3,0,0,48.0
24,50000,RENT,1.0,PERSONAL,B,10000,11.71,0,0.2,N,2,0,0,3.0
23,103000,MORTGAGE,1.0,PERSONAL,E,20000,17.04,0,0.19,N,2,0,0,21.0
23,62000,MORTGAGE,4.0,VENTURE,B,9600,9.2,0,0.15,N,2,0,0,0.0
22,63000,MORTGAGE,2.0,MEDICAL,A,12000,7.66,0,0.19,N,3,0,0,6.0
32,30000,RENT,0.0,PERSONAL,B,3500,11.71,0,0.12,N,10,1,0,17.0
30,37200,MORTGAGE,0.0,MEDICAL,C,6600,13.49,0,0.18,N,9,0,0,8.0
23,30000,RENT,6.0,DEBTCONSOLIDATION,A,4800,7.49,0,0.16,N,4,0,0,5.0
24,75000,MORTGAGE,3.0,VENTURE,F,25000,19.74,1,0.33,N,4,0,1,60.0
28,59000,MORTGAGE,1.0,DEBTCONSOLIDATION,A,12000,9.63,0,0.2,N,10,1,0,13.0
22,46976,OWN,5.0,PERSONAL,C,11000,14.26,0,0.23,Y,2,0,0,10.0
21,28000,OWN,3.0,VENTURE,A,4000,7.88,0,0.14,N,3,0,0,3.0
21,33996,RENT,1.0,PERSONAL,C,6000,12.53,0,0.18,Y,3,0,0,40.0
24,67000,OWN,2.0,MEDICAL,B,16000,12.69,0,0.24,N,4,0,0,2.0
22,107000,MORTGAGE,6.0,HOMEIMPROVEMENT,E,24000,19.69,1,0.22,Y,4,1,1,66.0
22,80000,MORTGAGE,1.0,EDUCATION,A,2000,7.49,0,0.03,N,4,0,0,3.0
24,39000,MORTGAGE,4.0,DEBTCONSOLIDATION,A,7000,7.49,0,0.18,N,3,1,0,6.0
29,120000,MORTGAGE,2.0,DEBTCONSOLIDATION,A,35000,8.9,0,0.29,N,6,0,0,5.0
31,40000,MORTGAGE,4.0,DEBTCONSOLIDATION,B,4625,12.42,0,0.12,N,5,0,0,13.0
26,84996,RENT,0.0,MEDICAL,B,9000,11.26,0,0.11,N,2,0,0,3.0
25,32000,RENT,2.0,MEDICAL,D,8575,15.62,1,0.27,N,2,1,1,93.0
27,100000,RENT,0.0,VENTURE,A,18000,7.88,0,0.18,N,5,0,0,1.0
27,51000,RENT,9.0,VENTURE,B,1600,10.59,0,0.03,N,6,0,0,1.0
30,86000,MORTGAGE,7.0,DEBTCONSOLIDATION,B,10000,10.99,0,0.12,N,10,0,0,0.0
23,46500,RENT,0.0,MEDICAL,D,8400,16.89,1,0.18,Y,3,1,1,95.0
29,45000,RENT,8.0,MEDICAL,C,18250,14.27,1,0.41,N,6,1,1,100.0
22,103000,MORTGAGE,6.0,PERSONAL,B,15000,9.63,0,0.15,N,4,1,0,7.000000000000001
39,60000,MORTGAGE,20.0,MEDICAL,A,7000,7.68,0,0.12,N,15,0,0,4.0
23,78000,MORTGAGE,1.0,EDUCATION,B,16000,11.89,0,0.21,N,3,0,0,25.0
23,38000,RENT,7.0,PERSONAL,B,12000,11.71,1,0.32,N,2,1,1,97.0
32,14400,RENT,7.0,PERSONAL,C,3000,13.98,1,0.21,Y,8,1,1,98.0
23,36000,MORTGAGE,7.0,EDUCATION,B,2000,11.49,0,0.06,N,2,0,0,20.0
27,90000,MORTGAGE,4.0,DEBTCONSOLIDATION,A,15000,7.49,0,0.17,N,6,0,0,0.0
25,60500,OWN,6.0,PERSONAL,B,17000,12.42,0,0.28,N,2,0,0,10.0
25,140000,MORTGAGE,9.0,PERSONAL,B,35000,10.59,0,0.25,N,4,0,0,5.0
31,200000,MORTGAGE,1.0,MEDICAL,B,7800,9.63,0,0.04,N,5,0,0,1.0
23,46000,RENT,2.0,EDUCATION,D,8000,11.86,1,0.17,N,3,1,1,73.0
25,79000,OWN,9.0,VENTURE,B,14500,11.48,0,0.18,N,3,0,0,8.0
30,35000,MORTGAGE,4.0,DEBTCONSOLIDATION,B,22750,10.62,0,0.65,N,10,0,0,28.000000000000004
32,74000,OWN,3.0,PERSONAL,B,5000,10.62,0,0.07,N,10,0,0,0.0
46,116000,MORTGAGE,6.0,DEBTCONSOLIDATION,A,10000,6.03,0,0.09,N,15,0,0,5.0
24,54080,MORTGAGE,8.0,PERSONAL,A,8000,8.63,0,0.15,N,4,0,0,6.0
23,29000,RENT,6.0,MEDICAL,D,7750,14.59,1,0.27,Y,3,1,1,89.0
34,74000,MORTGAGE,10.0,EDUCATION,C,17000,14.27,0,0.23,Y,10,0,0,18.0
22,48400,RENT,6.0,VENTURE,C,12000,14.65,0,0.25,Y,3,1,0,16.0
28,74000,MORTGAGE,6.0,VENTURE,E,7000,15.38,0,0.09,N,9,1,0,19.0
26,43873,OWN,4.0,HOMEIMPROVEMENT,D,17500,16.32,0,0.4,N,3,0,0,34.0
28,60000,MORTGAGE,4.0,PERSONAL,B,3500,10.25,0,0.06,N,10,0,0,5.0
23,57996,RENT,1.0,MEDICAL,C,11650,13.47,0,0.2,N,2,0,0,3.0
23,28000,RENT,5.0,PERSONAL,B,6000,9.63,0,0.21,N,4,0,0,19.0
32,45000,RENT,3.0,PERSONAL,C,3000,12.61,0,0.07,N,7,0,0,2.0
28,37152,RENT,12.0,EDUCATION,D,2300,13.17,0,0.06,N,7,0,0,32.0
43,65000,MORTGAGE,17.0,VENTURE,D,7200,16.29,0,0.11,N,17,0,0,12.0
43,80000,MORTGAGE,3.0,VENTURE,A,9800,5.99,0,0.12,N,17,0,0,0.0
27,72000,RENT,3.0,DEBTCONSOLIDATION,D,25000,15.95,1,0.35,Y,6,1,1,100.0
23,55000,OWN,6.0,VENTURE,C,18500,13.16,0,0.34,N,3,0,0,3.0
29,98000,MORTGAGE,2.0,HOMEIMPROVEMENT,B,7925,10.59,0,0.08,N,9,1,0,5.0
38,98000,MORTGAGE,7.0,MEDICAL,B,12000,10.37,0,0.12,N,17,0,0,2.0
22,93218,MORTGAGE,5.0,MEDICAL,B,12000,11.49,0,0.13,N,3,0,0,2.0
26,48000,RENT,4.0,MEDICAL,B,3000,10.14,0,0.06,N,3,0,0,6.0
21,60000,MORTGAGE,0.0,MEDICAL,C,10000,13.49,0,0.17,Y,4,0,0,8.0
29,46000,MORTGAGE,9.0,PERSONAL,A,4000,6.76,0,0.09,N,9,0,0,1.0
22,31000,RENT,7.0,MEDICAL,D,9250,14.11,1,0.3,N,4,1,1,84.0
42,57996,RENT,26.0,VENTURE,A,6000,8.59,0,0.1,N,12,0,0,1.0
28,72500,RENT,1.0,DEBTCONSOLIDATION,A,12000,7.49,0,0.17,N,6,0,0,0.0
25,33000,RENT,0.0,DEBTCONSOLIDATION,A,1000,7.29,0,0.03,N,4,0,0,9.0
21,62316,MORTGAGE,5.0,MEDICAL,A,10000,7.66,0,0.16,N,4,0,0,0.0
23,54996,RENT,8.0,EDUCATION,D,15000,14.83,0,0.27,N,2,0,0,22.0
26,300000,MORTGAGE,10.0,VENTURE,A,20000,7.88,0,0.07,N,4,0,0,3.0
27,47000,RENT,3.0,VENTURE,D,25000,15.7,1,0.53,Y,10,1,1,98.0
33,189000,MORTGAGE,5.0,DEBTCONSOLIDATION,A,20000,6.17,0,0.11,N,7,0,0,2.0
22,70000,RENT,2.0,PERSONAL,A,3000,7.29,0,0.04,N,4,0,0,1.0
27,110000,RENT,6.0,EDUCATION,C,16000,15.27,0,0.15,N,8,0,0,9.0
27,78000,MORTGAGE,0.0,HOMEIMPROVEMENT,A,5000,5.42,0,0.06,N,7,0,0,12.0
49,15000,RENT,6.0,EDUCATION,B,2400,9.91,1,0.16,N,17,1,1,89.0
24,31000,MORTGAGE,8.0,EDUCATION,A,5000,5.42,0,0.16,N,2,0,0,4.0
38,81000,MORTGAGE,0.0,EDUCATION,B,11000,10.36,0,0.14,N,14,0,0,8.0
25,38014,MORTGAGE,4.0,HOMEIMPROVEMENT,A,10000,8.49,0,0.26,N,3,0,0,11.0
23,130000,RENT,7.0,VENTURE,B,25000,11.49,0,0.19,N,4,0,0,1.0
28,75000,MORTGAGE,5.0,VENTURE,B,10000,12.21,0,0.13,N,5,0,0,2.0
26,87500,OTHER,3.0,VENTURE,D,7500,15.05,0,0.09,Y,2,0,0,11.0
21,38000,RENT,5.0,EDUCATION,B,12000,10.37,1,0.32,N,4,1,1,88.0
22,60612,MORTGAGE,6.0,PERSONAL,B,5300,10.99,0,0.09,N,4,0,0,4.0
28,95000,MORTGAGE,12.0,EDUCATION,B,35000,9.63,0,0.37,N,5,0,0,13.0
38,50000,RENT,5.0,PERSONAL,C,10000,13.49,0,0.2,N,13,0,0,2.0
34,66996,RENT,4.0,DEBTCONSOLIDATION,D,13000,15.2,1,0.19,Y,9,1,1,87.0
26,100000,MORTGAGE,5.0,DEBTCONSOLIDATION,B,24000,10.99,0,0.24,N,4,0,0,3.0
26,108000,MORTGAGE,4.0,PERSONAL,A,9000,5.79,0,0.08,N,2,0,0,2.0
22,36000,OWN,6.0,EDUCATION,D,12000,15.21,0,0.33,Y,3,0,0,6.0
30,75000,RENT,2.0,MEDICAL,C,6000,12.68,0,0.08,N,8,0,0,5.0
29,24996,OWN,2.0,VENTURE,B,8000,9.99,0,0.32,N,7,0,0,5.0
30,145000,MORTGAGE,4.0,DEBTCONSOLIDATION,B,6000,10.59,0,0.04,N,8,0,0,7.000000000000001
27,60000,RENT,2.0,HOMEIMPROVEMENT,D,5000,15.21,1,0.08,Y,9,1,1,92.0
25,52000,RENT,2.0,VENTURE,C,6000,12.87,0,0.12,Y,4,0,0,5.0
22,70000,MORTGAGE,2.0,DEBTCONSOLIDATION,A,6000,5.42,0,0.09,N,2,0,0,3.0
40,54400,MORTGAGE,16.0,MEDICAL,F,25000,18.09,1,0.39,N,12,1,1,94.0
33,53000,RENT,2.0,EDUCATION,A,10000,8.94,0,0.19,N,9,0,0,2.0
25,80000,OWN,6.0,EDUCATION,B,25000,11.48,0,0.31,N,4,0,0,4.0
24,72000,MORTGAGE,8.0,PERSONAL,A,5000,6.03,0,0.07,N,4,0,0,3.0
26,25000,MORTGAGE,1.0,VENTURE,C,12000,12.09,1,0.48,N,2,1,1,56.00000000000001
23,21000,RENT,6.0,DEBTCONSOLIDATION,A,7500,6.91,1,0.36,N,4,1,1,98.0
25,25716,RENT,1.0,MEDICAL,A,9250,6.54,1,0.36,N,2,1,1,97.0
24,62000,MORTGAGE,7.0,PERSONAL,A,6200,7.49,0,0.1,N,2,0,0,2.0
22,26880,RENT,2.0,DEBTCONSOLIDATION,B,1600,11.12,0,0.06,N,2,0,0,21.0
30,64600,MORTGAGE,8.0,MEDICAL,D,8000,15.99,1,0.11,Y,6,1,1,93.0
27,82000,MORTGAGE,3.0,VENTURE,A,10000,6.92,0,0.12,N,9,0,0,0.0
27,53000,MORTGAGE,6.0,VENTURE,A,5000,7.49,0,0.09,N,7,0,0,3.0
34,57912,MORTGAGE,7.0,VENTURE,A,5600,5.42,0,0.1,N,8,0,0,0.0
24,52000,MORTGAGE,8.0,EDUCATION,A,3000,7.66,0,0.06,N,4,0,0,0.0
21,39000,RENT,4.0,EDUCATION,B,6000,10.38,0,0.15,N,3,0,0,19.0
24,50000,RENT,2.0,VENTURE,C,4800,13.22,0,0.1,N,4,0,0,4.0
27,48000,RENT,7.0,EDUCATION,A,9800,8.59,0,0.2,N,5,0,0,6.0
26,27983,MORTGAGE,7.0,DEBTCONSOLIDATION,A,6000,7.88,0,0.21,N,3,0,0,16.0
35,30000,RENT,3.0,EDUCATION,B,8000,10.99,0,0.27,N,6,0,0,37.0
36,280000,RENT,3.0,DEBTCONSOLIDATION,C,5000,14.26,0,0.02,N,16,0,0,9.0
23,170000,RENT,7.0,PERSONAL,B,12000,11.11,0,0.07,N,2,0,0,3.0
24,55000,MORTGAGE,2.0,HOMEIMPROVEMENT,A,8000,8.0,0,0.15,N,2,0,0,15.0
33,53000,RENT,13.0,EDUCATION,C,10000,15.96,0,0.19,N,9,0,0,19.0
28,28080,RENT,0.0,DEBTCONSOLIDATION,A,12000,7.88,1,0.43,N,5,1,1,100.0
35,90000,RENT,15.0,PERSONAL,B,7000,11.71,0,0.08,N,9,0,0,5.0
23,10000,RENT,1.0,VENTURE,B,2100,12.21,1,0.21,N,3,1,1,98.0
37,30000,RENT,6.0,MEDICAL,B,6500,10.37,0,0.22,N,11,0,0,24.0
24,45000,RENT,5.0,EDUCATION,A,1000,7.4,0,0.02,N,3,0,0,1.0
28,42000,MORTGAGE,13.0,PERSONAL,D,8500,14.96,0,0.2,N,10,0,0,33.0
24,60000,MORTGAGE,8.0,MEDICAL,A,13000,7.29,0,0.22,N,2,0,0,3.0
31,24000,OWN,1.0,HOMEIMPROVEMENT,A,1200,8.94,0,0.05,N,5,0,0,9.0
23,75000,RENT,4.0,MEDICAL,A,12000,6.03,0,0.16,N,3,0,0,2.0
25,53000,MORTGAGE,4.0,EDUCATION,A,6000,6.62,0,0.11,N,2,0,0,3.0
25,90996,RENT,5.0,MEDICAL,C,14000,12.23,0,0.15,N,2,0,0,5.0
42,26568,RENT,6.0,PERSONAL,B,2500,10.37,0,0.09,N,14,0,0,12.0
23,50000,MORTGAGE,3.0,VENTURE,C,7000,13.48,0,0.14,Y,2,0,0,4.0
24,65000,MORTGAGE,1.0,EDUCATION,A,8500,7.51,0,0.13,N,2,0,0,0.0
25,52000,MORTGAGE,9.0,HOMEIMPROVEMENT,A,24500,6.17,0,0.47,N,3,0,0,10.0
24,35200,RENT,1.0,MEDICAL,D,4000,16.0,1,0.11,Y,3,1,1,87.0
28,31000,RENT,3.0,PERSONAL,D,6000,15.33,1,0.19,N,9,0,1,62.0
64,105000,RENT,8.0,HOMEIMPROVEMENT,E,20000,18.64,0,0.19,N,30,0,0,39.0
33,43000,RENT,1.0,EDUCATION,C,9150,13.16,0,0.21,Y,10,0,0,9.0
24,26000,RENT,0.0,PERSONAL,E,4200,16.0,1,0.16,N,2,1,1,93.0
24,37200,RENT,4.0,MEDICAL,D,10000,12.92,1,0.27,Y,4,0,1,59.0
27,45000,RENT,2.0,PERSONAL,B,2700,9.91,0,0.06,N,6,0,0,1.0
23,90000,RENT,3.0,PERSONAL,B,6000,10.25,0,0.07,N,3,0,0,3.0
23,58000,RENT,1.0,VENTURE,B,4000,10.74,0,0.07,N,2,0,0,2.0
22,25000,RENT,2.0,PERSONAL,C,7000,13.85,0,0.28,Y,3,0,0,11.0
32,25200,OWN,17.0,MEDICAL,A,4000,6.54,0,0.16,N,6,0,0,1.0
27,63000,MORTGAGE,12.0,PERSONAL,A,18000,7.49,0,0.29,N,9,0,0,6.0
27,55000,RENT,11.0,HOMEIMPROVEMENT,A,8000,7.29,0,0.15,N,9,0,0,10.0
24,425000,MORTGAGE,8.0,EDUCATION,A,10000,7.88,0,0.02,N,2,0,0,15.0
24,16020,OWN,3.0,VENTURE,E,3625,17.14,1,0.23,Y,2,1,1,89.0
26,72000,RENT,8.0,PERSONAL,A,7000,9.32,0,0.1,N,2,0,0,14.000000000000002
23,120000,MORTGAGE,7.0,EDUCATION,B,18225,10.99,0,0.15,N,3,0,0,1.0
46,70000,MORTGAGE,5.0,PERSONAL,A,8000,7.29,0,0.11,N,13,0,0,3.0
22,29004,MORTGAGE,6.0,EDUCATION,A,2500,6.91,0,0.09,N,3,0,0,14.000000000000002
25,74000,RENT,3.0,VENTURE,F,10000,18.43,0,0.14,Y,3,1,0,20.0
27,81000,RENT,0.0,VENTURE,A,6000,7.14,0,0.07,N,9,0,0,1.0
28,38700,RENT,8.0,VENTURE,B,3600,11.12,0,0.09,N,7,0,0,1.0
29,32997,RENT,7.0,DEBTCONSOLIDATION,A,10000,5.79,0,0.3,N,7,0,0,28.999999999999996
22,40000,RENT,2.0,EDUCATION,A,10000,7.14,0,0.25,N,3,0,0,0.0
26,71004,RENT,0.0,HOMEIMPROVEMENT,D,20000,13.36,1,0.28,Y,2,1,1,80.0
31,120000,MORTGAGE,6.0,DEBTCONSOLIDATION,A,28000,8.9,0,0.23,N,6,0,0,4.0
23,80607,RENT,2.0,MEDICAL,B,6000,12.21,0,0.07,N,2,0,0,4.0
25,155000,MORTGAGE,8.0,PERSONAL,C,10000,13.06,0,0.06,Y,3,0,0,1.0
27,47400,MORTGAGE,4.0,HOMEIMPROVEMENT,A,13500,6.17,0,0.28,N,9,0,0,8.0
23,100000,MORTGAGE,5.0,DEBTCONSOLIDATION,C,15000,11.34,0,0.15,Y,2,0,0,5.0
33,31000,MORTGAGE,2.0,PERSONAL,B,13000,10.74,0,0.42,N,6,1,0,26.0
28,43000,MORTGAGE,4.0,MEDICAL,A,13800,6.91,0,0.32,N,6,0,0,12.0
28,31800,RENT,2.0,VENTURE,E,6400,16.82,1,0.2,Y,5,1,1,88.0
33,85000,RENT,0.0,PERSONAL,B,10000,10.99,0,0.12,N,5,0,0,1.0
26,27000,RENT,0.0,VENTURE,B,8000,11.11,0,0.3,N,4,0,0,15.0
35,110000,RENT,2.0,VENTURE,B,11500,11.49,0,0.1,N,10,0,0,1.0
24,57655,MORTGAGE,7.0,MEDICAL,D,9925,15.58,1,0.17,N,2,1,1,96.0
25,48996,RENT,9.0,EDUCATION,A,11000,7.88,0,0.22,N,2,0,0,12.0
29,38004,RENT,2.0,PERSONAL,C,1500,12.53,0,0.04,Y,7,1,0,34.0
30,90000,RENT,4.0,EDUCATION,E,10000,14.18,0,0.11,Y,10,0,0,28.999999999999996
25,31000,RENT,1.0,HOMEIMPROVEMENT,B,3000,10.99,1,0.1,N,4,1,1,79.0
22,62900,MORTGAGE,6.0,MEDICAL,E,12000,16.35,1,0.16,Y,2,1,1,85.0
26,24000,MORTGAGE,1.0,HOMEIMPROVEMENT,B,6000,10.99,0,0.25,N,4,0,0,15.0
28,128000,MORTGAGE,11.0,DEBTCONSOLIDATION,G,14400,22.11,1,0.11,Y,8,1,1,84.0
29,130000,MORTGAGE,13.0,VENTURE,A,17500,8.94,0,0.13,N,9,0,0,0.0
28,40000,RENT,0.0,MEDICAL,C,5600,13.49,0,0.14,N,8,0,0,5.0
23,37700,MORTGAGE,4.0,EDUCATION,D,8000,15.62,0,0.21,Y,3,0,0,14.000000000000002
28,80000,RENT,12.0,EDUCATION,D,35000,15.62,1,0.44,N,10,1,1,89.0
21,12000,RENT,3.0,VENTURE,B,1600,10.59,0,0.13,N,2,0,0,25.0
22,18000,OWN,1.0,EDUCATION,D,5400,15.31,1,0.3,Y,4,1,1,88.0
22,24000,RENT,0.0,PERSONAL,E,1500,18.79,1,0.06,Y,4,1,1,99.0
41,95000,OWN,2.0,MEDICAL,C,21600,13.92,0,0.23,Y,12,0,0,15.0
21,42000,RENT,5.0,MEDICAL,B,2500,9.99,0,0.06,N,2,0,0,2.0
26,80000,MORTGAGE,3.0,EDUCATION,A,18000,5.79,0,0.23,N,4,0,0,2.0
25,53000,OWN,4.0,HOMEIMPROVEMENT,B,7200,9.91,0,0.14,N,3,0,0,9.0
27,90000,RENT,11.0,PERSONAL,B,15600,12.69,0,0.17,N,9,0,0,5.0
23,85000,MORTGAGE,3.0,EDUCATION,B,15000,10.0,0,0.18,N,2,0,0,10.0
65,45900,RENT,2.0,EDUCATION,C,10000,13.49,0,0.22,Y,19,0,0,17.0
34,38000,OWN,1.0,VENTURE,A,10000,8.94,0,0.26,N,6,0,0,1.0
22,26400,RENT,3.0,PERSONAL,B,10000,9.88,1,0.38,N,2,1,1,100.0
24,104000,MORTGAGE,8.0,EDUCATION,C,25000,12.84,0,0.24,N,2,0,0,7.000000000000001
27,50000,RENT,7.0,DEBTCONSOLIDATION,C,5000,13.61,0,0.1,Y,8,0,0,3.0
22,13200,RENT,0.0,VENTURE,B,2500,9.91,1,0.19,N,4,1,1,98.0
24,44000,RENT,2.0,EDUCATION,C,5000,15.23,0,0.11,N,2,1,0,46.0
26,35000,MORTGAGE,1.0,VENTURE,A,3000,6.76,0,0.09,N,3,0,0,0.0
26,42000,RENT,2.0,VENTURE,C,5000,11.91,0,0.12,Y,4,0,0,11.0
23,160000,MORTGAGE,2.0,EDUCATION,D,25000,15.65,0,0.16,Y,2,0,0,9.0
22,24996,OWN,2.0,PERSONAL,B,13000,8.88,0,0.52,N,4,0,0,4.0
24,26000,RENT,2.0,HOMEIMPROVEMENT,D,6200,14.11,1,0.24,N,4,1,1,91.0
26,30000,RENT,3.0,EDUCATION,C,8000,12.61,0,0.27,Y,4,0,0,15.0
23,65000,RENT,6.0,PERSONAL,A,8000,9.32,0,0.12,N,3,0,0,5.0
21,30000,MORTGAGE,5.0,VENTURE,B,6400,10.99,0,0.21,N,3,0,0,7.000000000000001
28,60000,RENT,2.0,DEBTCONSOLIDATION,B,3000,11.49,0,0.05,N,5,0,0,3.0
24,26000,RENT,6.0,PERSONAL,B,10000,10.99,1,0.38,N,4,1,1,99.0
30,60000,OWN,3.0,HOMEIMPROVEMENT,A,21000,7.9,0,0.35,N,5,0,0,10.0
42,75000,RENT,6.0,MEDICAL,A,17000,7.9,0,0.23,N,15,0,0,1.0
30,340000,MORTGAGE,2.0,HOMEIMPROVEMENT,F,25000,18.3,1,0.07,N,8,0,1,52.0
22,64000,MORTGAGE,6.0,VENTURE,C,15000,13.23,0,0.23,Y,3,0,0,2.0
22,75000,MORTGAGE,4.0,VENTURE,A,9000,6.99,0,0.12,N,3,0,0,0.0
23,48562,RENT,4.0,VENTURE,A,3500,8.0,0,0.07,N,2,0,0,1.0
25,79000,MORTGAGE,0.0,PERSONAL,A,9000,6.76,0,0.11,N,4,0,0,3.0
31,38000,OWN,5.0,VENTURE,B,14000,9.91,0,0.37,N,5,0,0,1.0
27,60000,RENT,11.0,MEDICAL,C,17000,13.49,0,0.28,N,10,0,0,21.0
46,105000,RENT,4.0,EDUCATION,A,6000,7.14,0,0.06,N,16,0,0,5.0
23,36000,MORTGAGE,7.0,VENTURE,C,4800,13.06,0,0.13,Y,2,0,0,30.0
28,60000,MORTGAGE,2.0,EDUCATION,A,6000,5.99,0,0.1,N,8,0,0,7.000000000000001
30,39996,MORTGAGE,8.0,MEDICAL,C,10000,12.73,0,0.25,N,6,0,0,21.0
33,33996,MORTGAGE,4.0,PERSONAL,A,10000,7.49,0,0.29,N,10,0,0,12.0
26,260000,OWN,10.0,HOMEIMPROVEMENT,B,28000,10.99,0,0.11,N,3,0,0,6.0
29,85000,MORTGAGE,14.0,VENTURE,B,7500,11.49,0,0.09,N,10,0,0,2.0
22,96000,MORTGAGE,4.0,EDUCATION,B,5500,12.69,0,0.06,N,3,0,0,3.0
29,30000,MORTGAGE,3.0,HOMEIMPROVEMENT,A,6000,5.79,0,0.2,N,6,0,0,12.0
39,37200,RENT,1.0,EDUCATION,C,5000,15.62,0,0.13,N,15,1,0,33.0
26,100000,RENT,0.0,PERSONAL,A,13500,7.14,0,0.14,N,3,0,0,0.0
27,20000,RENT,4.0,MEDICAL,D,7000,15.31,1,0.35,N,5,1,1,97.0
26,155142,MORTGAGE,6.0,HOMEIMPROVEMENT,D,23000,18.25,0,0.15,N,2,0,0,17.0
22,71004,RENT,6.0,EDUCATION,B,1800,11.12,0,0.03,N,4,0,0,3.0
31,82656,OTHER,10.0,DEBTCONSOLIDATION,C,6000,12.09,0,0.07,Y,9,0,0,9.0
32,48000,RENT,8.0,DEBTCONSOLIDATION,C,5000,11.97,0,0.1,Y,10,0,0,11.0
26,69000,MORTGAGE,4.0,VENTURE,D,16000,15.7,0,0.23,N,4,0,0,22.0
25,41000,RENT,3.0,PERSONAL,B,8000,10.99,0,0.2,N,2,0,0,6.0
30,105000,MORTGAGE,0.0,VENTURE,C,6000,14.72,0,0.06,Y,10,0,0,6.0
23,30000,RENT,0.0,DEBTCONSOLIDATION,B,4000,10.36,0,0.13,N,3,0,0,7.000000000000001
25,105000,MORTGAGE,3.0,VENTURE,C,12000,12.84,0,0.11,N,3,0,0,0.0
28,45996,RENT,0.0,MEDICAL,D,11000,14.74,1,0.24,Y,7,1,1,92.0
38,76000,MORTGAGE,4.0,PERSONAL,A,9000,5.99,0,0.12,N,12,0,0,0.0
41,50000,MORTGAGE,24.0,DEBTCONSOLIDATION,A,5000,6.76,0,0.1,N,12,0,0,17.0
29,125000,MORTGAGE,0.0,HOMEIMPROVEMENT,A,10000,5.79,0,0.08,N,10,0,0,0.0
24,72000,MORTGAGE,8.0,HOMEIMPROVEMENT,A,5000,6.03,0,0.07,N,3,0,0,1.0
26,30000,RENT,0.0,DEBTCONSOLIDATION,D,9000,15.65,1,0.3,Y,4,1,1,95.0
22,52000,RENT,6.0,EDUCATION,B,12000,11.99,0,0.23,N,3,0,0,14.000000000000002
24,68000,RENT,3.0,EDUCATION,B,13500,12.21,0,0.2,N,2,0,0,5.0
22,20400,RENT,4.0,PERSONAL,B,5000,12.42,0,0.25,N,2,0,0,37.0
23,65000,RENT,7.0,PERSONAL,D,16000,14.59,0,0.25,N,4,0,0,35.0
35,30000,RENT,1.0,EDUCATION,C,7500,13.49,0,0.25,Y,6,1,0,20.0
21,110000,MORTGAGE,0.0,VENTURE,B,14000,9.99,0,0.13,N,2,0,0,0.0
33,38400,MORTGAGE,0.0,VENTURE,B,10000,9.91,0,0.26,N,7,0,0,1.0
22,30000,RENT,4.0,EDUCATION,A,4350,6.03,0,0.14,N,4,0,0,3.0
26,46000,RENT,2.0,DEBTCONSOLIDATION,D,25000,11.86,1,0.54,N,4,1,1,99.0
41,92000,MORTGAGE,5.0,HOMEIMPROVEMENT,B,8000,9.63,0,0.09,N,13,0,0,4.0
24,45000,RENT,0.0,EDUCATION,E,6000,17.19,1,0.13,Y,3,1,1,89.0
26,36000,RENT,6.0,DEBTCONSOLIDATION,A,13000,5.99,1,0.36,N,4,1,1,97.0
40,48000,MORTGAGE,2.0,HOMEIMPROVEMENT,D,8000,15.95,0,0.17,N,11,0,0,33.0
25,54000,MORTGAGE,4.0,DEBTCONSOLIDATION,C,12000,12.73,0,0.22,N,4,1,0,19.0
23,87500,MORTGAGE,2.0,PERSONAL,B,1600,9.88,0,0.02,N,2,0,0,23.0
22,33000,RENT,1.0,DEBTCONSOLIDATION,B,5000,10.25,0,0.15,N,4,0,0,9.0
30,36000,MORTGAGE,4.0,PERSONAL,C,11500,13.57,0,0.32,N,8,0,0,25.0
21,46000,RENT,2.0,VENTURE,D,5200,17.27,1,0.11,Y,4,1,1,95.0
29,120000,MORTGAGE,10.0,PERSONAL,A,4700,7.14,0,0.04,N,6,0,0,0.0
23,15000,MORTGAGE,1.0,MEDICAL,C,1750,12.68,0,0.12,Y,3,0,0,7.000000000000001
25,31200,RENT,1.0,DEBTCONSOLIDATION,C,6000,13.8,0,0.19,N,4,1,0,19.0
27,36000,MORTGAGE,9.0,DEBTCONSOLIDATION,E,15200,16.35,1,0.42,Y,6,1,1,75.0
32,34000,RENT,7.0,VENTURE,C,6000,14.65,0,0.18,Y,8,0,0,34.0
30,60000,MORTGAGE,14.0,PERSONAL,B,1750,9.99,0,0.03,N,8,0,0,5.0
25,78000,MORTGAGE,0.0,VENTURE,A,14000,7.51,0,0.18,N,3,0,0,3.0
28,50000,MORTGAGE,1.0,VENTURE,A,8000,5.99,0,0.16,N,7,0,0,0.0
21,25000,RENT,0.0,DEBTCONSOLIDATION,D,5000,12.86,1,0.2,Y,2,1,1,81.0
31,128000,MORTGAGE,15.0,DEBTCONSOLIDATION,D,35000,15.99,1,0.27,N,6,1,1,87.0
24,42000,RENT,9.0,DEBTCONSOLIDATION,E,3000,16.77,1,0.07,Y,3,1,1,81.0
24,62000,MORTGAGE,8.0,PERSONAL,A,5875,6.03,0,0.09,N,2,0,0,2.0
32,45000,MORTGAGE,6.0,PERSONAL,A,15000,7.51,0,0.33,N,5,0,0,17.0
36,120000,OWN,21.0,PERSONAL,D,10000,13.3,0,0.08,Y,13,0,0,17.0
24,48000,RENT,0.0,EDUCATION,A,6000,7.49,0,0.13,N,3,0,0,5.0
32,56000,MORTGAGE,13.0,EDUCATION,B,3000,8.88,0,0.05,N,9,0,0,9.0
28,57936,RENT,2.0,MEDICAL,D,13650,14.42,1,0.24,N,10,1,1,90.0
22,54000,MORTGAGE,6.0,HOMEIMPROVEMENT,C,12000,13.48,0,0.22,N,2,1,0,38.0
38,36000,RENT,1.0,MEDICAL,C,8400,13.22,0,0.23,N,16,0,0,6.0
26,48000,RENT,0.0,EDUCATION,A,6000,8.59,0,0.13,N,4,0,0,4.0
22,34500,RENT,2.0,DEBTCONSOLIDATION,D,5000,16.89,1,0.14,Y,2,1,1,97.0
23,46932,OWN,4.0,EDUCATION,A,7000,5.79,0,0.15,N,4,0,0,2.0
22,50000,RENT,5.0,PERSONAL,B,10000,11.71,0,0.2,N,3,0,0,6.0
25,60000,RENT,3.0,MEDICAL,C,3000,13.47,0,0.05,Y,3,1,0,34.0
26,65004,RENT,7.0,DEBTCONSOLIDATION,B,20000,11.99,1,0.31,N,2,1,1,99.0
29,51000,MORTGAGE,8.0,PERSONAL,B,25000,11.49,0,0.49,N,10,0,0,3.0
25,33000,RENT,4.0,MEDICAL,B,3600,10.0,0,0.11,N,3,1,0,16.0
25,180488,MORTGAGE,9.0,HOMEIMPROVEMENT,C,24000,12.87,0,0.13,N,2,0,0,11.0
27,45600,MORTGAGE,11.0,EDUCATION,A,7500,5.42,0,0.16,N,5,0,0,11.0
34,109800,MORTGAGE,12.0,DEBTCONSOLIDATION,B,10000,10.99,0,0.09,N,8,0,0,2.0
23,73185,MORTGAGE,7.0,MEDICAL,B,7000,9.63,0,0.08,N,2,1,0,8.0
22,55000,OWN,6.0,EDUCATION,B,25000,10.74,0,0.45,N,2,0,0,7.000000000000001
24,59000,RENT,5.0,EDUCATION,C,15000,14.79,0,0.25,Y,3,1,0,12.0
22,35000,RENT,6.0,DEBTCONSOLIDATION,B,12000,11.71,1,0.34,N,4,1,1,100.0
23,120000,MORTGAGE,7.0,EDUCATION,A,10000,7.51,0,0.08,N,3,0,0,0.0
35,100000,RENT,0.0,MEDICAL,A,5000,7.74,0,0.05,N,7,0,0,6.0
23,30000,RENT,7.0,MEDICAL,B,10000,12.18,1,0.33,N,3,1,1,100.0
36,34000,RENT,2.0,DEBTCONSOLIDATION,B,8000,10.99,0,0.24,N,16,0,0,36.0
22,119000,RENT,2.0,DEBTCONSOLIDATION,B,12000,10.36,0,0.1,N,2,0,0,2.0
27,50000,RENT,5.0,VENTURE,A,8000,7.14,0,0.16,N,6,0,0,1.0
33,38604,RENT,0.0,VENTURE,D,7500,15.31,1,0.19,N,5,1,1,93.0
27,85000,RENT,4.0,VENTURE,A,14400,8.49,0,0.17,N,10,0,0,0.0
31,91000,RENT,12.0,EDUCATION,A,4000,7.66,0,0.04,N,6,0,0,11.0
25,55000,MORTGAGE,9.0,VENTURE,A,6500,7.49,0,0.12,N,3,0,0,0.0
22,51996,OWN,7.0,VENTURE,B,6000,10.75,0,0.12,N,2,0,0,1.0
24,93600,MORTGAGE,4.0,MEDICAL,A,3600,5.42,0,0.04,N,2,0,0,0.0
23,52700,MORTGAGE,7.0,MEDICAL,D,8000,16.29,1,0.13,Y,2,1,1,85.0
22,42200,RENT,6.0,VENTURE,D,12800,15.21,0,0.3,N,2,1,0,37.0
26,232500,MORTGAGE,0.0,MEDICAL,C,25000,14.17,0,0.11,Y,2,0,0,21.0
46,105398,MORTGAGE,9.0,HOMEIMPROVEMENT,E,20700,17.43,0,0.2,N,12,0,0,25.0
23,87000,MORTGAGE,7.0,MEDICAL,A,17000,7.51,0,0.2,N,3,0,0,4.0
23,71004,OWN,1.0,EDUCATION,C,15000,13.47,0,0.21,Y,3,0,0,6.0
23,35400,RENT,4.0,VENTURE,B,9600,11.89,0,0.27,N,2,0,0,1.0
23,75000,RENT,2.0,PERSONAL,A,3000,7.49,0,0.04,N,2,0,0,6.0
24,60500,RENT,1.0,DEBTCONSOLIDATION,D,8150,17.27,1,0.13,Y,3,1,1,96.0
23,120000,RENT,7.0,EDUCATION,B,25000,9.99,0,0.21,N,2,0,0,2.0
24,115000,MORTGAGE,7.0,HOMEIMPROVEMENT,A,1500,6.76,0,0.01,N,4,0,0,2.0
22,78700,MORTGAGE,6.0,PERSONAL,A,7000,7.68,1,0.09,N,3,1,1,51.0
44,65004,MORTGAGE,3.0,EDUCATION,B,25000,11.86,0,0.38,N,17,0,0,8.0
27,46000,MORTGAGE,2.0,PERSONAL,C,4000,12.53,0,0.09,Y,9,1,0,14.000000000000002
38,30000,MORTGAGE,8.0,PERSONAL,C,10000,11.22,0,0.33,Y,17,0,0,28.000000000000004
26,38400,OWN,4.0,HOMEIMPROVEMENT,B,7000,12.69,0,0.18,N,2,0,0,18.0
34,37000,RENT,2.0,EDUCATION,C,6400,13.61,0,0.17,N,9,0,0,14.000000000000002
37,32400,OWN,0.0,HOMEIMPROVEMENT,D,8000,15.99,0,0.25,N,11,0,0,4.0
27,45000,MORTGAGE,7.0,DEBTCONSOLIDATION,A,6800,6.17,0,0.15,N,9,0,0,3.0
27,83200,RENT,11.0,EDUCATION,D,9000,15.31,0,0.11,Y,5,0,0,19.0
30,50000,MORTGAGE,14.0,MEDICAL,C,1000,13.49,0,0.02,N,6,0,0,19.0
25,120000,RENT,2.0,PERSONAL,A,15000,7.51,0,0.13,N,2,0,0,2.0
36,56400,OWN,0.0,PERSONAL,C,20000,13.57,0,0.35,Y,12,0,0,9.0
26,85000,MORTGAGE,0.0,DEBTCONSOLIDATION,B,8000,10.99,0,0.09,N,3,0,0,0.0
26,31200,RENT,4.0,VENTURE,B,2500,10.37,0,0.08,N,3,0,0,6.0
28,47004,MORTGAGE,12.0,PERSONAL,C,10000,13.61,0,0.21,Y,6,1,0,16.0
28,130000,MORTGAGE,2.0,HOMEIMPROVEMENT,D,12000,13.55,0,0.09,Y,8,0,0,28.999999999999996
34,60500,RENT,3.0,DEBTCONSOLIDATION,D,11200,15.62,1,0.19,Y,10,1,1,96.0
36,32004,RENT,3.0,VENTURE,B,5000,10.62,0,0.16,N,15,0,0,4.0
26,85000,MORTGAGE,10.0,HOMEIMPROVEMENT,C,4800,11.59,0,0.06,Y,2,0,0,9.0
37,80004,RENT,7.0,MEDICAL,B,14500,11.26,0,0.18,N,14,0,0,5.0
23,50000,RENT,0.0,EDUCATION,A,10000,6.92,0,0.2,N,2,0,0,0.0
34,130000,MORTGAGE,5.0,DEBTCONSOLIDATION,B,20000,10.65,0,0.15,N,10,0,0,2.0
24,108000,MORTGAGE,5.0,EDUCATION,D,9950,14.96,0,0.09,Y,4,0,0,3.0
27,54000,MORTGAGE,11.0,MEDICAL,A,4000,7.49,0,0.07,N,8,0,0,8.0
34,45000,MORTGAGE,1.0,DEBTCONSOLIDATION,C,3800,13.16,0,0.08,Y,5,0,0,13.0
24,39000,MORTGAGE,2.0,HOMEIMPROVEMENT,C,16000,14.22,0,0.41,N,4,1,0,26.0
31,170000,MORTGAGE,15.0,PERSONAL,C,10000,13.49,0,0.06,Y,8,0,0,2.0
22,73000,MORTGAGE,3.0,MEDICAL,B,17000,11.99,0,0.23,N,3,0,0,7.000000000000001
26,28000,RENT,7.0,MEDICAL,A,6500,7.51,0,0.23,N,3,0,0,5.0
28,20000,OWN,0.0,MEDICAL,E,10000,16.77,1,0.5,N,7,1,1,69.0
24,47110,MORTGAGE,0.0,PERSONAL,B,11000,10.99,0,0.23,N,4,0,0,10.0
29,35500,RENT,3.0,MEDICAL,B,3000,11.86,0,0.08,N,9,0,0,15.0
31,120000,MORTGAGE,9.0,VENTURE,A,9000,8.94,0,0.07,N,6,0,0,1.0
28,57000,MORTGAGE,5.0,PERSONAL,A,9500,7.51,0,0.17,N,5,0,0,1.0
25,45996,RENT,3.0,DEBTCONSOLIDATION,C,11500,12.53,0,0.25,Y,3,0,0,6.0
22,56400,RENT,2.0,HOMEIMPROVEMENT,D,25000,14.96,1,0.44,Y,3,1,1,99.0
27,122000,RENT,3.0,PERSONAL,C,15000,12.73,0,0.12,N,5,0,0,0.0
25,90000,MORTGAGE,4.0,VENTURE,B,10000,10.0,0,0.11,N,2,0,0,0.0
22,45000,RENT,0.0,PERSONAL,C,6000,13.23,0,0.13,N,4,0,0,7.000000000000001
52,71520,RENT,0.0,VENTURE,E,7000,16.82,1,0.1,N,28,1,1,74.0
59,40000,MORTGAGE,5.0,PERSONAL,A,3600,7.49,0,0.09,N,24,0,0,11.0
24,30000,RENT,1.0,PERSONAL,B,3000,10.37,0,0.1,N,2,0,0,8.0
23,70550,MORTGAGE,7.0,MEDICAL,A,15000,8.9,0,0.18,N,4,1,0,7.000000000000001
42,300000,MORTGAGE,0.0,PERSONAL,D,10000,17.27,0,0.03,Y,14,0,0,26.0
31,32400,RENT,2.0,DEBTCONSOLIDATION,C,20500,11.03,1,0.63,Y,6,1,1,100.0
30,69996,OWN,14.0,VENTURE,C,6000,14.26,0,0.09,N,8,0,0,4.0
27,160000,MORTGAGE,12.0,DEBTCONSOLIDATION,C,7000,12.23,0,0.04,Y,6,0,0,3.0
26,36000,RENT,3.0,DEBTCONSOLIDATION,D,7000,14.96,1,0.19,Y,4,1,1,95.0
35,95000,MORTGAGE,17.0,HOMEIMPROVEMENT,B,15000,11.49,0,0.16,N,10,0,0,4.0
49,64600,MORTGAGE,4.0,MEDICAL,D,10000,16.49,1,0.13,N,12,1,1,89.0
26,36000,RENT,4.0,VENTURE,A,5400,8.9,0,0.15,N,2,0,0,0.0
41,35000,MORTGAGE,18.0,DEBTCONSOLIDATION,C,1500,13.06,0,0.04,N,12,0,0,19.0
22,79000,MORTGAGE,6.0,MEDICAL,A,10375,6.62,0,0.13,N,4,0,0,1.0
22,43200,OWN,6.0,VENTURE,A,6000,7.68,0,0.14,N,4,0,0,0.0
29,71400,MORTGAGE,14.0,PERSONAL,C,10000,14.27,0,0.14,N,8,1,0,8.0
24,40000,RENT,4.0,MEDICAL,D,14000,15.58,1,0.35,Y,3,1,1,96.0
25,33996,RENT,0.0,VENTURE,A,5000,9.38,0,0.15,N,3,0,0,3.0
30,90000,RENT,14.0,PERSONAL,D,10000,15.62,0,0.11,Y,6,0,0,14.000000000000002
21,32400,RENT,2.0,MEDICAL,C,10000,13.23,1,0.31,N,4,1,1,100.0
28,42000,RENT,4.0,DEBTCONSOLIDATION,D,2000,14.96,1,0.05,Y,6,1,1,87.0
22,54500,MORTGAGE,6.0,EDUCATION,B,7500,10.59,0,0.14,N,3,0,0,24.0
31,106000,MORTGAGE,15.0,HOMEIMPROVEMENT,B,2400,9.63,0,0.02,N,6,0,0,8.0
23,125000,MORTGAGE,7.0,EDUCATION,B,5000,10.99,0,0.04,N,2,0,0,7.000000000000001
23,30000,RENT,0.0,EDUCATION,B,4800,10.99,0,0.16,N,4,0,0,8.0
23,62500,RENT,1.0,EDUCATION,B,24250,10.62,1,0.39,N,4,1,1,100.0
24,30000,RENT,1.0,MEDICAL,B,4300,9.63,0,0.14,N,4,0,0,5.0
29,100000,OWN,13.0,HOMEIMPROVEMENT,A,10000,6.92,0,0.1,N,7,0,0,0.0
30,118000,RENT,5.0,HOMEIMPROVEMENT,A,10000,7.14,0,0.08,N,7,0,0,2.0
24,21600,RENT,4.0,VENTURE,C,6500,14.79,0,0.3,Y,4,1,0,46.0
31,168000,MORTGAGE,6.0,VENTURE,C,25000,13.06,0,0.15,N,5,0,0,4.0
22,20000,RENT,1.0,DEBTCONSOLIDATION,B,6500,10.99,1,0.33,N,2,1,1,95.0
22,82000,MORTGAGE,6.0,DEBTCONSOLIDATION,C,6000,13.49,0,0.07,N,2,0,0,2.0
26,35960,RENT,10.0,MEDICAL,B,8400,11.49,0,0.23,N,3,0,0,14.000000000000002
25,31200,OWN,4.0,HOMEIMPROVEMENT,E,4000,17.19,0,0.13,Y,4,1,0,45.0
24,14400,RENT,0.0,DEBTCONSOLIDATION,B,4375,10.99,1,0.3,N,2,1,1,100.0
21,9600,RENT,4.0,MEDICAL,B,2375,10.0,1,0.25,N,3,1,1,99.0
23,57000,RENT,8.0,EDUCATION,C,7500,11.97,0,0.13,N,4,0,0,15.0
26,250000,MORTGAGE,10.0,EDUCATION,A,15000,7.49,0,0.06,N,2,0,0,5.0
21,10560,OWN,5.0,VENTURE,B,1000,10.36,0,0.09,N,4,0,0,34.0
36,55000,OWN,6.0,MEDICAL,C,9000,13.49,0,0.16,N,16,0,0,6.0
27,34000,RENT,3.0,MEDICAL,D,10000,16.77,1,0.29,N,7,1,1,80.0
35,90000,MORTGAGE,9.0,HOMEIMPROVEMENT,C,20000,12.53,0,0.22,N,5,0,0,12.0
40,33000,MORTGAGE,2.0,MEDICAL,B,1000,10.99,0,0.03,N,16,0,0,25.0
40,83000,MORTGAGE,7.0,EDUCATION,B,2800,12.18,0,0.03,N,13,1,0,8.0
34,130000,MORTGAGE,5.0,MEDICAL,C,6450,13.23,0,0.05,N,7,0,0,1.0
29,120000,RENT,1.0,MEDICAL,C,17500,12.87,0,0.15,N,5,0,0,1.0
28,30000,RENT,5.0,PERSONAL,B,2400,9.25,0,0.08,N,6,0,0,8.0
21,41000,RENT,5.0,EDUCATION,A,7000,5.79,0,0.17,N,3,0,0,0.0
25,65000,RENT,8.0,HOMEIMPROVEMENT,C,18000,13.49,0,0.28,N,3,0,0,16.0
26,48000,MORTGAGE,7.0,MEDICAL,A,10000,7.49,0,0.21,N,3,0,0,4.0
26,40000,RENT,0.0,PERSONAL,D,5000,15.99,1,0.13,Y,2,1,1,91.0
28,215662,MORTGAGE,12.0,HOMEIMPROVEMENT,B,21000,11.99,0,0.1,N,6,0,0,2.0
23,42000,RENT,7.0,VENTURE,B,15000,11.83,1,0.36,N,4,1,1,99.0
29,40000,MORTGAGE,13.0,HOMEIMPROVEMENT,B,25000,11.86,0,0.63,N,6,0,0,15.0
24,66000,RENT,8.0,PERSONAL,B,9600,11.26,0,0.15,N,3,0,0,2.0
29,44400,MORTGAGE,4.0,PERSONAL,A,5000,7.49,0,0.11,N,7,0,0,14.000000000000002
23,31200,OWN,7.0,EDUCATION,B,6000,10.37,0,0.19,N,3,0,0,13.0
26,56000,RENT,6.0,HOMEIMPROVEMENT,C,8150,12.87,0,0.15,N,4,0,0,20.0
31,29004,RENT,4.0,HOMEIMPROVEMENT,B,6000,10.75,1,0.21,N,8,1,1,80.0
42,54000,RENT,4.0,DEBTCONSOLIDATION,C,16000,12.87,0,0.3,Y,14,1,0,20.0
21,24000,RENT,4.0,EDUCATION,B,3600,11.99,0,0.15,N,3,0,0,7.000000000000001
27,68255,MORTGAGE,6.0,MEDICAL,E,17500,17.93,1,0.22,Y,10,1,1,86.0
23,45600,MORTGAGE,7.0,VENTURE,C,10000,16.11,0,0.22,Y,4,0,0,18.0
25,95111,MORTGAGE,9.0,PERSONAL,C,18000,14.72,0,0.19,N,4,0,0,11.0
24,46000,MORTGAGE,8.0,PERSONAL,A,2000,7.66,0,0.04,N,2,0,0,2.0
22,21000,RENT,5.0,MEDICAL,B,4800,10.75,0,0.23,N,3,0,0,8.0
34,95000,RENT,5.0,VENTURE,C,18600,13.57,0,0.2,Y,7,0,0,7.000000000000001
29,64320,MORTGAGE,13.0,MEDICAL,A,8000,6.03,0,0.12,N,9,0,0,4.0
25,44000,RENT,7.0,MEDICAL,C,7500,13.92,0,0.17,N,3,1,0,26.0
65,76000,RENT,3.0,HOMEIMPROVEMENT,B,35000,10.99,1,0.46,N,28,1,1,97.0
32,155000,RENT,3.0,PERSONAL,C,7500,11.59,0,0.05,Y,5,0,0,7.000000000000001
22,45000,MORTGAGE,1.0,EDUCATION,B,3300,10.99,0,0.07,N,3,0,0,22.0
41,140000,MORTGAGE,2.0,EDUCATION,E,15000,17.88,0,0.11,N,11,0,0,18.0
23,38000,MORTGAGE,5.0,PERSONAL,A,5400,7.9,0,0.14,N,3,0,0,5.0
29,48880,RENT,3.0,PERSONAL,B,14000,10.65,0,0.29,N,9,0,0,6.0
23,67000,RENT,7.0,MEDICAL,B,3000,10.99,0,0.04,N,2,0,0,3.0
23,120000,MORTGAGE,7.0,DEBTCONSOLIDATION,B,16000,10.37,0,0.13,N,3,0,0,2.0
22,27302,MORTGAGE,6.0,MEDICAL,B,3725,12.69,0,0.14,N,2,0,0,22.0
28,96000,MORTGAGE,12.0,PERSONAL,B,6000,12.69,0,0.06,N,10,0,0,2.0
24,56000,MORTGAGE,8.0,MEDICAL,A,12250,6.03,0,0.22,N,4,0,0,6.0
42,69996,MORTGAGE,1.0,PERSONAL,A,10000,7.66,0,0.14,N,12,0,0,0.0
27,146000,RENT,3.0,VENTURE,C,10175,12.99,0,0.07,N,6,1,0,5.0
24,115154,RENT,8.0,HOMEIMPROVEMENT,C,3000,14.27,0,0.03,N,2,0,0,10.0
31,97000,MORTGAGE,6.0,DEBTCONSOLIDATION,A,12000,7.66,0,0.12,N,6,0,0,0.0
35,50000,RENT,4.0,EDUCATION,B,10000,9.91,0,0.2,N,7,0,0,1.0
22,55000,OWN,2.0,EDUCATION,A,2200,5.42,0,0.04,N,3,0,0,1.0
22,175000,RENT,6.0,VENTURE,C,3500,11.91,0,0.02,Y,2,0,0,14.000000000000002
24,50000,MORTGAGE,0.0,HOMEIMPROVEMENT,B,5500,10.99,0,0.11,N,3,0,0,21.0
34,62000,MORTGAGE,18.0,HOMEIMPROVEMENT,B,28000,11.71,0,0.45,N,10,0,0,7.000000000000001
28,150000,MORTGAGE,11.0,HOMEIMPROVEMENT,A,15000,9.63,0,0.1,N,9,0,0,8.0
26,75000,MORTGAGE,10.0,DEBTCONSOLIDATION,A,10000,8.94,0,0.13,N,2,0,0,3.0
44,140000,OWN,14.0,MEDICAL,B,21500,11.83,0,0.15,N,11,0,0,4.0
25,39000,RENT,0.0,VENTURE,C,6000,13.49,0,0.15,Y,2,1,0,24.0
33,60000,OWN,4.0,VENTURE,C,10000,13.98,0,0.17,N,7,0,0,3.0
24,76800,RENT,0.0,EDUCATION,A,6400,7.51,0,0.08,N,3,0,0,4.0
46,90000,MORTGAGE,5.0,DEBTCONSOLIDATION,A,20000,6.91,0,0.22,N,15,0,0,0.0
27,49000,RENT,11.0,DEBTCONSOLIDATION,B,25000,11.36,1,0.51,N,5,1,1,99.0
22,50004,MORTGAGE,4.0,PERSONAL,B,4950,10.99,0,0.1,N,2,0,0,8.0
55,78000,MORTGAGE,2.0,DEBTCONSOLIDATION,D,8000,15.31,1,0.1,N,29,1,1,90.0
34,70000,OWN,0.0,HOMEIMPROVEMENT,B,10000,10.99,0,0.14,N,9,0,0,0.0
27,390000,MORTGAGE,11.0,PERSONAL,B,10000,11.26,0,0.03,N,6,0,0,3.0
32,70000,RENT,6.0,MEDICAL,C,13200,13.49,0,0.19,N,6,0,0,2.0
27,82000,MORTGAGE,11.0,VENTURE,A,4000,7.9,0,0.05,N,10,0,0,0.0
35,108000,RENT,1.0,PERSONAL,B,7000,10.99,0,0.06,N,7,0,0,3.0
22,43000,OWN,2.0,VENTURE,B,22800,12.69,0,0.53,N,2,0,0,10.0
23,34560,MORTGAGE,1.0,MEDICAL,B,10000,10.59,0,0.29,N,2,0,0,22.0
22,12000,OWN,6.0,DEBTCONSOLIDATION,A,4750,7.14,1,0.4,N,2,1,1,100.0
24,123000,MORTGAGE,6.0,PERSONAL,B,4750,10.99,0,0.04,N,3,0,0,2.0
26,65004,RENT,3.0,VENTURE,A,8400,7.51,0,0.13,N,3,0,0,2.0
47,41000,RENT,2.0,MEDICAL,C,10000,13.79,0,0.24,N,16,0,0,30.0
27,130000,MORTGAGE,11.0,EDUCATION,B,11000,9.62,0,0.08,N,5,0,0,3.0
22,30000,RENT,0.0,PERSONAL,B,5000,11.49,0,0.17,N,4,0,0,7.000000000000001
24,110004,RENT,5.0,MEDICAL,A,14000,7.88,0,0.13,N,2,0,0,2.0
22,24000,RENT,1.0,EDUCATION,C,2000,13.11,0,0.08,Y,4,0,0,10.0
22,62050,MORTGAGE,1.0,MEDICAL,C,2000,13.35,0,0.03,Y,4,1,0,10.0
25,47000,RENT,6.0,VENTURE,B,6000,11.71,0,0.13,N,2,0,0,0.0
22,31000,RENT,6.0,PERSONAL,A,10000,8.9,1,0.32,N,4,1,1,100.0
27,48000,RENT,5.0,MEDICAL,B,9000,10.99,0,0.19,N,10,0,0,3.0
33,33504,RENT,4.0,DEBTCONSOLIDATION,B,9600,10.99,0,0.29,N,8,0,0,35.0
22,30000,MORTGAGE,1.0,PERSONAL,B,5500,10.99,0,0.18,N,3,0,0,16.0
22,106000,MORTGAGE,6.0,VENTURE,A,35000,7.49,0,0.33,N,2,0,0,4.0
34,35100,MORTGAGE,16.0,EDUCATION,C,9000,13.47,0,0.26,N,8,0,0,10.0
29,38004,RENT,3.0,MEDICAL,C,1500,14.35,0,0.04,Y,10,0,0,23.0
25,45000,OWN,9.0,MEDICAL,A,3000,6.17,0,0.07,N,4,0,0,1.0
25,306000,RENT,2.0,DEBTCONSOLIDATION,C,24250,13.85,0,0.08,N,3,0,0,7.000000000000001
22,40000,RENT,0.0,EDUCATION,C,6000,12.87,0,0.15,Y,3,0,0,3.0
24,53000,MORTGAGE,8.0,VENTURE,A,6850,6.92,0,0.13,N,2,0,0,2.0
26,34000,RENT,5.0,VENTURE,A,7500,7.9,0,0.22,N,4,0,0,32.0
32,85000,RENT,4.0,PERSONAL,A,24000,7.9,0,0.28,N,6,0,0,6.0
37,200000,MORTGAGE,3.0,EDUCATION,D,10000,13.8,0,0.05,N,16,0,0,15.0
28,12000,OWN,4.0,EDUCATION,B,3000,9.62,1,0.25,N,5,1,1,100.0
28,138000,MORTGAGE,11.0,MEDICAL,A,5000,6.62,0,0.04,N,5,0,0,1.0
23,80000,MORTGAGE,1.0,EDUCATION,C,12000,13.48,0,0.15,Y,4,0,0,6.0
25,145000,MORTGAGE,3.0,DEBTCONSOLIDATION,B,25000,11.36,0,0.17,N,3,0,0,0.0
26,74999,RENT,4.0,HOMEIMPROVEMENT,D,16000,17.27,0,0.21,Y,4,0,0,25.0
51,52250,RENT,4.0,VENTURE,C,9200,13.61,0,0.18,N,24,0,0,9.0
23,36000,MORTGAGE,3.0,DEBTCONSOLIDATION,C,3000,13.22,0,0.08,N,4,0,0,33.0
33,44000,RENT,6.0,DEBTCONSOLIDATION,D,6000,14.96,1,0.14,N,8,1,1,95.0
26,71040,MORTGAGE,1.0,DEBTCONSOLIDATION,A,3000,5.79,0,0.04,N,2,0,0,3.0
28,118000,RENT,7.0,DEBTCONSOLIDATION,A,4800,8.9,0,0.04,N,6,0,0,8.0
25,81000,RENT,5.0,DEBTCONSOLIDATION,A,25000,7.29,1,0.31,N,3,1,1,82.0
29,55000,MORTGAGE,11.0,MEDICAL,B,4000,10.99,0,0.07,N,6,0,0,11.0
28,76500,MORTGAGE,12.0,MEDICAL,B,10000,12.42,0,0.13,N,7,0,0,5.0
31,43812,RENT,2.0,MEDICAL,C,2400,14.35,0,0.05,N,5,0,0,14.000000000000002
24,41000,RENT,4.0,EDUCATION,A,10000,6.99,0,0.24,N,4,0,0,2.0
32,75000,RENT,4.0,MEDICAL,B,5000,9.99,0,0.07,N,8,0,0,4.0
24,55000,MORTGAGE,5.0,PERSONAL,B,3100,11.71,0,0.06,N,2,0,0,7.000000000000001
38,53052,RENT,0.0,EDUCATION,B,8000,10.99,0,0.15,N,15,0,0,10.0
27,35000,RENT,5.0,VENTURE,C,10000,13.48,0,0.29,N,10,0,0,23.0
23,44000,RENT,4.0,PERSONAL,B,3000,9.62,0,0.07,N,4,1,0,10.0
29,35000,RENT,7.0,MEDICAL,C,7000,12.68,0,0.2,Y,9,0,0,6.0
33,20640,OWN,0.0,HOMEIMPROVEMENT,D,6250,14.84,0,0.3,N,7,0,0,24.0
46,80000,MORTGAGE,3.0,HOMEIMPROVEMENT,A,10000,6.17,0,0.13,N,13,0,0,5.0
26,66000,RENT,2.0,PERSONAL,D,15000,16.02,1,0.23,N,2,1,1,91.0
46,58000,MORTGAGE,10.0,PERSONAL,C,6300,11.03,0,0.11,N,13,0,0,17.0
24,29000,RENT,0.0,DEBTCONSOLIDATION,B,6250,10.99,0,0.22,N,2,0,0,18.0
23,68000,RENT,1.0,EDUCATION,B,7500,11.49,0,0.11,N,3,0,0,0.0
22,60000,RENT,0.0,MEDICAL,A,5500,7.88,0,0.09,N,2,0,0,3.0
38,94000,RENT,3.0,PERSONAL,D,5000,15.33,0,0.05,Y,16,0,0,47.0
31,70000,RENT,0.0,PERSONAL,C,10000,13.49,0,0.14,Y,8,0,0,4.0
23,65000,MORTGAGE,7.0,VENTURE,A,6250,6.76,0,0.1,N,2,0,0,0.0
25,130000,MORTGAGE,3.0,HOMEIMPROVEMENT,C,8000,13.49,0,0.06,N,4,0,0,4.0
32,73000,MORTGAGE,3.0,HOMEIMPROVEMENT,A,8500,7.29,0,0.12,N,10,0,0,0.0
35,32000,MORTGAGE,1.0,DEBTCONSOLIDATION,D,10750,14.96,1,0.34,Y,5,1,1,86.0
25,42000,RENT,1.0,DEBTCONSOLIDATION,B,6000,10.99,0,0.14,N,2,0,0,6.0
23,43600,OWN,7.0,EDUCATION,C,15000,13.49,0,0.34,N,3,0,0,3.0
24,65000,MORTGAGE,1.0,PERSONAL,B,6000,10.99,0,0.09,N,2,0,0,6.0
26,43200,MORTGAGE,10.0,HOMEIMPROVEMENT,B,2500,9.88,0,0.06,N,4,0,0,7.000000000000001
25,82000,RENT,1.0,EDUCATION,E,22000,17.51,1,0.27,N,2,1,1,81.0
38,100280,MORTGAGE,1.0,VENTURE,B,17850,11.99,0,0.18,N,17,0,0,2.0
24,50000,RENT,1.0,DEBTCONSOLIDATION,C,1500,14.26,0,0.03,N,2,0,0,8.0
26,125000,MORTGAGE,2.0,DEBTCONSOLIDATION,C,20000,13.11,0,0.16,N,2,0,0,4.0
32,39000,RENT,5.0,MEDICAL,D,5000,14.09,1,0.13,N,10,1,1,69.0
36,124000,MORTGAGE,2.0,DEBTCONSOLIDATION,C,2000,12.99,0,0.02,Y,16,0,0,12.0
21,23000,MORTGAGE,2.0,MEDICAL,A,7000,8.9,0,0.3,N,3,0,0,12.0
22,59000,RENT,2.0,EDUCATION,A,7200,8.0,0,0.12,N,3,0,0,10.0
39,115000,MORTGAGE,6.0,VENTURE,D,25000,15.58,0,0.22,Y,17,0,0,37.0
28,28800,RENT,1.0,EDUCATION,C,15000,14.65,1,0.52,Y,8,1,1,100.0
24,45000,RENT,3.0,PERSONAL,A,7800,7.51,0,0.17,N,3,0,0,2.0
30,56604,MORTGAGE,3.0,VENTURE,D,3000,17.58,0,0.05,N,9,0,0,42.0
36,74000,MORTGAGE,9.0,EDUCATION,B,1500,10.62,0,0.02,N,16,0,0,14.000000000000002
37,200000,MORTGAGE,7.0,EDUCATION,D,25000,15.57,0,0.13,N,14,0,0,17.0
35,154000,OWN,13.0,VENTURE,A,12000,6.92,0,0.08,N,5,0,0,0.0
22,30004,OWN,6.0,EDUCATION,A,7500,7.49,0,0.25,N,2,0,0,4.0
29,47500,RENT,0.0,PERSONAL,A,12000,8.94,0,0.25,N,5,0,0,4.0
35,31732,MORTGAGE,0.0,DEBTCONSOLIDATION,C,8000,13.92,0,0.25,N,5,1,0,19.0
23,30000,MORTGAGE,0.0,DEBTCONSOLIDATION,C,1000,13.72,0,0.03,N,4,0,0,31.0
27,84000,RENT,1.0,HOMEIMPROVEMENT,C,20000,13.49,0,0.24,N,8,0,0,9.0
23,21996,RENT,6.0,VENTURE,C,6000,13.47,0,0.27,Y,3,0,0,10.0
32,40000,RENT,3.0,DEBTCONSOLIDATION,B,12000,11.89,0,0.3,N,10,0,0,9.0
36,50000,RENT,5.0,EDUCATION,A,6500,7.49,0,0.13,N,15,0,0,2.0
29,95000,RENT,0.0,VENTURE,B,6000,11.49,0,0.06,N,7,0,0,0.0
23,29000,OWN,4.0,EDUCATION,F,10000,18.62,0,0.34,N,4,1,0,46.0
37,74568,RENT,0.0,PERSONAL,C,6000,14.26,0,0.08,Y,16,0,0,11.0
25,29000,RENT,9.0,PERSONAL,A,11000,8.49,1,0.38,N,2,1,1,99.0
38,95000,OWN,6.0,HOMEIMPROVEMENT,E,14000,17.74,0,0.15,Y,17,0,0,19.0
24,60140,RENT,2.0,DEBTCONSOLIDATION,A,7000,8.59,0,0.12,N,4,0,0,3.0
22,46800,RENT,5.0,DEBTCONSOLIDATION,B,2800,10.37,0,0.06,N,3,0,0,4.0
27,192000,MORTGAGE,11.0,DEBTCONSOLIDATION,D,15000,17.58,1,0.08,N,8,1,1,95.0
26,22440,OWN,10.0,VENTURE,B,4750,11.86,0,0.21,N,4,0,0,0.0
25,50000,MORTGAGE,9.0,HOMEIMPROVEMENT,B,8000,10.0,0,0.16,N,2,0,0,11.0
30,45000,MORTGAGE,4.0,DEBTCONSOLIDATION,B,4450,10.37,0,0.1,N,6,0,0,6.0
31,57400,MORTGAGE,6.0,PERSONAL,A,7600,5.99,0,0.13,N,10,0,0,3.0
32,95000,MORTGAGE,13.0,HOMEIMPROVEMENT,D,8000,14.84,0,0.08,N,9,0,0,3.0
26,44000,MORTGAGE,8.0,MEDICAL,G,12000,18.84,1,0.27,Y,3,1,1,82.0
24,19200,RENT,0.0,EDUCATION,B,6000,10.59,1,0.31,N,3,1,1,99.0
28,43000,MORTGAGE,6.0,VENTURE,A,15000,6.03,0,0.35,N,5,0,0,6.0
37,50000,RENT,0.0,DEBTCONSOLIDATION,B,5000,11.89,0,0.1,N,12,0,0,10.0
22,65000,MORTGAGE,6.0,VENTURE,B,6000,10.99,0,0.09,N,2,0,0,1.0
28,37584,OWN,2.0,MEDICAL,B,20000,11.48,0,0.53,N,5,0,0,8.0
23,84996,MORTGAGE,5.0,PERSONAL,A,14000,7.49,0,0.16,N,3,0,0,0.0
23,30000,RENT,3.0,DEBTCONSOLIDATION,B,6000,11.71,0,0.2,N,4,0,0,8.0
28,54000,MORTGAGE,3.0,VENTURE,B,10000,9.99,0,0.19,N,9,0,0,1.0
22,69950,MORTGAGE,6.0,EDUCATION,C,9750,14.65,0,0.14,N,2,0,0,22.0
22,60000,RENT,0.0,DEBTCONSOLIDATION,B,6600,10.59,0,0.11,N,2,0,0,1.0
32,51250,RENT,2.0,MEDICAL,A,11000,7.29,0,0.21,N,5,0,0,2.0
33,67800,RENT,3.0,HOMEIMPROVEMENT,B,18000,10.08,0,0.27,N,6,0,0,13.0
36,54000,RENT,2.0,HOMEIMPROVEMENT,A,7500,7.49,0,0.14,N,14,1,0,11.0
28,78000,RENT,5.0,HOMEIMPROVEMENT,B,20000,11.48,0,0.26,N,5,0,0,19.0
21,151000,MORTGAGE,5.0,VENTURE,B,8000,11.12,0,0.05,N,2,0,0,0.0
29,69996,RENT,0.0,EDUCATION,B,2400,11.11,0,0.03,N,6,0,0,6.0
27,42000,MORTGAGE,0.0,HOMEIMPROVEMENT,A,4200,6.76,0,0.1,N,7,0,0,3.0
23,28000,OWN,1.0,EDUCATION,C,7500,13.49,0,0.27,N,4,0,0,5.0
21,30000,RENT,5.0,VENTURE,B,10000,11.99,1,0.33,N,4,1,1,97.0
34,90000,MORTGAGE,15.0,VENTURE,A,15000,6.99,0,0.17,N,6,0,0,2.0
22,40000,RENT,1.0,DEBTCONSOLIDATION,A,2800,7.49,0,0.07,N,4,0,0,1.0
35,29311,RENT,4.0,EDUCATION,A,1000,7.49,0,0.03,N,9,0,0,19.0
23,45000,RENT,0.0,EDUCATION,C,1000,14.26,0,0.02,Y,2,0,0,18.0
40,68000,MORTGAGE,1.0,PERSONAL,A,9200,8.94,0,0.14,N,11,0,0,2.0
22,130000,MORTGAGE,3.0,VENTURE,B,24250,12.18,0,0.19,N,4,0,0,0.0
23,48000,RENT,2.0,DEBTCONSOLIDATION,B,15000,10.75,1,0.31,N,3,1,1,96.0
29,190000,MORTGAGE,5.0,PERSONAL,A,4000,6.62,0,0.02,N,5,0,0,0.0
22,23000,MORTGAGE,1.0,EDUCATION,A,2400,9.63,0,0.1,N,4,0,0,5.0
23,60000,RENT,4.0,VENTURE,B,15000,11.83,0,0.25,N,3,0,0,2.0
44,189996,MORTGAGE,12.0,PERSONAL,C,8000,13.16,0,0.04,N,15,0,0,4.0
28,55000,RENT,3.0,MEDICAL,B,6000,10.74,0,0.11,N,8,0,0,18.0
25,165000,MORTGAGE,0.0,HOMEIMPROVEMENT,F,25000,19.74,1,0.15,N,4,0,1,52.0
23,71000,MORTGAGE,7.0,VENTURE,A,8500,5.79,0,0.12,N,2,0,0,1.0
24,70000,MORTGAGE,3.0,DEBTCONSOLIDATION,B,11000,10.99,0,0.16,N,3,0,0,2.0
25,113000,RENT,7.0,MEDICAL,C,25000,12.73,0,0.22,Y,4,0,0,13.0
27,79636,RENT,11.0,PERSONAL,D,19200,13.87,0,0.24,Y,9,0,0,38.0
30,42600,RENT,13.0,VENTURE,B,12000,11.71,0,0.28,N,8,0,0,9.0
25,200000,MORTGAGE,2.0,DEBTCONSOLIDATION,B,15500,11.99,0,0.08,N,2,0,0,2.0
24,105996,MORTGAGE,7.0,MEDICAL,A,3000,7.51,0,0.03,N,3,0,0,3.0
26,37500,MORTGAGE,4.0,DEBTCONSOLIDATION,A,7000,6.54,0,0.19,N,4,0,0,12.0
32,84456,RENT,5.0,DEBTCONSOLIDATION,B,10000,9.88,0,0.12,N,10,0,0,2.0
34,130000,RENT,18.0,VENTURE,A,16000,6.03,0,0.12,N,6,0,0,1.0
32,120000,MORTGAGE,16.0,HOMEIMPROVEMENT,D,6000,12.17,0,0.05,N,8,0,0,14.000000000000002
35,32000,RENT,4.0,MEDICAL,A,14500,6.17,1,0.45,N,9,1,1,99.0
28,15600,RENT,4.0,HOMEIMPROVEMENT,B,5000,10.37,1,0.32,N,9,1,1,100.0
34,37000,RENT,2.0,MEDICAL,D,16000,12.99,1,0.43,Y,9,1,1,98.0
23,125000,MORTGAGE,6.0,EDUCATION,A,35000,8.9,0,0.28,N,4,0,0,2.0
36,38568,RENT,7.0,PERSONAL,E,2400,18.39,0,0.06,Y,12,0,0,35.0
22,37342,RENT,3.0,VENTURE,C,4500,11.03,0,0.12,Y,2,0,0,5.0
35,100000,MORTGAGE,14.0,VENTURE,A,10000,6.62,0,0.1,N,8,0,0,0.0
30,76200,MORTGAGE,3.0,HOMEIMPROVEMENT,A,3200,8.49,0,0.04,N,7,0,0,8.0
23,78000,MORTGAGE,7.0,VENTURE,A,4600,7.66,0,0.06,N,3,0,0,7.000000000000001
40,53000,RENT,2.0,HOMEIMPROVEMENT,A,12000,7.88,0,0.23,N,11,0,0,3.0
31,110000,RENT,15.0,DEBTCONSOLIDATION,A,6000,6.99,0,0.05,N,6,0,0,1.0
24,84000,RENT,3.0,MEDICAL,B,13000,11.83,0,0.15,N,3,0,0,0.0
29,60000,RENT,13.0,HOMEIMPROVEMENT,D,17000,14.96,0,0.28,N,8,0,0,48.0
27,33996,RENT,8.0,DEBTCONSOLIDATION,D,6000,15.31,1,0.18,Y,5,1,1,85.0
32,47900,RENT,2.0,EDUCATION,A,11000,7.51,0,0.23,N,7,0,0,2.0
26,87300,MORTGAGE,0.0,VENTURE,C,6000,10.28,0,0.07,Y,4,0,0,22.0
24,40000,MORTGAGE,2.0,VENTURE,B,10000,11.83,0,0.25,N,3,0,0,2.0
22,54000,RENT,2.0,MEDICAL,D,10000,13.36,1,0.19,Y,3,1,1,86.0
24,45000,MORTGAGE,8.0,PERSONAL,A,4000,7.49,0,0.09,N,2,0,0,1.0
28,85000,RENT,8.0,EDUCATION,B,8000,11.71,0,0.09,N,6,0,0,0.0
29,48000,MORTGAGE,13.0,MEDICAL,A,4975,5.79,0,0.1,N,7,0,0,7.000000000000001
22,73000,MORTGAGE,6.0,MEDICAL,A,5000,7.49,0,0.07,N,2,0,0,6.0
37,65000,RENT,2.0,PERSONAL,B,20000,10.25,1,0.31,N,16,1,1,82.0
26,75000,OWN,10.0,EDUCATION,C,7200,13.49,0,0.1,N,3,0,0,1.0
29,32400,RENT,4.0,MEDICAL,A,5000,8.9,0,0.15,N,8,0,0,3.0
24,16800,RENT,3.0,MEDICAL,C,2400,13.98,0,0.14,Y,4,1,0,46.0
30,57600,MORTGAGE,0.0,HOMEIMPROVEMENT,C,6000,14.65,0,0.1,N,8,0,0,20.0
27,124100,RENT,3.0,MEDICAL,C,10175,12.99,0,0.07,N,6,1,0,4.0
24,23000,RENT,0.0,HOMEIMPROVEMENT,C,8000,13.49,1,0.35,N,4,1,1,98.0
27,69996,RENT,3.0,HOMEIMPROVEMENT,D,10800,14.91,0,0.15,N,6,0,0,14.000000000000002
29,18000,RENT,4.0,VENTURE,B,6400,10.37,1,0.36,N,5,1,1,100.0
31,48000,RENT,5.0,EDUCATION,B,11200,10.99,0,0.23,N,5,0,0,5.0
25,54000,RENT,0.0,HOMEIMPROVEMENT,C,10000,15.23,0,0.19,N,4,1,0,24.0
30,79416,MORTGAGE,12.0,MEDICAL,C,6000,13.49,0,0.08,Y,8,0,0,4.0
22,58000,RENT,3.0,PERSONAL,B,1800,12.18,0,0.03,N,2,0,0,5.0
25,42000,RENT,9.0,MEDICAL,C,10000,14.27,0,0.24,N,2,0,0,36.0
31,64000,RENT,9.0,HOMEIMPROVEMENT,C,8000,14.22,0,0.13,Y,9,0,0,26.0
23,55000,MORTGAGE,0.0,PERSONAL,A,2000,7.49,0,0.04,N,2,0,0,4.0
22,36750,RENT,6.0,EDUCATION,D,7500,14.84,0,0.2,N,3,0,0,25.0
22,54000,MORTGAGE,1.0,MEDICAL,C,4000,13.98,1,0.07,N,4,0,1,52.0
29,92000,RENT,2.0,DEBTCONSOLIDATION,C,20000,13.72,0,0.22,N,10,0,0,7.000000000000001
27,78000,RENT,4.0,PERSONAL,B,24000,10.99,1,0.31,N,10,1,1,94.0
37,74784,RENT,8.0,HOMEIMPROVEMENT,E,15000,14.5,0,0.2,N,15,0,0,22.0
32,38000,OWN,2.0,VENTURE,C,4000,14.65,0,0.11,N,9,0,0,2.0
35,110000,MORTGAGE,4.0,MEDICAL,C,4000,13.79,0,0.04,N,6,0,0,12.0
25,44000,MORTGAGE,9.0,DEBTCONSOLIDATION,A,9800,7.49,0,0.22,N,4,1,0,12.0
24,84000,RENT,1.0,PERSONAL,A,12000,6.91,0,0.14,N,2,0,0,5.0
31,50000,RENT,5.0,HOMEIMPROVEMENT,E,2500,17.04,0,0.05,Y,10,0,0,47.0
23,75000,RENT,1.0,MEDICAL,A,6000,6.03,0,0.08,N,3,0,0,3.0
36,22000,MORTGAGE,0.0,EDUCATION,A,8000,6.99,0,0.36,N,17,0,0,46.0
25,49200,MORTGAGE,6.0,MEDICAL,A,5600,7.49,0,0.11,N,3,0,0,3.0
24,50000,RENT,0.0,VENTURE,C,11200,13.85,0,0.22,Y,3,0,0,12.0
29,48000,MORTGAGE,3.0,VENTURE,A,3250,6.76,0,0.07,N,7,0,0,0.0
25,22880,RENT,2.0,VENTURE,C,7000,13.49,1,0.31,N,3,1,1,88.0
28,53000,RENT,2.0,MEDICAL,A,8500,5.79,0,0.16,N,9,0,0,2.0
23,45000,RENT,0.0,VENTURE,C,6225,11.54,0,0.14,Y,4,0,0,10.0
28,65000,RENT,2.0,HOMEIMPROVEMENT,C,7200,13.98,0,0.11,Y,5,0,0,7.000000000000001
25,12996,OWN,1.0,MEDICAL,D,3600,14.59,1,0.28,N,3,1,1,94.0
31,83000,MORTGAGE,11.0,MEDICAL,A,7500,7.49,0,0.09,N,10,0,0,0.0
32,125000,MORTGAGE,4.0,EDUCATION,A,9000,6.62,0,0.07,N,10,0,0,0.0
23,66348,RENT,0.0,VENTURE,E,7000,17.04,1,0.11,N,4,1,1,85.0
22,45000,RENT,4.0,EDUCATION,B,10000,10.65,0,0.22,N,3,0,0,0.0
26,48000,MORTGAGE,10.0,VENTURE,A,4000,7.49,0,0.08,N,2,0,0,3.0
27,31200,MORTGAGE,4.0,EDUCATION,C,15000,14.27,0,0.48,Y,10,0,0,23.0
33,36500,MORTGAGE,4.0,HOMEIMPROVEMENT,A,8500,7.49,0,0.23,N,6,0,0,11.0
34,44000,RENT,0.0,EDUCATION,C,3400,13.49,0,0.08,Y,8,0,0,24.0
28,83004,RENT,13.0,MEDICAL,A,21600,6.91,0,0.26,N,10,0,0,4.0
22,57600,MORTGAGE,2.0,DEBTCONSOLIDATION,C,4000,13.49,0,0.07,Y,2,0,0,22.0
23,98000,MORTGAGE,7.0,DEBTCONSOLIDATION,C,20000,13.57,0,0.2,N,4,0,0,12.0
22,57000,RENT,6.0,VENTURE,B,4000,10.99,0,0.07,N,2,0,0,4.0
21,40000,RENT,1.0,EDUCATION,B,6000,10.08,0,0.15,N,3,0,0,5.0
37,48000,RENT,8.0,EDUCATION,A,3000,6.99,0,0.06,N,14,0,0,2.0
26,55000,MORTGAGE,1.0,EDUCATION,B,10000,10.0,0,0.18,N,2,0,0,3.0
32,63235,RENT,3.0,HOMEIMPROVEMENT,B,25000,10.25,1,0.4,N,8,1,1,98.0
34,285000,RENT,5.0,EDUCATION,B,21000,11.71,0,0.07,N,10,0,0,11.0
23,18000,RENT,0.0,DEBTCONSOLIDATION,B,4500,12.21,1,0.25,N,3,1,1,100.0
26,117500,RENT,0.0,VENTURE,A,13800,7.49,0,0.12,N,3,0,0,1.0
50,60000,RENT,13.0,VENTURE,C,10000,13.49,0,0.17,N,12,0,0,9.0
22,82000,MORTGAGE,6.0,EDUCATION,B,10750,9.25,0,0.13,N,2,0,0,3.0
23,47000,RENT,1.0,PERSONAL,C,15000,12.04,1,0.32,Y,2,1,1,92.0
31,24996,MORTGAGE,6.0,PERSONAL,B,6000,9.25,0,0.24,N,9,0,0,13.0
29,8472,RENT,2.0,PERSONAL,A,3000,7.49,1,0.35,N,7,1,1,100.0
51,80000,RENT,3.0,HOMEIMPROVEMENT,F,18000,18.78,0,0.23,Y,20,0,0,47.0
37,60000,MORTGAGE,4.0,EDUCATION,C,12000,12.73,0,0.2,Y,17,0,0,7.000000000000001
25,75000,MORTGAGE,9.0,VENTURE,C,5000,13.79,0,0.07,Y,4,0,0,9.0
26,64900,RENT,4.0,MEDICAL,B,13625,10.99,0,0.21,N,3,0,0,5.0
29,100000,MORTGAGE,3.0,PERSONAL,D,13000,15.33,0,0.13,N,6,0,0,4.0
30,39600,MORTGAGE,5.0,DEBTCONSOLIDATION,B,3000,10.38,0,0.08,N,10,0,0,8.0
41,45000,RENT,2.0,MEDICAL,C,16000,12.99,1,0.36,N,14,1,1,100.0
30,77000,MORTGAGE,4.0,DEBTCONSOLIDATION,A,8000,7.14,0,0.1,N,7,0,0,3.0
35,148000,MORTGAGE,19.0,DEBTCONSOLIDATION,D,25000,14.62,1,0.17,Y,10,1,1,95.0
24,120000,MORTGAGE,8.0,HOMEIMPROVEMENT,C,9500,11.66,0,0.08,Y,2,0,0,14.000000000000002
23,42000,RENT,4.0,EDUCATION,B,7400,10.99,0,0.18,N,3,0,0,4.0
33,73000,MORTGAGE,6.0,DEBTCONSOLIDATION,D,5000,16.29,1,0.07,N,9,1,1,95.0
53,46000,OWN,9.0,PERSONAL,B,4925,11.71,0,0.11,N,23,0,0,10.0
42,150000,MORTGAGE,0.0,HOMEIMPROVEMENT,A,16000,8.49,0,0.11,N,12,0,0,9.0
26,45000,RENT,0.0,MEDICAL,A,10800,6.17,0,0.24,N,3,0,0,1.0
25,49716,MORTGAGE,6.0,MEDICAL,A,8000,9.32,0,0.16,N,2,0,0,7.000000000000001
22,50000,MORTGAGE,6.0,EDUCATION,A,4800,6.03,0,0.1,N,3,0,0,0.0
22,37000,RENT,2.0,EDUCATION,B,4000,10.95,0,0.11,N,2,0,0,7.000000000000001
28,70000,RENT,1.0,DEBTCONSOLIDATION,A,7800,7.9,0,0.11,N,8,0,0,0.0
26,77004,MORTGAGE,0.0,MEDICAL,B,6000,11.99,0,0.08,N,4,0,0,5.0
52,71520,RENT,0.0,EDUCATION,E,7000,16.82,1,0.1,Y,24,1,1,84.0
22,51900,MORTGAGE,5.0,VENTURE,B,14100,11.49,0,0.27,N,2,0,0,6.0
22,14400,RENT,0.0,HOMEIMPROVEMENT,D,2100,14.83,1,0.15,N,3,1,1,88.0
29,27000,RENT,10.0,HOMEIMPROVEMENT,D,3975,12.17,1,0.15,N,5,1,1,68.0
25,45500,RENT,3.0,MEDICAL,C,2000,13.49,0,0.04,Y,3,0,0,7.000000000000001
42,58000,RENT,16.0,DEBTCONSOLIDATION,C,7500,12.99,0,0.13,N,17,0,0,15.0
55,51000,RENT,2.0,PERSONAL,A,8000,5.79,0,0.16,N,26,0,0,2.0
34,74000,MORTGAGE,13.0,VENTURE,C,10000,15.96,0,0.14,Y,10,1,0,17.0
25,30000,OWN,3.0,HOMEIMPROVEMENT,B,11500,11.36,0,0.38,N,4,0,0,6.0
24,36000,MORTGAGE,4.0,HOMEIMPROVEMENT,A,14775,6.62,0,0.41,N,4,0,0,22.0
24,44000,RENT,1.0,DEBTCONSOLIDATION,D,4000,17.58,1,0.09,N,2,1,1,99.0
39,75000,RENT,0.0,PERSONAL,B,14400,12.53,0,0.19,N,15,0,0,2.0
25,47000,RENT,8.0,DEBTCONSOLIDATION,B,8500,10.37,0,0.18,N,4,0,0,2.0
22,33685,MORTGAGE,6.0,DEBTCONSOLIDATION,C,5000,13.85,0,0.15,N,3,0,0,7.000000000000001
22,110000,RENT,6.0,MEDICAL,A,6400,9.32,0,0.06,N,4,0,0,4.0
22,27264,RENT,4.0,EDUCATION,C,5000,13.11,0,0.18,Y,3,0,0,19.0
29,85000,MORTGAGE,12.0,PERSONAL,B,25000,9.25,0,0.29,N,10,0,0,6.0
25,39996,RENT,2.0,VENTURE,B,10000,10.99,0,0.25,N,4,0,0,0.0
25,31200,RENT,8.0,DEBTCONSOLIDATION,C,14700,12.29,1,0.47,N,4,1,1,99.0
39,55000,RENT,1.0,DEBTCONSOLIDATION,B,4975,12.21,0,0.09,N,11,0,0,21.0
22,54800,OWN,7.0,EDUCATION,A,8000,7.49,0,0.15,N,2,0,0,1.0
22,77237,MORTGAGE,0.0,MEDICAL,A,5875,6.17,0,0.08,N,3,0,0,9.0
31,125004,RENT,13.0,VENTURE,B,24000,9.25,0,0.19,N,8,0,0,1.0
22,115200,RENT,0.0,DEBTCONSOLIDATION,A,7000,7.66,0,0.06,N,2,0,0,1.0
28,55000,RENT,2.0,MEDICAL,B,13800,11.83,0,0.25,N,6,0,0,9.0
25,85000,MORTGAGE,9.0,MEDICAL,A,4000,7.88,0,0.05,N,3,0,0,1.0
22,120000,RENT,4.0,EDUCATION,B,24000,9.91,0,0.2,N,4,0,0,0.0
29,120000,MORTGAGE,3.0,EDUCATION,B,20000,11.71,0,0.17,N,5,0,0,0.0
21,111016,RENT,5.0,PERSONAL,C,12000,13.11,0,0.11,N,2,0,0,7.000000000000001
34,48000,MORTGAGE,2.0,PERSONAL,A,10000,7.14,0,0.21,N,10,0,0,1.0
24,38400,RENT,8.0,VENTURE,A,4200,6.76,0,0.11,N,4,0,0,0.0
28,81000,MORTGAGE,11.0,HOMEIMPROVEMENT,A,6000,6.17,0,0.07,N,10,0,0,2.0
27,30996,RENT,4.0,DEBTCONSOLIDATION,D,5775,14.91,1,0.19,N,10,1,1,89.0
31,99000,RENT,15.0,HOMEIMPROVEMENT,C,12000,14.26,0,0.12,N,10,0,0,9.0
34,66000,RENT,5.0,DEBTCONSOLIDATION,D,12000,14.3,1,0.18,N,6,1,1,75.0
23,130000,MORTGAGE,7.0,EDUCATION,B,20000,10.62,0,0.15,N,4,0,0,0.0
23,42900,OWN,6.0,MEDICAL,A,1000,6.76,0,0.02,N,3,0,0,2.0
37,72000,MORTGAGE,9.0,EDUCATION,C,1600,13.92,0,0.02,Y,16,0,0,18.0
23,42000,RENT,7.0,EDUCATION,B,6025,9.63,0,0.14,N,4,0,0,10.0
24,42000,MORTGAGE,6.0,MEDICAL,A,3125,8.9,0,0.07,N,3,0,0,21.0
25,178364,MORTGAGE,9.0,PERSONAL,E,8000,15.68,0,0.04,Y,2,0,0,36.0
30,160000,RENT,0.0,VENTURE,B,8400,11.89,0,0.05,N,6,0,0,3.0
26,92040,MORTGAGE,6.0,VENTURE,A,10000,7.49,0,0.11,N,3,0,0,0.0
26,48000,RENT,10.0,DEBTCONSOLIDATION,B,4500,11.11,0,0.09,N,4,0,0,6.0
25,55000,RENT,2.0,EDUCATION,C,18000,12.84,1,0.33,N,2,1,1,96.0
24,110000,RENT,7.0,HOMEIMPROVEMENT,D,25000,15.7,0,0.23,Y,2,0,0,28.999999999999996
23,40000,RENT,7.0,EDUCATION,D,9250,16.07,0,0.23,N,2,0,0,15.0
25,39896,MORTGAGE,0.0,MEDICAL,A,9250,9.63,0,0.23,N,3,1,0,8.0
25,50000,MORTGAGE,9.0,DEBTCONSOLIDATION,A,18000,7.88,0,0.36,N,2,0,0,7.000000000000001
30,50000,MORTGAGE,1.0,PERSONAL,B,16000,10.38,0,0.32,N,7,0,0,25.0
28,54000,MORTGAGE,2.0,EDUCATION,B,9250,11.36,0,0.17,N,10,0,0,8.0
36,214200,MORTGAGE,4.0,HOMEIMPROVEMENT,D,9400,15.62,0,0.04,Y,12,0,0,12.0
25,85000,MORTGAGE,0.0,EDUCATION,A,14000,5.79,0,0.16,N,2,0,0,0.0
24,14400,OWN,5.0,PERSONAL,A,6000,7.49,1,0.42,N,3,1,1,100.0
30,39000,MORTGAGE,13.0,HOMEIMPROVEMENT,C,3000,13.99,0,0.08,Y,10,1,0,15.0
35,62000,MORTGAGE,0.0,EDUCATION,A,9475,6.03,0,0.15,N,5,0,0,1.0
25,18000,RENT,3.0,EDUCATION,C,8500,10.28,1,0.47,Y,4,1,1,100.0
36,25200,RENT,3.0,MEDICAL,A,7200,7.29,0,0.29,N,11,0,0,1.0
26,104550,MORTGAGE,6.0,MEDICAL,D,15000,15.33,1,0.12,N,3,1,1,91.0
26,45000,RENT,4.0,MEDICAL,D,10000,14.11,1,0.22,Y,2,0,1,80.0
26,102456,MORTGAGE,10.0,VENTURE,D,25000,15.31,0,0.24,Y,2,0,0,10.0
29,44400,MORTGAGE,13.0,HOMEIMPROVEMENT,B,21000,10.99,0,0.47,N,8,0,0,6.0
22,39000,RENT,5.0,DEBTCONSOLIDATION,B,13000,11.83,1,0.33,N,4,1,1,98.0
25,65000,RENT,2.0,DEBTCONSOLIDATION,B,4200,10.99,0,0.06,N,2,0,0,1.0
34,48989,OWN,10.0,EDUCATION,A,2400,7.14,0,0.05,N,5,0,0,1.0
35,762000,OWN,8.0,MEDICAL,A,10000,8.94,0,0.01,N,8,0,0,1.0
23,24091,MORTGAGE,5.0,MEDICAL,C,3500,12.99,0,0.15,Y,2,0,0,16.0
23,85000,RENT,2.0,VENTURE,C,12000,13.16,0,0.14,Y,4,0,0,0.0
29,16800,RENT,9.0,HOMEIMPROVEMENT,D,2750,14.84,1,0.16,Y,6,1,1,96.0
30,42000,OWN,8.0,MEDICAL,C,8000,12.99,0,0.19,N,9,0,0,3.0
23,43200,MORTGAGE,5.0,VENTURE,B,10000,12.69,0,0.23,N,3,0,0,1.0
25,87000,MORTGAGE,4.0,MEDICAL,B,13000,11.26,0,0.15,N,3,0,0,1.0
28,82500,MORTGAGE,12.0,MEDICAL,A,11000,7.49,0,0.13,N,9,0,0,0.0
29,350000,MORTGAGE,13.0,DEBTCONSOLIDATION,A,12000,7.51,0,0.03,N,7,0,0,1.0
22,96000,RENT,6.0,PERSONAL,B,17000,11.48,0,0.18,N,2,0,0,1.0
24,54000,MORTGAGE,2.0,VENTURE,A,8700,7.05,0,0.16,N,4,0,0,1.0
22,62000,MORTGAGE,2.0,PERSONAL,D,7500,13.87,0,0.12,Y,3,0,0,17.0
24,58668,RENT,8.0,MEDICAL,D,6000,15.05,1,0.1,Y,4,1,1,94.0
23,84000,RENT,3.0,MEDICAL,A,15850,8.49,0,0.19,N,4,0,0,9.0
24,60000,RENT,6.0,VENTURE,A,10000,9.32,0,0.17,N,2,0,0,0.0
44,94128,MORTGAGE,14.0,DEBTCONSOLIDATION,A,4400,7.29,0,0.05,N,13,0,0,1.0
22,110000,MORTGAGE,6.0,VENTURE,B,6000,9.99,0,0.05,N,3,0,0,0.0
27,50000,MORTGAGE,0.0,VENTURE,A,12000,6.62,0,0.24,N,8,0,0,0.0
26,42000,RENT,10.0,DEBTCONSOLIDATION,A,7000,7.49,0,0.17,N,2,0,0,1.0
40,108000,OWN,4.0,PERSONAL,A,3500,7.49,0,0.03,N,15,0,0,0.0
24,96000,MORTGAGE,7.0,HOMEIMPROVEMENT,C,6000,13.92,0,0.06,Y,4,0,0,0.0
24,42856,RENT,8.0,DEBTCONSOLIDATION,A,16000,8.9,1,0.37,N,3,1,1,100.0
27,115000,MORTGAGE,1.0,DEBTCONSOLIDATION,A,5000,8.49,0,0.04,N,6,0,0,5.0
31,78305,MORTGAGE,8.0,PERSONAL,D,10000,14.59,0,0.13,Y,7,1,0,27.0
24,37648,RENT,0.0,MEDICAL,A,8000,7.29,0,0.21,N,2,0,0,3.0
30,14400,OWN,0.0,HOMEIMPROVEMENT,D,9250,14.96,1,0.64,N,10,1,1,88.0
26,92700,MORTGAGE,6.0,EDUCATION,B,1500,9.63,0,0.02,N,2,0,0,17.0
32,103000,MORTGAGE,0.0,EDUCATION,E,33000,18.64,1,0.32,Y,10,1,1,52.0
25,38340,RENT,9.0,MEDICAL,B,12000,11.71,1,0.31,N,2,1,1,98.0
24,45336,MORTGAGE,8.0,MEDICAL,A,10000,5.99,0,0.22,N,2,0,0,1.0
35,61000,MORTGAGE,0.0,DEBTCONSOLIDATION,A,6000,6.54,0,0.1,N,7,0,0,1.0
27,86625,MORTGAGE,3.0,HOMEIMPROVEMENT,A,14825,7.49,0,0.17,N,9,0,0,5.0
23,75000,RENT,7.0,VENTURE,C,18000,12.73,0,0.24,N,2,0,0,7.000000000000001
28,110000,MORTGAGE,8.0,HOMEIMPROVEMENT,A,15000,6.54,0,0.14,N,6,0,0,6.0
40,75000,MORTGAGE,6.0,EDUCATION,C,7500,12.23,0,0.1,Y,16,0,0,24.0
34,31500,MORTGAGE,16.0,PERSONAL,B,6000,10.99,0,0.19,N,8,0,0,16.0
25,32000,RENT,1.0,MEDICAL,D,6000,12.92,1,0.19,N,2,1,1,80.0
24,46500,MORTGAGE,0.0,HOMEIMPROVEMENT,C,16000,12.53,0,0.34,Y,3,0,0,28.000000000000004
27,40000,RENT,9.0,DEBTCONSOLIDATION,B,2000,10.75,0,0.05,N,6,0,0,5.0
34,86000,RENT,4.0,VENTURE,A,9950,7.88,0,0.12,N,7,0,0,0.0
23,50000,RENT,1.0,DEBTCONSOLIDATION,A,25000,7.9,1,0.5,N,3,1,1,99.0
25,78000,MORTGAGE,2.0,VENTURE,B,6000,10.99,0,0.08,N,4,0,0,6.0
24,42000,MORTGAGE,2.0,PERSONAL,C,2000,11.28,0,0.05,N,2,0,0,12.0
30,53196,RENT,14.0,PERSONAL,A,3000,7.66,0,0.06,N,5,0,0,2.0
27,68500,RENT,4.0,HOMEIMPROVEMENT,A,8000,6.62,0,0.12,N,10,0,0,3.0
33,150000,OWN,14.0,VENTURE,B,21000,11.83,0,0.14,N,9,0,0,1.0
30,40000,RENT,2.0,MEDICAL,C,8500,12.53,0,0.21,N,8,0,0,9.0
38,40000,RENT,5.0,MEDICAL,B,4000,11.49,0,0.1,N,12,0,0,6.0
27,26400,RENT,9.0,EDUCATION,B,10000,10.25,1,0.38,N,9,1,1,99.0
23,41496,OWN,4.0,VENTURE,E,7200,16.77,0,0.17,N,2,0,0,28.000000000000004
30,115000,RENT,3.0,DEBTCONSOLIDATION,B,20000,11.11,0,0.17,N,7,0,0,3.0
26,61000,RENT,1.0,MEDICAL,A,2000,7.9,0,0.03,N,3,0,0,3.0
27,55200,RENT,0.0,EDUCATION,A,4000,6.76,0,0.07,N,10,0,0,7.000000000000001
23,23500,RENT,4.0,EDUCATION,C,3000,13.23,0,0.13,Y,2,0,0,13.0
37,92000,RENT,0.0,VENTURE,B,21000,11.63,0,0.23,N,15,0,0,11.0
44,52000,MORTGAGE,2.0,VENTURE,A,6000,8.59,0,0.12,N,11,0,0,1.0
29,50000,MORTGAGE,0.0,PERSONAL,A,6300,6.62,0,0.13,N,8,0,0,2.0
31,68000,RENT,2.0,HOMEIMPROVEMENT,C,3500,13.22,0,0.05,Y,5,0,0,6.0
37,60000,RENT,11.0,MEDICAL,A,10000,7.49,0,0.17,N,12,0,0,2.0
29,89000,RENT,1.0,EDUCATION,A,28800,7.49,1,0.32,N,6,1,1,82.0
26,22406,RENT,5.0,PERSONAL,A,2500,6.76,0,0.11,N,4,1,0,17.0
25,23040,RENT,0.0,DEBTCONSOLIDATION,C,3200,14.79,0,0.14,N,2,0,0,21.0
25,18000,MORTGAGE,1.0,MEDICAL,B,4000,10.99,1,0.22,N,3,1,1,91.0
21,36000,RENT,5.0,PERSONAL,B,10000,11.48,0,0.28,N,4,0,0,11.0
23,80000,MORTGAGE,7.0,VENTURE,A,4800,7.29,0,0.06,N,4,0,0,0.0
23,95620,MORTGAGE,7.0,EDUCATION,D,13500,14.96,0,0.14,Y,4,0,0,3.0
27,42000,RENT,1.0,PERSONAL,B,5000,10.99,0,0.12,N,10,0,0,15.0
30,52800,RENT,4.0,PERSONAL,B,2400,9.62,0,0.05,N,7,0,0,3.0
25,185000,RENT,6.0,VENTURE,C,15000,15.27,0,0.08,N,2,0,0,8.0
26,105000,OWN,10.0,VENTURE,D,10000,15.65,0,0.1,Y,4,0,0,3.0
28,125000,RENT,1.0,DEBTCONSOLIDATION,C,4000,13.35,0,0.03,Y,5,0,0,4.0
23,78000,RENT,7.0,DEBTCONSOLIDATION,A,10000,5.79,0,0.13,N,3,0,0,2.0
26,25104,OWN,0.0,DEBTCONSOLIDATION,D,5400,16.49,0,0.22,N,2,0,0,18.0
34,45600,RENT,6.0,DEBTCONSOLIDATION,B,15000,11.48,1,0.33,N,9,1,1,99.0
26,63834,MORTGAGE,5.0,MEDICAL,B,17000,11.12,0,0.27,N,3,0,0,15.0
22,45000,MORTGAGE,3.0,EDUCATION,B,15000,11.36,0,0.33,N,2,0,0,9.0
23,60000,MORTGAGE,6.0,EDUCATION,A,7000,6.54,0,0.12,N,3,0,0,0.0
24,95000,MORTGAGE,1.0,PERSONAL,B,7450,12.69,0,0.08,N,4,0,0,4.0
31,110000,MORTGAGE,2.0,DEBTCONSOLIDATION,B,6000,9.51,0,0.05,N,9,0,0,2.0
29,35000,RENT,4.0,DEBTCONSOLIDATION,C,15000,13.22,1,0.43,N,5,1,1,100.0
23,9000,OWN,4.0,HOMEIMPROVEMENT,C,2000,13.35,1,0.22,N,2,1,1,95.0
21,14400,OWN,0.0,HOMEIMPROVEMENT,B,3000,10.99,1,0.21,N,4,1,1,96.0
25,64000,RENT,8.0,DEBTCONSOLIDATION,D,15000,14.42,1,0.23,Y,3,1,1,81.0
24,24000,OWN,1.0,EDUCATION,A,2400,7.49,0,0.1,N,2,0,0,2.0
30,49000,OWN,7.0,HOMEIMPROVEMENT,B,8500,12.18,0,0.17,N,10,0,0,5.0
30,75000,MORTGAGE,3.0,VENTURE,A,18750,7.9,0,0.25,N,6,0,0,2.0
22,29100,RENT,2.0,PERSONAL,D,6250,16.07,1,0.21,Y,3,1,1,95.0
27,110000,RENT,5.0,VENTURE,B,18000,9.91,0,0.16,N,5,0,0,0.0
23,65000,MORTGAGE,2.0,DEBTCONSOLIDATION,B,4400,11.36,0,0.07,N,4,0,0,5.0
40,45996,RENT,4.0,DEBTCONSOLIDATION,D,20000,14.61,1,0.43,N,11,1,1,99.0
34,50000,RENT,5.0,PERSONAL,B,6000,9.91,0,0.12,N,8,0,0,0.0
32,37000,RENT,1.0,MEDICAL,B,15000,9.62,1,0.41,N,10,1,1,100.0
24,72000,RENT,5.0,MEDICAL,B,20000,11.83,0,0.28,N,2,0,0,21.0
21,50000,RENT,4.0,EDUCATION,B,7300,11.71,0,0.15,N,3,0,0,1.0
28,87000,RENT,7.0,VENTURE,B,6400,10.39,0,0.07,N,6,0,0,0.0
22,26000,RENT,5.0,PERSONAL,D,11200,16.89,1,0.43,N,3,1,1,99.0
21,18000,RENT,3.0,EDUCATION,A,2500,7.88,0,0.14,N,2,0,0,20.0
27,75000,MORTGAGE,4.0,VENTURE,B,6625,10.99,0,0.09,N,9,0,0,4.0
35,100000,MORTGAGE,13.0,EDUCATION,F,12000,15.76,0,0.12,N,6,0,0,23.0
33,80000,MORTGAGE,4.0,MEDICAL,B,12000,11.14,0,0.15,N,6,0,0,2.0
22,60000,MORTGAGE,6.0,EDUCATION,B,3950,10.65,0,0.07,N,2,0,0,4.0
22,32000,RENT,3.0,DEBTCONSOLIDATION,D,4800,16.49,1,0.15,Y,2,1,1,96.0
47,109000,OWN,15.0,VENTURE,A,16000,7.05,0,0.15,N,14,0,0,0.0
26,52500,RENT,0.0,DEBTCONSOLIDATION,B,5700,11.12,0,0.11,N,2,0,0,6.0
22,99600,MORTGAGE,6.0,PERSONAL,A,7125,7.51,0,0.07,N,4,0,0,5.0
23,90000,RENT,7.0,EDUCATION,C,7500,11.03,0,0.08,N,4,0,0,8.0
23,34000,MORTGAGE,0.0,EDUCATION,C,4000,14.17,0,0.12,N,2,1,0,38.0
23,122000,MORTGAGE,5.0,PERSONAL,A,12000,7.29,0,0.1,N,3,0,0,4.0
31,20500,MORTGAGE,4.0,DEBTCONSOLIDATION,A,1000,6.76,0,0.05,N,5,0,0,18.0
25,90000,MORTGAGE,9.0,MEDICAL,A,6000,6.99,0,0.07,N,3,0,0,0.0
22,25000,RENT,1.0,VENTURE,B,2050,10.59,0,0.08,N,2,0,0,3.0
26,36400,RENT,4.0,EDUCATION,A,2300,7.4,0,0.06,N,2,0,0,13.0
27,54120,MORTGAGE,2.0,VENTURE,B,6000,11.36,0,0.11,N,6,0,0,3.0
23,25000,RENT,1.0,VENTURE,B,4025,9.91,0,0.16,N,4,0,0,5.0
33,40000,MORTGAGE,4.0,EDUCATION,A,5000,7.51,0,0.13,N,8,0,0,0.0
23,30000,MORTGAGE,3.0,MEDICAL,E,3800,18.64,1,0.13,N,2,1,1,90.0
21,13000,RENT,0.0,DEBTCONSOLIDATION,C,9250,12.53,1,0.71,N,3,1,1,100.0
29,260000,MORTGAGE,0.0,HOMEIMPROVEMENT,B,20000,10.37,0,0.08,N,9,0,0,2.0
22,69700,RENT,4.0,EDUCATION,B,11200,10.99,0,0.16,N,2,0,0,0.0
23,59000,RENT,3.0,EDUCATION,D,10000,15.58,0,0.17,N,3,1,0,17.0
25,110000,MORTGAGE,9.0,EDUCATION,A,5000,7.14,0,0.05,N,4,0,0,1.0
22,53000,RENT,2.0,EDUCATION,B,6500,10.65,0,0.12,N,4,0,0,13.0
27,38000,MORTGAGE,11.0,DEBTCONSOLIDATION,B,5000,9.76,0,0.13,N,5,0,0,8.0
22,56004,MORTGAGE,6.0,DEBTCONSOLIDATION,A,2000,7.51,0,0.04,N,4,0,0,5.0
29,57995,RENT,8.0,MEDICAL,B,5600,10.37,0,0.1,N,6,0,0,12.0
23,90000,OWN,7.0,MEDICAL,A,35000,8.9,0,0.39,N,4,0,0,9.0
23,69996,RENT,8.0,EDUCATION,B,13000,11.58,0,0.19,N,3,0,0,3.0
25,51996,RENT,6.0,MEDICAL,B,8000,10.37,0,0.15,N,2,0,0,7.000000000000001
35,30000,MORTGAGE,13.0,PERSONAL,A,6625,6.62,0,0.22,N,6,0,0,10.0
32,30000,MORTGAGE,6.0,VENTURE,A,10000,7.51,0,0.33,N,9,0,0,5.0
39,59000,RENT,0.0,PERSONAL,F,2500,18.78,1,0.04,N,13,1,1,70.0
35,62496,RENT,6.0,VENTURE,D,12000,14.11,0,0.19,Y,8,0,0,16.0
26,52704,MORTGAGE,8.0,HOMEIMPROVEMENT,B,3000,10.95,0,0.06,N,4,1,0,14.000000000000002
24,88000,RENT,0.0,HOMEIMPROVEMENT,B,14000,9.99,0,0.16,N,3,0,0,7.000000000000001
34,25200,RENT,4.0,VENTURE,A,3000,7.66,0,0.12,N,8,0,0,4.0
23,65000,MORTGAGE,7.0,PERSONAL,A,5000,7.43,0,0.08,N,4,0,0,2.0
30,108000,RENT,2.0,PERSONAL,B,10000,10.65,0,0.09,N,5,0,0,6.0
40,70000,MORTGAGE,6.0,EDUCATION,A,18000,7.9,0,0.26,N,14,0,0,0.0
30,25800,MORTGAGE,7.0,DEBTCONSOLIDATION,A,6000,5.99,0,0.23,N,6,0,0,7.000000000000001
24,62000,MORTGAGE,6.0,HOMEIMPROVEMENT,B,10000,10.74,0,0.16,N,2,0,0,7.000000000000001
29,26880,RENT,0.0,HOMEIMPROVEMENT,D,6000,14.84,1,0.22,N,7,1,1,94.0
25,66000,RENT,1.0,HOMEIMPROVEMENT,B,5050,11.49,0,0.08,N,2,0,0,2.0
27,54216,MORTGAGE,4.0,PERSONAL,A,9000,5.99,0,0.17,N,5,0,0,9.0
23,54000,RENT,7.0,EDUCATION,C,5000,12.84,0,0.09,Y,2,1,0,12.0
27,51600,RENT,2.0,VENTURE,C,13800,13.57,0,0.27,Y,6,1,0,7.000000000000001
25,50000,MORTGAGE,6.0,PERSONAL,A,12800,7.49,0,0.26,N,4,1,0,5.0
32,145000,RENT,2.0,PERSONAL,B,8800,10.59,0,0.06,N,7,0,0,5.0
25,36000,RENT,0.0,VENTURE,D,14500,14.54,1,0.4,Y,2,1,1,99.0
34,90000,RENT,0.0,EDUCATION,B,13200,10.74,0,0.15,N,5,0,0,6.0
23,46272,RENT,7.0,DEBTCONSOLIDATION,B,16750,11.99,1,0.36,N,3,1,1,100.0
37,89000,MORTGAGE,3.0,EDUCATION,A,5000,6.91,0,0.06,N,15,0,0,1.0
26,108000,RENT,5.0,EDUCATION,D,2000,16.29,0,0.02,N,4,0,0,25.0
22,41000,MORTGAGE,0.0,VENTURE,B,6400,9.99,0,0.16,N,4,0,0,4.0
33,72000,MORTGAGE,0.0,HOMEIMPROVEMENT,B,6600,10.99,0,0.09,N,9,0,0,7.000000000000001
47,30000,RENT,2.0,HOMEIMPROVEMENT,C,3000,12.99,1,0.1,N,11,1,1,70.0
23,55000,MORTGAGE,5.0,PERSONAL,A,7750,6.17,0,0.14,N,4,0,0,1.0
28,82000,MORTGAGE,0.0,MEDICAL,C,15000,12.98,0,0.18,Y,8,0,0,7.000000000000001
25,78000,MORTGAGE,8.0,DEBTCONSOLIDATION,D,6000,15.62,1,0.08,N,3,1,1,98.0
22,70000,MORTGAGE,1.0,DEBTCONSOLIDATION,C,25000,13.79,0,0.36,N,3,1,0,26.0
32,83196,RENT,1.0,MEDICAL,B,9350,10.99,0,0.11,N,8,0,0,2.0
35,75000,MORTGAGE,5.0,DEBTCONSOLIDATION,C,4000,14.27,0,0.05,Y,5,0,0,16.0
29,160000,RENT,4.0,VENTURE,C,35000,14.27,0,0.22,Y,8,0,0,13.0
33,125000,OWN,17.0,PERSONAL,A,3000,7.75,0,0.02,N,8,0,0,0.0
23,40440,RENT,0.0,EDUCATION,C,5500,12.73,0,0.14,N,4,0,0,7.000000000000001
22,99600,MORTGAGE,6.0,MEDICAL,B,5000,9.67,0,0.05,N,3,0,0,6.0
29,36000,RENT,1.0,VENTURE,B,12000,12.21,1,0.33,N,10,1,1,94.0
33,94000,RENT,4.0,HOMEIMPROVEMENT,B,7000,11.49,0,0.07,N,10,0,0,1.0
23,54996,MORTGAGE,7.0,EDUCATION,B,2100,11.49,0,0.04,N,3,0,0,14.000000000000002
25,90000,RENT,4.0,HOMEIMPROVEMENT,A,6000,7.88,0,0.07,N,3,0,0,5.0
22,35000,MORTGAGE,7.0,VENTURE,A,4000,7.29,0,0.11,N,2,0,0,1.0
33,67000,MORTGAGE,6.0,DEBTCONSOLIDATION,B,25000,10.99,0,0.37,N,6,0,0,28.000000000000004
69,24000,RENT,3.0,MEDICAL,A,6000,6.62,0,0.25,N,20,0,0,1.0
21,70500,RENT,5.0,VENTURE,A,15000,8.0,0,0.21,N,3,0,0,1.0
22,28000,RENT,6.0,EDUCATION,A,10000,5.42,1,0.36,N,3,1,1,93.0
24,100000,MORTGAGE,8.0,VENTURE,F,30000,18.62,0,0.3,Y,2,0,0,37.0
32,80000,OWN,2.0,VENTURE,B,10000,11.14,0,0.13,N,9,0,0,2.0
26,90000,RENT,2.0,PERSONAL,A,10000,7.49,0,0.11,N,4,0,0,0.0
25,180000,MORTGAGE,9.0,HOMEIMPROVEMENT,B,6000,12.42,0,0.03,N,4,0,0,3.0
22,33996,RENT,6.0,VENTURE,D,15000,14.96,1,0.44,Y,4,1,1,100.0
27,115000,RENT,3.0,VENTURE,A,6000,7.4,0,0.05,N,5,0,0,0.0
24,85000,RENT,1.0,VENTURE,A,10500,6.92,0,0.12,N,3,0,0,0.0
43,45000,RENT,5.0,EDUCATION,A,7000,5.42,0,0.16,N,12,0,0,4.0
26,55080,MORTGAGE,10.0,MEDICAL,A,2500,7.66,0,0.04,N,3,1,0,2.0
37,6000,OWN,3.0,VENTURE,A,1300,6.03,1,0.22,N,11,1,1,84.0
34,39996,RENT,0.0,DEBTCONSOLIDATION,B,4750,9.25,0,0.12,N,10,0,0,5.0
22,12000,RENT,0.0,EDUCATION,A,6700,7.66,1,0.56,N,4,1,1,100.0
24,35000,RENT,3.0,VENTURE,C,8400,12.87,0,0.24,Y,4,0,0,15.0
48,228000,MORTGAGE,0.0,HOMEIMPROVEMENT,D,25000,15.31,0,0.11,N,13,1,0,10.0
28,100000,OWN,7.0,HOMEIMPROVEMENT,C,20000,12.68,0,0.2,Y,6,0,0,6.0
38,85000,MORTGAGE,5.0,VENTURE,A,10000,7.49,0,0.12,N,12,0,0,0.0
27,24000,OWN,4.0,EDUCATION,C,4000,12.99,0,0.17,N,6,0,0,6.0
30,80000,MORTGAGE,4.0,DEBTCONSOLIDATION,A,10750,6.17,0,0.13,N,5,0,0,0.0
23,24960,RENT,0.0,PERSONAL,B,10000,9.64,1,0.4,N,4,1,1,100.0
28,270300,MORTGAGE,3.0,MEDICAL,E,25000,17.88,1,0.08,N,6,1,1,72.0
22,27000,MORTGAGE,2.0,DEBTCONSOLIDATION,B,5000,12.18,0,0.19,N,4,0,0,3.0
31,60000,MORTGAGE,0.0,VENTURE,B,7800,10.59,0,0.13,N,10,0,0,0.0
22,160000,RENT,6.0,PERSONAL,A,20000,7.49,0,0.13,N,4,0,0,1.0
28,95000,MORTGAGE,0.0,HOMEIMPROVEMENT,A,5000,7.51,0,0.05,N,5,0,0,1.0
27,150000,MORTGAGE,11.0,VENTURE,B,8000,12.21,0,0.05,N,5,0,0,1.0
29,40000,MORTGAGE,3.0,MEDICAL,A,6600,8.0,0,0.17,N,10,0,0,9.0
27,50000,MORTGAGE,4.0,EDUCATION,C,2200,12.99,0,0.04,Y,10,0,0,15.0
35,40000,OWN,5.0,VENTURE,A,8000,7.66,0,0.2,N,6,0,0,1.0
22,63400,MORTGAGE,6.0,PERSONAL,B,10500,9.99,0,0.17,N,2,0,0,7.000000000000001
28,40500,MORTGAGE,0.0,VENTURE,C,12000,12.23,0,0.3,Y,5,0,0,18.0
33,40000,MORTGAGE,2.0,PERSONAL,B,6000,12.21,0,0.15,N,10,0,0,27.0
39,95000,MORTGAGE,3.0,HOMEIMPROVEMENT,D,20000,14.84,0,0.21,Y,11,0,0,21.0
39,24000,RENT,0.0,VENTURE,D,3000,14.12,1,0.13,N,12,1,1,80.0
23,44004,OWN,7.0,MEDICAL,A,17000,6.62,0,0.39,N,2,0,0,8.0
23,81504,MORTGAGE,6.0,DEBTCONSOLIDATION,A,2400,6.92,0,0.03,N,4,0,0,1.0
22,30000,RENT,0.0,EDUCATION,B,5000,11.49,0,0.17,N,2,0,0,10.0
26,40000,OWN,0.0,EDUCATION,B,15000,9.64,0,0.38,N,4,0,0,3.0
32,30000,RENT,4.0,PERSONAL,C,3000,13.49,0,0.1,Y,6,0,0,32.0
24,50500,RENT,7.0,HOMEIMPROVEMENT,A,9600,7.49,0,0.19,N,2,0,0,5.0
27,146000,MORTGAGE,5.0,MEDICAL,A,2500,8.49,0,0.02,N,5,0,0,4.0
22,44400,RENT,3.0,EDUCATION,C,12800,12.73,0,0.29,N,2,0,0,4.0
24,61147,MORTGAGE,5.0,MEDICAL,A,17000,6.03,0,0.28,N,4,0,0,3.0
35,30000,RENT,0.0,MEDICAL,A,6475,5.42,0,0.22,N,6,0,0,2.0
23,56000,RENT,7.0,EDUCATION,C,9000,13.35,0,0.16,N,3,0,0,10.0
26,35000,RENT,0.0,DEBTCONSOLIDATION,D,8000,15.31,1,0.23,Y,2,1,1,90.0
28,35000,RENT,4.0,DEBTCONSOLIDATION,A,2400,7.29,0,0.07,N,9,1,0,2.0
21,12000,RENT,4.0,VENTURE,B,3200,11.49,1,0.27,N,2,1,1,100.0
23,25000,OWN,4.0,MEDICAL,C,4000,15.27,0,0.16,Y,4,0,0,9.0
29,28000,RENT,2.0,PERSONAL,D,5000,16.07,1,0.18,N,8,1,1,97.0
29,50000,MORTGAGE,4.0,MEDICAL,A,10000,6.03,0,0.2,N,5,0,0,7.000000000000001
27,38400,RENT,6.0,MEDICAL,B,2400,10.65,0,0.06,N,6,0,0,4.0
39,50000,MORTGAGE,1.0,PERSONAL,A,8000,7.68,0,0.16,N,11,0,0,0.0
25,31000,RENT,2.0,DEBTCONSOLIDATION,A,1800,8.32,0,0.06,N,2,0,0,26.0
34,55000,MORTGAGE,4.0,EDUCATION,C,7000,13.49,0,0.13,N,7,0,0,8.0
24,205000,MORTGAGE,2.0,MEDICAL,B,11000,10.99,0,0.05,N,4,0,0,3.0
25,70000,RENT,3.0,MEDICAL,A,5600,7.9,0,0.08,N,3,0,0,3.0
29,62500,MORTGAGE,13.0,MEDICAL,B,5000,11.36,0,0.08,N,5,0,0,10.0
33,53000,RENT,4.0,DEBTCONSOLIDATION,B,3600,9.25,0,0.07,N,5,0,0,7.000000000000001
22,75000,RENT,3.0,EDUCATION,B,10600,10.99,0,0.14,N,3,0,0,4.0
22,16800,RENT,2.0,PERSONAL,B,4000,10.25,1,0.24,N,4,1,1,100.0
34,85800,OWN,11.0,VENTURE,A,5000,7.4,0,0.06,N,6,0,0,1.0
34,74000,RENT,3.0,EDUCATION,C,11200,11.66,0,0.15,N,10,1,0,4.0
24,40000,MORTGAGE,6.0,VENTURE,B,10000,9.91,0,0.25,N,3,0,0,0.0
22,55000,RENT,3.0,EDUCATION,C,5000,13.49,0,0.09,Y,3,0,0,6.0
24,54000,MORTGAGE,9.0,MEDICAL,A,8525,8.59,0,0.16,N,4,0,0,16.0
33,115000,RENT,9.0,HOMEIMPROVEMENT,C,7500,11.03,0,0.07,Y,8,0,0,4.0
24,21648,RENT,8.0,EDUCATION,A,5000,6.99,0,0.23,N,3,0,0,9.0
36,120000,MORTGAGE,11.0,MEDICAL,A,30000,6.62,0,0.25,N,11,0,0,3.0
29,144000,MORTGAGE,13.0,VENTURE,A,16000,6.62,0,0.11,N,6,0,0,1.0
26,34200,RENT,1.0,MEDICAL,C,3500,12.84,0,0.1,N,4,0,0,19.0
28,70000,OWN,7.0,VENTURE,B,8000,11.49,0,0.11,N,9,0,0,0.0
22,58000,RENT,0.0,EDUCATION,A,17475,7.51,0,0.3,N,3,0,0,12.0
24,105000,RENT,2.0,VENTURE,A,13800,7.66,0,0.13,N,2,0,0,0.0
24,70000,RENT,2.0,EDUCATION,B,13000,10.0,0,0.19,N,2,0,0,2.0
27,48500,RENT,1.0,VENTURE,B,17500,12.42,1,0.36,N,9,1,1,97.0
34,109000,OWN,14.0,HOMEIMPROVEMENT,C,15000,13.61,0,0.14,Y,7,0,0,6.0
27,42000,RENT,3.0,DEBTCONSOLIDATION,B,8800,11.71,0,0.21,N,5,0,0,11.0
28,75000,RENT,0.0,VENTURE,A,5625,6.91,0,0.07,N,5,0,0,0.0
25,80004,RENT,5.0,EDUCATION,B,10000,9.62,0,0.12,N,4,0,0,1.0
27,63000,MORTGAGE,11.0,DEBTCONSOLIDATION,A,4400,5.99,0,0.07,N,8,0,0,3.0
24,95000,RENT,8.0,PERSONAL,D,17200,17.58,0,0.18,N,3,0,0,18.0
24,90000,RENT,8.0,PERSONAL,B,10000,10.99,0,0.11,N,4,0,0,2.0
23,44400,MORTGAGE,3.0,EDUCATION,A,6500,7.51,0,0.15,N,4,0,0,10.0
35,54996,RENT,12.0,HOMEIMPROVEMENT,A,20000,6.62,1,0.36,N,9,1,1,91.0
32,62000,RENT,1.0,HOMEIMPROVEMENT,B,8000,9.99,0,0.13,N,5,0,0,11.0
47,25000,OWN,2.0,PERSONAL,C,10750,14.22,0,0.43,Y,16,0,0,15.0
32,140000,MORTGAGE,0.0,HOMEIMPROVEMENT,A,18000,6.17,0,0.13,N,5,0,0,1.0
27,52000,RENT,2.0,PERSONAL,C,11000,11.34,0,0.21,N,9,0,0,4.0
23,130000,RENT,3.0,MEDICAL,B,8000,11.99,0,0.06,N,3,0,0,1.0
26,61000,MORTGAGE,4.0,PERSONAL,A,8000,7.49,0,0.13,N,2,0,0,4.0
21,39996,RENT,2.0,EDUCATION,A,10000,8.59,0,0.25,N,4,0,0,6.0
22,52000,MORTGAGE,6.0,EDUCATION,C,9750,13.06,0,0.19,N,3,0,0,4.0
23,112976,MORTGAGE,2.0,MEDICAL,A,20000,6.91,0,0.18,N,2,0,0,1.0
23,24000,RENT,4.0,VENTURE,B,1500,11.49,0,0.06,N,2,0,0,9.0
23,98000,MORTGAGE,7.0,VENTURE,A,10000,7.49,0,0.1,N,4,0,0,0.0
29,32000,RENT,6.0,MEDICAL,C,10800,13.57,1,0.34,N,5,1,1,98.0
23,34884,RENT,3.0,EDUCATION,A,2000,6.92,0,0.06,N,2,0,0,8.0
22,28800,RENT,0.0,VENTURE,A,3500,7.49,0,0.12,N,2,0,0,3.0
22,140000,RENT,0.0,EDUCATION,B,10000,9.99,0,0.07,N,2,0,0,2.0
25,48000,RENT,0.0,MEDICAL,C,12000,13.49,0,0.25,Y,2,0,0,8.0
20,135000,MORTGAGE,1.0,VENTURE,C,15000,15.96,0,0.11,Y,2,0,0,10.0
27,21600,RENT,2.0,MEDICAL,B,8000,10.59,1,0.37,N,5,1,1,99.0
31,66000,RENT,11.0,HOMEIMPROVEMENT,B,10500,12.69,0,0.16,N,10,0,0,8.0
32,227500,RENT,3.0,HOMEIMPROVEMENT,C,25000,12.53,0,0.11,N,10,0,0,5.0
21,29000,RENT,5.0,MEDICAL,D,7000,12.61,1,0.24,Y,2,1,1,75.0
23,23148,RENT,0.0,DEBTCONSOLIDATION,B,8000,10.99,1,0.35,N,4,1,1,99.0
29,84000,RENT,9.0,DEBTCONSOLIDATION,C,13000,12.53,0,0.15,Y,7,0,0,1.0
22,31200,RENT,0.0,MEDICAL,C,10600,12.99,1,0.34,N,2,1,1,100.0
26,49000,RENT,0.0,HOMEIMPROVEMENT,F,20000,19.79,1,0.41,N,3,1,1,100.0
32,54000,MORTGAGE,16.0,MEDICAL,A,10000,7.74,0,0.19,N,7,0,0,8.0
26,110000,RENT,4.0,VENTURE,B,12000,10.99,0,0.11,N,2,0,0,1.0
22,54000,RENT,5.0,HOMEIMPROVEMENT,D,3200,16.49,1,0.06,N,2,1,1,66.0
23,48000,OWN,6.0,EDUCATION,B,5000,10.08,0,0.1,N,4,0,0,2.0
24,20485,RENT,4.0,PERSONAL,A,5575,7.9,0,0.27,N,4,0,0,6.0
25,35000,RENT,9.0,MEDICAL,A,7200,8.9,0,0.21,N,3,0,0,13.0
25,60000,MORTGAGE,8.0,EDUCATION,C,8000,13.49,0,0.13,N,3,0,0,7.000000000000001
28,42000,OWN,4.0,PERSONAL,C,8000,15.96,0,0.19,N,7,0,0,15.0
34,23000,OWN,2.0,VENTURE,A,2500,7.49,0,0.11,N,9,0,0,0.0
22,60000,RENT,0.0,DEBTCONSOLIDATION,C,9000,13.49,0,0.15,N,2,0,0,0.0
36,31200,RENT,9.0,PERSONAL,B,3000,12.42,0,0.1,N,12,0,0,23.0
22,31215,OWN,4.0,EDUCATION,B,14000,9.91,0,0.45,N,3,0,0,4.0
26,76250,RENT,6.0,VENTURE,B,10000,10.71,0,0.13,N,3,0,0,1.0
24,85000,MORTGAGE,4.0,MEDICAL,B,2500,10.38,0,0.03,N,4,0,0,12.0
31,30000,MORTGAGE,4.0,EDUCATION,B,1200,10.99,0,0.04,N,8,0,0,31.0
23,77200,RENT,1.0,EDUCATION,B,3000,9.63,0,0.04,N,2,0,0,11.0
23,27600,MORTGAGE,4.0,EDUCATION,A,9800,7.29,0,0.36,N,4,0,0,9.0
26,64000,RENT,8.0,DEBTCONSOLIDATION,B,7500,9.83,0,0.12,N,3,0,0,5.0
21,53851,MORTGAGE,2.0,DEBTCONSOLIDATION,B,12000,10.0,0,0.22,N,2,0,0,6.0
25,39000,MORTGAGE,9.0,MEDICAL,A,4500,6.54,0,0.12,N,4,0,0,8.0
28,72000,MORTGAGE,13.0,PERSONAL,C,16000,14.26,0,0.22,N,9,0,0,10.0
24,69600,RENT,2.0,PERSONAL,A,10000,8.38,0,0.14,N,2,0,0,3.0
31,116400,RENT,3.0,VENTURE,B,8900,10.0,0,0.08,N,5,0,0,0.0
26,105000,MORTGAGE,1.0,VENTURE,B,20000,10.99,0,0.19,N,4,0,0,1.0
22,137004,MORTGAGE,3.0,DEBTCONSOLIDATION,A,10000,5.79,0,0.07,N,4,0,0,0.0
36,160000,MORTGAGE,5.0,EDUCATION,C,10000,12.73,0,0.06,Y,15,0,0,12.0
24,40000,RENT,2.0,PERSONAL,B,2000,11.99,0,0.05,N,4,0,0,9.0
27,117000,RENT,2.0,EDUCATION,A,10000,8.0,0,0.09,N,10,0,0,0.0
29,72000,MORTGAGE,13.0,VENTURE,A,22100,7.29,0,0.31,N,5,0,0,7.000000000000001
29,65000,MORTGAGE,1.0,HOMEIMPROVEMENT,A,9600,5.79,0,0.15,N,5,0,0,2.0
35,91000,OWN,0.0,EDUCATION,A,10000,8.59,0,0.11,N,9,0,0,0.0
23,40000,MORTGAGE,4.0,PERSONAL,B,6000,10.99,0,0.15,N,2,0,0,10.0
27,130000,OWN,3.0,MEDICAL,A,15000,6.03,0,0.12,N,10,0,0,3.0
25,24996,RENT,8.0,VENTURE,C,2500,12.98,0,0.1,N,4,0,0,4.0
40,45600,MORTGAGE,20.0,HOMEIMPROVEMENT,A,7000,6.62,0,0.15,N,17,0,0,5.0
28,77385,RENT,3.0,MEDICAL,A,6000,7.66,0,0.08,N,6,0,0,0.0
21,16800,MORTGAGE,0.0,VENTURE,B,6000,10.39,1,0.36,N,4,1,1,91.0
23,69996,RENT,7.0,DEBTCONSOLIDATION,C,5600,13.11,0,0.08,N,4,0,0,5.0
35,74000,MORTGAGE,13.0,DEBTCONSOLIDATION,A,5000,7.9,0,0.07,N,5,0,0,9.0
25,28800,RENT,5.0,PERSONAL,A,5575,6.62,0,0.19,N,4,0,0,2.0
25,150000,MORTGAGE,5.0,DEBTCONSOLIDATION,A,10000,6.54,0,0.07,N,4,0,0,0.0
28,54400,RENT,0.0,MEDICAL,D,10200,16.89,1,0.16,N,5,1,1,97.0
26,97700,MORTGAGE,1.0,DEBTCONSOLIDATION,A,10400,9.32,0,0.11,N,3,0,0,3.0
24,162000,MORTGAGE,8.0,DEBTCONSOLIDATION,C,16000,15.96,0,0.1,Y,2,0,0,25.0
21,23000,RENT,5.0,PERSONAL,C,6250,13.48,0,0.27,Y,3,0,0,12.0
23,50000,RENT,0.0,EDUCATION,A,3000,6.91,0,0.06,N,2,0,0,1.0
35,46900,RENT,14.0,MEDICAL,C,14000,14.27,1,0.3,Y,5,0,1,52.0
25,49000,RENT,8.0,EDUCATION,C,6000,13.49,0,0.12,Y,2,0,0,23.0
22,44400,RENT,2.0,PERSONAL,E,10800,18.79,1,0.24,N,3,1,1,73.0
25,135000,RENT,8.0,PERSONAL,B,24000,10.99,0,0.18,N,2,0,0,1.0
25,80000,MORTGAGE,9.0,DEBTCONSOLIDATION,A,10250,5.42,0,0.13,N,4,0,0,1.0
45,34000,RENT,1.0,EDUCATION,A,5000,7.49,0,0.15,N,11,1,0,17.0
28,100000,MORTGAGE,3.0,EDUCATION,C,8000,13.98,0,0.08,Y,6,0,0,5.0
37,45000,RENT,6.0,PERSONAL,B,14000,11.36,1,0.31,N,16,1,1,97.0
23,33000,RENT,0.0,PERSONAL,B,7800,10.95,0,0.24,N,2,1,0,37.0
22,64000,RENT,7.0,EDUCATION,D,13000,14.11,0,0.2,Y,3,0,0,28.999999999999996
24,40000,RENT,8.0,MEDICAL,B,2800,10.25,0,0.07,N,2,0,0,6.0
25,28800,RENT,0.0,DEBTCONSOLIDATION,B,5500,9.76,0,0.19,N,4,0,0,5.0
33,132444,RENT,4.0,EDUCATION,B,2000,11.36,0,0.02,N,9,0,0,7.000000000000001
21,18000,RENT,5.0,MEDICAL,B,1500,12.18,1,0.08,N,3,1,1,59.0
29,83500,RENT,1.0,HOMEIMPROVEMENT,C,15000,13.43,0,0.18,Y,10,0,0,6.0
31,92000,MORTGAGE,6.0,VENTURE,A,6000,7.49,0,0.07,N,8,0,0,0.0
36,30000,RENT,7.0,EDUCATION,B,4000,10.74,0,0.13,N,12,0,0,8.0
30,110000,OWN,14.0,VENTURE,C,12000,13.57,0,0.11,Y,7,0,0,1.0
21,40000,RENT,3.0,EDUCATION,A,4000,7.51,0,0.1,N,2,0,0,6.0
35,39996,MORTGAGE,0.0,MEDICAL,D,15000,14.42,1,0.38,N,6,1,1,57.99999999999999
26,49680,RENT,1.0,MEDICAL,C,5875,12.99,0,0.12,Y,3,0,0,3.0
23,50000,RENT,0.0,MEDICAL,C,5600,11.03,0,0.11,Y,4,0,0,8.0
23,120000,MORTGAGE,0.0,EDUCATION,C,23000,11.03,0,0.19,N,2,0,0,9.0
23,99670,MORTGAGE,2.0,PERSONAL,D,5500,14.74,0,0.06,N,4,0,0,9.0
26,85000,MORTGAGE,10.0,VENTURE,C,2200,13.43,0,0.03,N,3,0,0,8.0
27,53004,MORTGAGE,10.0,DEBTCONSOLIDATION,B,5600,11.86,0,0.11,N,6,0,0,12.0
24,45000,RENT,8.0,MEDICAL,E,20000,16.77,1,0.44,N,2,1,1,99.0
24,35000,MORTGAGE,3.0,MEDICAL,C,15000,14.27,0,0.43,N,2,0,0,32.0
29,108000,MORTGAGE,0.0,HOMEIMPROVEMENT,C,20000,10.59,0,0.19,Y,7,0,0,19.0
23,61000,RENT,3.0,DEBTCONSOLIDATION,A,2500,7.49,0,0.04,N,3,0,0,1.0
23,18000,RENT,1.0,HOMEIMPROVEMENT,D,3000,15.99,1,0.17,Y,2,1,1,99.0
36,56900,MORTGAGE,16.0,VENTURE,G,6200,20.11,1,0.11,N,11,1,1,60.0
25,150000,RENT,2.0,HOMEIMPROVEMENT,A,8750,7.74,0,0.06,N,4,0,0,2.0
23,120000,MORTGAGE,3.0,MEDICAL,B,30000,11.49,0,0.25,N,4,0,0,6.0
21,65000,MORTGAGE,5.0,VENTURE,A,10000,6.03,0,0.15,N,3,0,0,0.0
29,66000,MORTGAGE,10.0,DEBTCONSOLIDATION,B,7000,9.91,0,0.11,N,10,0,0,2.0
23,98000,OWN,6.0,EDUCATION,D,10000,18.07,0,0.1,Y,3,0,0,6.0
29,37000,MORTGAGE,5.0,HOMEIMPROVEMENT,B,4800,10.36,0,0.13,N,7,0,0,14.000000000000002
23,80000,RENT,5.0,VENTURE,B,5000,12.42,0,0.06,N,4,0,0,1.0
27,19200,OWN,3.0,PERSONAL,A,8000,8.9,1,0.42,N,8,1,1,95.0
27,58000,RENT,2.0,EDUCATION,B,4000,9.67,0,0.07,N,9,0,0,8.0
29,48000,OWN,1.0,PERSONAL,E,15000,18.64,0,0.31,N,9,0,0,42.0
26,32000,RENT,3.0,DEBTCONSOLIDATION,A,5000,7.49,0,0.16,N,2,0,0,5.0
29,108996,MORTGAGE,12.0,VENTURE,E,22000,16.77,0,0.2,Y,5,0,0,21.0
24,105508,MORTGAGE,8.0,MEDICAL,A,3500,7.66,0,0.03,N,4,0,0,3.0
28,65000,MORTGAGE,12.0,EDUCATION,B,15000,9.99,0,0.23,N,10,0,0,9.0
24,80000,RENT,6.0,EDUCATION,A,25000,6.62,1,0.31,N,2,1,1,71.0
24,73000,MORTGAGE,4.0,EDUCATION,A,6500,5.42,0,0.09,N,2,0,0,0.0
23,38400,MORTGAGE,7.0,VENTURE,A,2000,7.49,0,0.05,N,2,0,0,0.0
23,46000,RENT,3.0,MEDICAL,D,15000,16.0,1,0.33,N,4,1,1,98.0
23,42000,MORTGAGE,3.0,DEBTCONSOLIDATION,C,1800,12.99,0,0.04,Y,3,1,0,11.0
24,62400,MORTGAGE,8.0,PERSONAL,A,4000,8.9,0,0.06,N,4,0,0,1.0
25,100000,MORTGAGE,9.0,PERSONAL,A,6000,8.9,0,0.06,N,3,0,0,3.0
30,55000,MORTGAGE,3.0,DEBTCONSOLIDATION,B,12000,10.38,0,0.22,N,8,0,0,3.0
23,29856,RENT,0.0,PERSONAL,A,10300,8.94,1,0.34,N,2,1,1,100.0
32,73000,RENT,0.0,EDUCATION,B,22400,12.69,1,0.31,N,5,1,1,96.0
29,50000,RENT,0.0,VENTURE,B,6000,8.88,0,0.12,N,7,0,0,0.0
25,106226,MORTGAGE,9.0,EDUCATION,B,20000,12.18,0,0.19,N,4,0,0,3.0
30,110000,RENT,5.0,VENTURE,D,20000,14.11,0,0.18,Y,5,0,0,20.0
27,34000,RENT,10.0,MEDICAL,D,4000,17.19,1,0.12,Y,9,1,1,75.0
21,65004,MORTGAGE,5.0,EDUCATION,B,5000,9.99,0,0.08,N,4,0,0,4.0
22,22800,OWN,1.0,MEDICAL,A,9000,5.99,0,0.39,N,2,0,0,7.000000000000001
23,35000,RENT,3.0,DEBTCONSOLIDATION,B,12000,10.0,1,0.34,N,4,1,1,99.0
22,120000,MORTGAGE,0.0,EDUCATION,D,16800,15.62,0,0.14,N,4,0,0,12.0
24,95000,MORTGAGE,4.0,PERSONAL,B,25000,10.08,0,0.26,N,4,0,0,5.0
23,55392,RENT,3.0,MEDICAL,D,20000,15.2,1,0.31,Y,4,1,1,99.0
27,48000,MORTGAGE,0.0,HOMEIMPROVEMENT,B,8000,10.59,0,0.17,N,9,0,0,10.0
25,58000,MORTGAGE,9.0,MEDICAL,A,8500,7.14,0,0.15,N,3,0,0,9.0
27,190000,RENT,5.0,VENTURE,A,22000,6.91,0,0.12,N,8,0,0,1.0
29,30000,MORTGAGE,7.0,DEBTCONSOLIDATION,C,1500,13.16,0,0.05,N,8,0,0,31.0
22,48000,OWN,4.0,PERSONAL,B,2400,11.46,0,0.05,N,3,0,0,4.0
43,230004,MORTGAGE,19.0,HOMEIMPROVEMENT,D,25000,15.58,0,0.11,Y,15,0,0,15.0
23,39000,RENT,1.0,DEBTCONSOLIDATION,D,6000,15.99,1,0.15,Y,3,1,1,98.0
25,99996,MORTGAGE,3.0,VENTURE,A,8000,8.0,0,0.08,N,2,0,0,1.0
27,70000,RENT,11.0,HOMEIMPROVEMENT,D,8000,12.92,0,0.11,Y,6,0,0,40.0
39,53000,RENT,15.0,EDUCATION,A,6500,7.29,0,0.12,N,17,0,0,6.0
27,29120,RENT,6.0,MEDICAL,C,7200,13.11,0,0.25,N,6,0,0,19.0
29,94000,MORTGAGE,13.0,PERSONAL,A,30000,6.62,0,0.32,N,7,0,0,20.0
21,23004,RENT,5.0,VENTURE,B,1350,9.99,0,0.06,N,2,0,0,12.0
22,58000,RENT,5.0,PERSONAL,B,4000,10.0,0,0.07,N,4,0,0,7.000000000000001
35,200000,RENT,7.0,MEDICAL,B,5000,10.99,0,0.03,N,10,0,0,3.0
24,40000,RENT,6.0,EDUCATION,A,5000,6.17,0,0.13,N,2,0,0,1.0
22,29184,OWN,4.0,MEDICAL,A,1800,5.42,0,0.06,N,4,0,0,3.0
29,35000,RENT,2.0,DEBTCONSOLIDATION,B,2000,9.63,0,0.06,N,8,0,0,8.0
26,40000,RENT,1.0,MEDICAL,C,5000,14.26,0,0.13,Y,2,0,0,33.0
25,48000,MORTGAGE,3.0,DEBTCONSOLIDATION,C,1400,14.79,0,0.03,N,3,0,0,12.0
36,51000,MORTGAGE,2.0,VENTURE,B,1000,11.83,0,0.02,N,12,0,0,4.0
32,85000,RENT,9.0,EDUCATION,B,7200,11.58,0,0.08,N,10,0,0,2.0
21,24300,OWN,3.0,MEDICAL,B,4500,11.83,0,0.19,N,4,0,0,1.0
27,207182,MORTGAGE,11.0,VENTURE,B,22000,10.62,0,0.11,N,5,0,0,1.0
25,57000,RENT,5.0,PERSONAL,A,6000,8.0,0,0.11,N,3,0,0,1.0
23,62000,RENT,2.0,MEDICAL,A,4200,5.42,0,0.07,N,3,0,0,1.0
25,22812,RENT,5.0,EDUCATION,D,4125,14.54,0,0.18,Y,2,0,0,41.0
26,80040,MORTGAGE,6.0,PERSONAL,A,10000,7.49,0,0.12,N,2,1,0,3.0
27,18000,RENT,0.0,PERSONAL,B,8000,10.25,1,0.44,N,10,1,1,100.0
27,87000,MORTGAGE,11.0,VENTURE,C,21125,13.92,0,0.24,N,5,0,0,13.0
22,34977,MORTGAGE,5.0,PERSONAL,D,13000,16.0,0,0.37,N,2,0,0,44.0
24,42000,RENT,1.0,PERSONAL,A,3500,7.49,0,0.08,N,3,0,0,6.0
22,84000,MORTGAGE,6.0,PERSONAL,B,12000,11.99,0,0.14,N,3,0,0,2.0
29,120000,MORTGAGE,7.0,VENTURE,C,12000,13.48,0,0.1,N,7,0,0,1.0
29,121000,RENT,3.0,VENTURE,B,3000,10.25,0,0.02,N,9,0,0,3.0
23,92004,RENT,6.0,PERSONAL,C,30000,15.23,1,0.33,Y,3,1,1,92.0
28,112200,RENT,11.0,DEBTCONSOLIDATION,C,7000,11.66,0,0.06,Y,7,0,0,1.0
24,70000,MORTGAGE,6.0,VENTURE,A,6000,7.88,0,0.09,N,3,0,0,0.0
25,59000,MORTGAGE,6.0,MEDICAL,A,5100,8.32,0,0.09,N,3,0,0,25.0
26,21600,RENT,9.0,VENTURE,B,7200,10.38,1,0.33,N,3,1,1,92.0
40,86500,MORTGAGE,2.0,DEBTCONSOLIDATION,B,10000,10.25,0,0.12,N,14,0,0,2.0
36,70000,MORTGAGE,16.0,VENTURE,B,10000,9.88,0,0.14,N,14,0,0,2.0
23,64000,RENT,2.0,PERSONAL,B,16000,10.74,0,0.25,N,3,0,0,11.0
25,50000,MORTGAGE,5.0,DEBTCONSOLIDATION,A,4000,7.49,0,0.08,N,4,0,0,0.0
35,59000,RENT,11.0,DEBTCONSOLIDATION,C,2000,13.48,0,0.03,Y,7,0,0,28.000000000000004
27,87000,RENT,3.0,HOMEIMPROVEMENT,A,20000,7.49,0,0.23,N,8,0,0,3.0
30,81120,OWN,3.0,EDUCATION,B,18000,10.75,0,0.22,N,10,0,0,2.0
25,63000,MORTGAGE,2.0,HOMEIMPROVEMENT,B,20000,9.99,0,0.32,N,2,0,0,15.0
27,35000,RENT,3.0,MEDICAL,B,10000,9.88,0,0.29,N,8,0,0,5.0
22,18000,OWN,1.0,HOMEIMPROVEMENT,A,3500,7.49,1,0.19,N,4,1,1,96.0
32,39000,MORTGAGE,7.0,HOMEIMPROVEMENT,D,2800,12.17,0,0.07,Y,6,1,0,34.0
23,33004,OWN,5.0,EDUCATION,A,5000,8.59,0,0.15,N,4,0,0,2.0
25,168000,MORTGAGE,2.0,PERSONAL,B,35000,10.65,0,0.21,N,2,0,0,19.0
28,200000,MORTGAGE,2.0,PERSONAL,A,15000,6.03,0,0.07,N,6,0,0,0.0
34,37000,OWN,17.0,EDUCATION,A,5000,7.9,0,0.14,N,10,0,0,3.0
25,25000,RENT,4.0,DEBTCONSOLIDATION,B,8500,11.26,1,0.34,N,2,1,1,97.0
28,12000,RENT,0.0,MEDICAL,B,4000,10.99,1,0.33,N,9,1,1,100.0
27,20000,RENT,1.0,EDUCATION,C,6000,13.11,0,0.3,Y,5,0,0,15.0
29,170000,MORTGAGE,7.0,PERSONAL,C,35000,12.99,0,0.21,Y,5,0,0,8.0
27,132000,RENT,6.0,DEBTCONSOLIDATION,C,20000,12.73,0,0.15,N,10,0,0,5.0
25,102000,MORTGAGE,4.0,MEDICAL,B,25000,10.99,0,0.21,N,2,1,0,3.0
27,14400,RENT,3.0,EDUCATION,F,2500,18.3,1,0.17,N,7,1,1,89.0
25,96000,RENT,9.0,HOMEIMPROVEMENT,A,7075,5.99,0,0.07,N,4,0,0,6.0
36,126252,RENT,18.0,MEDICAL,A,8000,7.14,0,0.06,N,11,0,0,2.0
33,49548,RENT,6.0,DEBTCONSOLIDATION,C,2800,12.84,0,0.06,Y,5,0,0,3.0
47,12000,OWN,4.0,MEDICAL,B,1950,12.69,1,0.16,N,12,1,1,90.0
25,61959,RENT,9.0,MEDICAL,C,25000,12.73,1,0.4,N,2,1,1,100.0
27,186000,MORTGAGE,0.0,HOMEIMPROVEMENT,B,3700,10.99,0,0.02,N,5,0,0,10.0
24,92341,RENT,9.0,HOMEIMPROVEMENT,A,12000,7.51,0,0.13,N,3,0,0,3.0
21,33000,RENT,5.0,EDUCATION,B,9000,12.69,0,0.27,N,3,0,0,49.0
28,70000,RENT,4.0,HOMEIMPROVEMENT,B,2400,10.65,0,0.03,N,7,0,0,2.0
34,106000,MORTGAGE,3.0,MEDICAL,A,9000,7.88,0,0.08,N,6,0,0,0.0
22,23800,RENT,2.0,VENTURE,A,8800,9.32,1,0.37,N,4,1,1,98.0
41,30000,RENT,3.0,PERSONAL,A,8875,5.42,0,0.3,N,16,0,0,7.000000000000001
23,33600,RENT,2.0,PERSONAL,B,1000,10.36,0,0.03,N,2,0,0,31.0
33,48000,MORTGAGE,1.0,DEBTCONSOLIDATION,A,6000,7.49,0,0.13,N,10,0,0,1.0
24,45000,RENT,5.0,VENTURE,A,7000,5.42,0,0.16,N,4,0,0,0.0
35,91000,OWN,0.0,MEDICAL,A,10000,8.59,0,0.11,N,8,0,0,0.0
47,30000,RENT,5.0,DEBTCONSOLIDATION,B,8000,12.18,0,0.27,N,11,1,0,36.0
35,28000,OWN,3.0,VENTURE,A,7600,6.62,0,0.27,N,10,0,0,0.0
24,51600,RENT,1.0,HOMEIMPROVEMENT,C,3000,12.68,0,0.06,Y,4,0,0,6.0
28,57000,RENT,0.0,HOMEIMPROVEMENT,B,6800,10.65,0,0.12,N,8,0,0,26.0
23,49000,MORTGAGE,7.0,DEBTCONSOLIDATION,D,5000,15.21,1,0.1,Y,3,1,1,92.0
43,36000,RENT,4.0,PERSONAL,A,10400,7.66,0,0.29,N,14,0,0,6.0
27,75600,MORTGAGE,4.0,PERSONAL,C,25000,13.61,0,0.33,N,6,0,0,23.0
25,34800,RENT,0.0,MEDICAL,C,1000,13.98,0,0.03,Y,3,0,0,19.0
31,140000,MORTGAGE,15.0,DEBTCONSOLIDATION,A,12000,7.88,0,0.09,N,9,0,0,0.0
28,95000,MORTGAGE,0.0,MEDICAL,C,11000,13.06,0,0.12,Y,9,0,0,6.0
28,20400,MORTGAGE,4.0,EDUCATION,A,2075,7.88,0,0.1,N,8,0,0,20.0
22,45000,RENT,2.0,EDUCATION,A,3000,7.49,0,0.07,N,3,0,0,1.0
23,30000,MORTGAGE,5.0,MEDICAL,A,1000,7.4,0,0.03,N,2,0,0,32.0
22,79000,RENT,3.0,DEBTCONSOLIDATION,A,10000,7.88,0,0.13,N,2,0,0,6.0
21,30000,RENT,0.0,EDUCATION,A,4200,6.92,0,0.14,N,4,0,0,8.0
34,77000,MORTGAGE,18.0,EDUCATION,B,15000,11.14,0,0.19,N,6,1,0,14.000000000000002
23,133000,MORTGAGE,2.0,EDUCATION,A,24000,7.49,0,0.18,N,4,0,0,0.0
23,60000,MORTGAGE,7.0,MEDICAL,A,7000,7.9,0,0.12,N,4,0,0,5.0
39,40000,RENT,1.0,MEDICAL,A,3300,7.49,0,0.08,N,13,0,0,6.0
28,64775,RENT,9.0,PERSONAL,C,6400,12.87,0,0.1,Y,10,1,0,6.0
31,75000,MORTGAGE,8.0,EDUCATION,D,16500,16.77,0,0.22,Y,8,0,0,14.000000000000002
26,125000,RENT,3.0,MEDICAL,A,12000,6.99,0,0.1,N,4,0,0,3.0
31,65200,MORTGAGE,7.0,PERSONAL,A,7000,8.0,0,0.11,N,8,0,0,0.0
36,900000,MORTGAGE,8.0,PERSONAL,B,6000,10.99,0,0.01,N,12,0,0,3.0
24,32304,RENT,8.0,MEDICAL,B,1500,9.91,0,0.05,N,3,1,0,22.0
32,81400,RENT,2.0,VENTURE,D,20000,14.84,1,0.25,Y,6,1,1,83.0
31,24000,OWN,0.0,VENTURE,B,6200,11.14,0,0.26,N,10,0,0,0.0
38,140000,MORTGAGE,2.0,MEDICAL,B,8000,10.95,0,0.06,N,14,0,0,5.0
24,120000,RENT,4.0,HOMEIMPROVEMENT,C,10000,13.61,0,0.08,Y,4,0,0,8.0
25,56000,RENT,1.0,HOMEIMPROVEMENT,B,6000,10.74,0,0.11,N,2,0,0,9.0
22,51000,MORTGAGE,3.0,DEBTCONSOLIDATION,A,10000,8.49,0,0.2,N,3,0,0,6.0
21,18000,RENT,0.0,DEBTCONSOLIDATION,A,3000,7.9,1,0.17,N,2,1,1,95.0
31,95000,MORTGAGE,5.0,DEBTCONSOLIDATION,B,15000,11.14,0,0.16,N,9,0,0,0.0
22,74000,MORTGAGE,6.0,EDUCATION,B,9000,10.99,0,0.12,N,2,0,0,7.000000000000001
25,49000,MORTGAGE,2.0,HOMEIMPROVEMENT,B,18225,10.0,0,0.37,N,4,0,0,9.0
24,87000,MORTGAGE,6.0,PERSONAL,B,6000,10.65,0,0.07,N,4,0,0,0.0
28,72000,MORTGAGE,12.0,MEDICAL,A,4500,6.62,0,0.06,N,8,0,0,3.0
24,60996,RENT,8.0,HOMEIMPROVEMENT,A,5000,7.49,0,0.08,N,2,0,0,7.000000000000001
28,285000,MORTGAGE,4.0,PERSONAL,E,25000,16.32,0,0.09,N,6,0,0,43.0
29,120000,MORTGAGE,3.0,MEDICAL,C,6250,12.53,0,0.05,Y,8,0,0,4.0
39,40000,OWN,4.0,HOMEIMPROVEMENT,A,15000,5.42,0,0.38,N,13,0,0,6.0
23,85596,MORTGAGE,5.0,VENTURE,B,6000,10.0,0,0.07,N,2,0,0,0.0
25,134000,RENT,7.0,MEDICAL,B,25000,10.62,0,0.19,N,2,0,0,2.0
27,175000,MORTGAGE,11.0,HOMEIMPROVEMENT,A,11500,7.51,0,0.07,N,7,0,0,4.0
22,41300,RENT,1.0,VENTURE,A,5800,7.43,0,0.14,N,3,0,0,0.0
24,50000,RENT,1.0,HOMEIMPROVEMENT,D,5000,15.62,1,0.1,N,4,1,1,93.0
29,76000,OWN,13.0,MEDICAL,D,28000,16.77,0,0.37,N,10,0,0,42.0
21,65253,MORTGAGE,5.0,VENTURE,A,16075,7.49,0,0.25,N,3,0,0,0.0
21,26000,RENT,4.0,EDUCATION,C,7750,13.16,0,0.3,Y,3,0,0,27.0
28,69000,MORTGAGE,9.0,MEDICAL,B,4000,9.91,0,0.06,N,6,0,0,2.0
42,42000,RENT,6.0,EDUCATION,D,14500,15.57,1,0.35,N,14,1,1,96.0
22,70000,RENT,0.0,EDUCATION,B,6000,11.89,0,0.09,N,2,0,0,7.000000000000001
22,43000,MORTGAGE,3.0,EDUCATION,A,2000,7.49,0,0.05,N,3,0,0,9.0
44,58000,MORTGAGE,13.0,VENTURE,D,6400,16.29,0,0.11,N,13,0,0,36.0
23,92004,RENT,2.0,DEBTCONSOLIDATION,B,8000,11.49,0,0.09,N,4,0,0,3.0
25,65000,RENT,8.0,EDUCATION,C,6000,13.06,0,0.09,Y,3,0,0,7.000000000000001
23,54000,MORTGAGE,7.0,MEDICAL,B,8800,10.99,0,0.16,N,4,0,0,2.0
25,60000,RENT,1.0,VENTURE,A,8000,5.42,0,0.13,N,2,0,0,0.0
23,88000,RENT,0.0,PERSONAL,D,12000,14.61,1,0.14,Y,4,1,1,81.0
25,58650,RENT,7.0,MEDICAL,D,5600,14.84,1,0.08,N,4,1,1,93.0
37,40000,RENT,8.0,VENTURE,B,5000,12.18,0,0.13,N,12,0,0,3.0
21,68000,RENT,3.0,MEDICAL,C,3000,11.78,0,0.04,Y,4,0,0,13.0
21,38400,MORTGAGE,0.0,EDUCATION,A,4200,7.49,0,0.11,N,2,0,0,5.0
22,42000,MORTGAGE,6.0,EDUCATION,C,6000,12.99,0,0.14,Y,2,0,0,16.0
27,92000,MORTGAGE,11.0,EDUCATION,B,18000,11.48,0,0.2,N,7,0,0,1.0
29,30000,MORTGAGE,2.0,HOMEIMPROVEMENT,C,8000,12.84,0,0.27,N,8,0,0,48.0
44,80000,MORTGAGE,28.0,VENTURE,D,25000,15.33,0,0.31,Y,17,0,0,44.0
26,29000,RENT,1.0,EDUCATION,C,1000,11.28,0,0.03,N,3,1,0,28.999999999999996
27,24000,RENT,0.0,MEDICAL,A,10000,7.68,1,0.42,N,9,1,1,99.0
24,79800,RENT,8.0,HOMEIMPROVEMENT,B,2500,9.62,0,0.03,N,2,0,0,21.0
22,45000,OWN,4.0,PERSONAL,A,7000,6.62,0,0.16,N,3,0,0,2.0
25,78000,MORTGAGE,9.0,EDUCATION,B,14200,11.48,0,0.18,N,3,0,0,18.0
27,79000,MORTGAGE,6.0,VENTURE,A,13000,7.49,0,0.16,N,8,0,0,2.0
22,32484,MORTGAGE,6.0,HOMEIMPROVEMENT,A,6250,7.51,0,0.19,N,4,1,0,40.0
27,60000,RENT,0.0,HOMEIMPROVEMENT,A,6000,8.0,0,0.1,N,5,0,0,1.0
24,51000,RENT,1.0,EDUCATION,B,10000,11.83,0,0.2,N,2,0,0,2.0
27,60000,RENT,4.0,HOMEIMPROVEMENT,A,7200,8.9,0,0.12,N,7,0,0,0.0
34,115000,MORTGAGE,11.0,MEDICAL,A,6000,5.79,0,0.05,N,9,0,0,0.0
25,89000,RENT,4.0,VENTURE,B,1300,10.59,0,0.01,N,4,0,0,2.0
28,99996,RENT,7.0,MEDICAL,B,5000,11.49,0,0.05,N,10,0,0,3.0
23,76500,RENT,0.0,DEBTCONSOLIDATION,C,8000,14.26,0,0.1,N,4,1,0,11.0
25,69996,RENT,9.0,EDUCATION,D,25000,15.21,1,0.36,N,4,1,1,98.0
29,97000,RENT,4.0,VENTURE,B,25000,10.37,0,0.26,N,10,0,0,2.0
25,40000,MORTGAGE,9.0,MEDICAL,C,3500,13.49,0,0.09,Y,3,0,0,11.0
38,151000,MORTGAGE,8.0,DEBTCONSOLIDATION,A,35000,8.9,0,0.23,N,12,0,0,3.0
26,138000,MORTGAGE,4.0,EDUCATION,F,18000,16.4,0,0.13,N,3,1,0,39.0
22,37000,RENT,4.0,DEBTCONSOLIDATION,B,10000,10.99,0,0.27,N,2,0,0,10.0
22,45000,RENT,0.0,VENTURE,B,9000,11.48,0,0.2,N,4,0,0,0.0
25,52000,RENT,9.0,VENTURE,C,16000,13.98,1,0.31,N,4,1,1,97.0
25,24996,RENT,1.0,PERSONAL,C,4200,14.26,0,0.17,Y,2,0,0,26.0
33,50000,MORTGAGE,7.0,HOMEIMPROVEMENT,B,10000,9.99,0,0.2,N,7,0,0,3.0
24,110000,RENT,0.0,PERSONAL,B,6000,10.99,0,0.05,N,4,0,0,5.0
30,36000,OWN,6.0,MEDICAL,B,10000,12.69,0,0.28,N,10,0,0,3.0
25,84000,RENT,4.0,EDUCATION,B,6500,11.89,0,0.08,N,4,0,0,1.0
22,72060,MORTGAGE,7.0,EDUCATION,B,5500,11.71,0,0.08,N,3,0,0,6.0
25,102211,MORTGAGE,3.0,DEBTCONSOLIDATION,B,15000,11.58,0,0.15,N,2,0,0,2.0
21,60000,RENT,0.0,PERSONAL,A,12000,7.51,0,0.2,N,3,0,0,2.0
21,35000,RENT,5.0,MEDICAL,C,11300,13.49,1,0.32,N,3,1,1,96.0
33,35050,MORTGAGE,15.0,MEDICAL,A,8000,8.32,0,0.23,N,6,1,0,6.0
28,42000,MORTGAGE,4.0,PERSONAL,B,10000,10.75,0,0.24,N,9,0,0,8.0
27,45000,RENT,1.0,DEBTCONSOLIDATION,B,17475,11.99,1,0.39,N,8,1,1,99.0
32,44500,MORTGAGE,16.0,VENTURE,A,6000,8.9,0,0.13,N,9,0,0,2.0
28,63000,RENT,1.0,EDUCATION,C,11200,12.99,0,0.18,Y,7,0,0,3.0
26,71000,RENT,0.0,MEDICAL,B,11600,10.99,0,0.16,N,2,0,0,0.0
25,49000,RENT,10.0,EDUCATION,A,9600,7.51,0,0.2,N,2,1,0,49.0
34,37500,MORTGAGE,14.0,MEDICAL,B,12000,10.99,0,0.32,N,7,0,0,10.0
24,39000,RENT,0.0,EDUCATION,A,15000,9.63,1,0.38,N,4,1,1,98.0
22,88512,MORTGAGE,6.0,EDUCATION,A,3000,5.79,0,0.03,N,2,0,0,0.0
31,50000,RENT,15.0,PERSONAL,A,2000,5.42,0,0.04,N,8,1,0,3.0
22,29865,RENT,6.0,EDUCATION,B,5000,11.12,0,0.17,N,3,1,0,13.0
23,30000,RENT,1.0,DEBTCONSOLIDATION,A,1500,7.51,0,0.05,N,3,0,0,15.0
26,36000,MORTGAGE,10.0,VENTURE,A,9000,5.42,0,0.25,N,4,0,0,1.0
23,29376,RENT,3.0,VENTURE,A,5950,7.66,0,0.2,N,2,0,0,5.0
28,104000,MORTGAGE,12.0,PERSONAL,D,20000,15.31,0,0.19,N,9,0,0,6.0
29,100000,MORTGAGE,8.0,HOMEIMPROVEMENT,B,7000,9.88,0,0.07,N,10,0,0,4.0
23,135000,OWN,7.0,VENTURE,A,16000,6.91,0,0.12,N,3,0,0,0.0
25,85000,RENT,9.0,EDUCATION,A,5750,7.29,0,0.07,N,4,0,0,0.0
25,48000,MORTGAGE,3.0,DEBTCONSOLIDATION,B,4800,10.74,0,0.1,N,4,0,0,5.0
23,33000,RENT,8.0,DEBTCONSOLIDATION,A,12000,8.49,1,0.36,N,3,1,1,99.0
29,34000,MORTGAGE,0.0,MEDICAL,D,10200,17.27,1,0.3,Y,5,1,1,80.0
24,96000,MORTGAGE,8.0,HOMEIMPROVEMENT,A,11000,5.99,0,0.11,N,2,0,0,0.0
30,172000,MORTGAGE,13.0,VENTURE,B,20000,10.99,0,0.12,N,8,0,0,1.0
30,16000,MORTGAGE,2.0,MEDICAL,A,7275,5.42,1,0.45,N,10,1,1,95.0
22,33000,OWN,6.0,PERSONAL,B,12000,9.91,0,0.36,N,2,0,0,0.0
29,37920,RENT,2.0,PERSONAL,C,12000,13.48,1,0.32,Y,10,1,1,97.0
24,64000,MORTGAGE,2.0,DEBTCONSOLIDATION,E,12000,17.56,1,0.19,Y,4,1,1,76.0
33,172000,MORTGAGE,4.0,EDUCATION,B,16000,9.63,0,0.09,N,8,0,0,5.0
25,24000,OWN,0.0,MEDICAL,A,7000,9.63,0,0.29,N,3,0,0,4.0
29,55000,RENT,0.0,HOMEIMPROVEMENT,B,14000,11.58,0,0.25,N,6,0,0,23.0
25,43738,RENT,0.0,DEBTCONSOLIDATION,A,4500,5.99,0,0.1,N,3,0,0,9.0
27,258000,RENT,11.0,EDUCATION,E,35000,18.64,1,0.14,N,10,1,1,65.0
23,75000,MORTGAGE,3.0,VENTURE,C,10200,12.68,0,0.14,Y,2,0,0,27.0
26,62100,MORTGAGE,8.0,PERSONAL,C,1600,12.61,0,0.03,N,4,0,0,4.0
23,57850,MORTGAGE,8.0,EDUCATION,B,4000,10.99,0,0.07,N,2,0,0,6.0
26,37500,RENT,1.0,DEBTCONSOLIDATION,A,10000,8.94,0,0.27,N,3,0,0,8.0
23,40000,RENT,4.0,PERSONAL,C,3500,13.23,0,0.09,Y,2,0,0,7.000000000000001
25,50000,MORTGAGE,4.0,DEBTCONSOLIDATION,A,9000,6.03,0,0.18,N,2,0,0,4.0
26,34515,MORTGAGE,11.0,DEBTCONSOLIDATION,A,5400,7.68,0,0.16,N,4,0,0,10.0
27,35000,RENT,3.0,EDUCATION,B,10000,9.88,0,0.29,N,9,0,0,6.0
45,45000,MORTGAGE,20.0,PERSONAL,A,15625,8.9,0,0.35,N,13,0,0,10.0
24,15000,RENT,8.0,DEBTCONSOLIDATION,C,4200,13.11,1,0.28,Y,2,1,1,95.0
38,55000,RENT,9.0,HOMEIMPROVEMENT,D,3325,16.89,0,0.06,N,14,0,0,35.0
26,102000,MORTGAGE,5.0,PERSONAL,A,13000,5.42,0,0.13,N,3,0,0,0.0
33,78000,MORTGAGE,17.0,VENTURE,D,10000,15.31,0,0.13,N,10,0,0,19.0
33,24000,RENT,1.0,VENTURE,B,8000,11.12,1,0.33,N,9,1,1,95.0
25,100000,RENT,9.0,HOMEIMPROVEMENT,C,20000,13.06,0,0.2,Y,2,0,0,3.0
49,84240,MORTGAGE,4.0,MEDICAL,B,14000,11.89,0,0.17,N,17,0,0,2.0
23,140000,MORTGAGE,7.0,PERSONAL,A,12000,8.49,0,0.09,N,3,0,0,0.0
29,92250,RENT,2.0,MEDICAL,B,13000,10.99,0,0.14,N,9,0,0,2.0
46,87000,MORTGAGE,1.0,PERSONAL,C,20000,12.41,0,0.23,N,17,0,0,19.0
38,85000,RENT,1.0,VENTURE,B,14400,11.99,0,0.17,N,14,0,0,1.0
22,48000,MORTGAGE,6.0,PERSONAL,C,10000,13.49,0,0.21,N,2,0,0,9.0
23,73500,RENT,3.0,PERSONAL,B,15000,11.89,0,0.2,N,3,0,0,7.000000000000001
26,120000,RENT,3.0,HOMEIMPROVEMENT,A,5000,7.68,0,0.04,N,2,0,0,1.0
23,33195,RENT,5.0,MEDICAL,B,1800,11.99,0,0.05,N,3,0,0,16.0
23,35000,MORTGAGE,7.0,EDUCATION,A,2100,5.42,0,0.06,N,3,0,0,2.0
24,43275,RENT,4.0,MEDICAL,C,17000,13.47,1,0.39,N,3,1,1,98.0
23,116000,RENT,7.0,EDUCATION,A,11000,8.94,0,0.09,N,2,0,0,3.0
27,54000,RENT,2.0,MEDICAL,B,20000,10.99,1,0.37,N,8,1,1,98.0
25,72700,RENT,4.0,HOMEIMPROVEMENT,D,7000,14.84,0,0.1,Y,2,0,0,35.0
30,163000,MORTGAGE,15.0,PERSONAL,B,3500,10.65,0,0.02,N,8,1,0,3.0
35,110000,MORTGAGE,7.0,EDUCATION,A,10200,5.42,0,0.09,N,6,0,0,0.0
25,150000,MORTGAGE,8.0,DEBTCONSOLIDATION,C,5000,12.99,0,0.03,Y,4,0,0,4.0
22,35000,RENT,0.0,EDUCATION,A,3250,6.54,0,0.09,N,3,0,0,2.0
21,46002,MORTGAGE,4.0,VENTURE,D,4000,15.31,0,0.09,Y,3,0,0,28.999999999999996
36,103000,RENT,6.0,VENTURE,C,25000,12.53,0,0.24,Y,15,1,0,8.0
23,37000,RENT,4.0,PERSONAL,C,10000,13.23,0,0.27,N,3,0,0,10.0
27,90000,MORTGAGE,5.0,HOMEIMPROVEMENT,A,15000,7.49,0,0.17,N,5,0,0,0.0
23,38000,RENT,7.0,VENTURE,A,10000,7.51,0,0.26,N,4,0,0,1.0
29,35000,MORTGAGE,11.0,VENTURE,B,5000,10.65,0,0.14,N,9,0,0,0.0
47,65000,RENT,1.0,MEDICAL,C,3100,13.49,0,0.05,N,16,0,0,3.0
37,90000,RENT,21.0,VENTURE,A,10000,8.94,0,0.11,N,12,0,0,2.0
26,30720,RENT,4.0,DEBTCONSOLIDATION,B,10000,11.49,1,0.33,N,3,1,1,100.0
22,50000,RENT,4.0,MEDICAL,A,12500,7.29,0,0.25,N,2,0,0,6.0
25,40000,RENT,0.0,EDUCATION,A,6000,7.66,0,0.15,N,3,0,0,0.0
23,40000,RENT,3.0,VENTURE,B,1000,10.62,0,0.03,N,4,0,0,3.0
23,22000,MORTGAGE,5.0,DEBTCONSOLIDATION,A,1550,7.49,0,0.07,N,2,1,0,12.0
29,21864,RENT,1.0,PERSONAL,B,4000,12.42,0,0.18,N,7,0,0,24.0
32,50000,RENT,0.0,VENTURE,B,4675,10.0,0,0.09,N,7,0,0,0.0
26,60000,MORTGAGE,10.0,MEDICAL,A,5000,6.92,0,0.08,N,4,0,0,2.0
24,56004,RENT,2.0,MEDICAL,C,14000,12.61,0,0.25,N,2,0,0,5.0
23,39500,RENT,7.0,MEDICAL,A,11000,7.49,0,0.28,N,2,0,0,8.0
27,39000,RENT,0.0,MEDICAL,D,11000,16.07,1,0.28,Y,9,1,1,83.0
22,70000,MORTGAGE,6.0,PERSONAL,D,25000,15.31,0,0.36,Y,4,0,0,26.0
22,65856,MORTGAGE,6.0,MEDICAL,C,16800,13.92,0,0.26,N,2,0,0,33.0
23,60000,RENT,2.0,DEBTCONSOLIDATION,B,8000,10.99,0,0.13,N,3,0,0,1.0
24,42000,MORTGAGE,2.0,DEBTCONSOLIDATION,A,3500,8.94,0,0.08,N,3,1,0,19.0
28,43344,MORTGAGE,4.0,PERSONAL,B,10000,11.12,0,0.23,N,9,0,0,10.0
28,53500,RENT,4.0,VENTURE,B,5000,12.18,0,0.09,N,5,0,0,3.0
23,65000,MORTGAGE,7.0,VENTURE,B,13750,9.62,0,0.21,N,3,0,0,2.0
25,45000,RENT,2.0,DEBTCONSOLIDATION,A,11250,9.38,0,0.25,N,2,0,0,10.0
22,74000,RENT,7.0,DEBTCONSOLIDATION,D,24250,15.65,1,0.33,Y,2,1,1,99.0
29,105000,MORTGAGE,3.0,VENTURE,A,20000,6.91,0,0.19,N,8,0,0,0.0
25,35364,RENT,0.0,EDUCATION,A,10000,9.32,0,0.28,N,3,0,0,12.0
35,90000,RENT,3.0,PERSONAL,B,11000,11.99,0,0.12,N,10,0,0,0.0
28,79995,OWN,3.0,PERSONAL,C,15000,13.49,0,0.19,N,10,0,0,5.0
21,50500,RENT,0.0,MEDICAL,B,5000,10.37,0,0.1,N,3,0,0,2.0
33,30000,MORTGAGE,1.0,DEBTCONSOLIDATION,C,4000,13.49,0,0.13,Y,7,0,0,17.0
23,69000,OWN,7.0,MEDICAL,A,9000,5.99,0,0.13,N,3,0,0,0.0
31,116004,MORTGAGE,13.0,MEDICAL,A,6775,8.59,0,0.06,N,10,0,0,3.0
24,31776,RENT,6.0,VENTURE,A,4700,8.94,0,0.15,N,3,0,0,2.0
27,58500,RENT,11.0,VENTURE,B,6400,12.53,0,0.11,N,5,0,0,5.0
23,72250,MORTGAGE,7.0,MEDICAL,D,35000,15.99,1,0.41,N,2,1,1,98.0
28,25000,RENT,1.0,EDUCATION,A,5000,7.51,0,0.2,N,7,0,0,3.0
25,70000,MORTGAGE,9.0,PERSONAL,B,1000,12.69,0,0.01,N,2,0,0,8.0
36,62000,RENT,3.0,HOMEIMPROVEMENT,B,8000,11.12,0,0.13,N,12,0,0,5.0
37,25000,RENT,0.0,HOMEIMPROVEMENT,D,2775,15.65,1,0.11,N,12,1,1,96.0
23,49152,RENT,2.0,PERSONAL,A,6000,7.9,0,0.12,N,3,0,0,4.0
24,62900,RENT,1.0,MEDICAL,D,16800,15.65,1,0.23,N,4,1,1,98.0
52,48000,RENT,3.0,MEDICAL,C,11000,12.73,0,0.23,N,22,0,0,14.000000000000002
22,17280,RENT,0.0,EDUCATION,D,3500,15.31,1,0.2,Y,4,1,1,97.0
24,33660,RENT,3.0,PERSONAL,A,1800,7.51,0,0.05,N,4,0,0,15.0
28,30000,RENT,2.0,DEBTCONSOLIDATION,B,6000,11.49,0,0.2,N,9,1,0,13.0
25,62903,MORTGAGE,9.0,MEDICAL,B,3000,10.65,0,0.04,N,2,1,0,12.0
33,104000,MORTGAGE,15.0,MEDICAL,B,3500,10.74,0,0.03,N,6,0,0,3.0
27,64000,RENT,0.0,MEDICAL,C,12000,13.49,0,0.19,Y,5,0,0,1.0
31,76500,RENT,1.0,EDUCATION,B,14000,11.49,0,0.18,N,10,0,0,7.000000000000001
80,64000,RENT,7.0,MEDICAL,B,6800,11.71,0,0.11,N,25,0,0,9.0
22,41000,MORTGAGE,0.0,DEBTCONSOLIDATION,B,7750,9.88,0,0.19,N,3,0,0,8.0
29,61848,OWN,13.0,VENTURE,B,5000,10.38,0,0.08,N,10,0,0,0.0
22,54000,RENT,2.0,MEDICAL,D,7000,14.96,1,0.13,Y,2,1,1,98.0
28,27600,OWN,2.0,HOMEIMPROVEMENT,A,6000,8.9,0,0.22,N,8,0,0,8.0
24,30000,RENT,8.0,VENTURE,B,4800,11.49,0,0.16,N,2,0,0,5.0
25,46000,RENT,9.0,PERSONAL,A,12000,5.42,0,0.26,N,3,0,0,7.000000000000001
32,54000,RENT,2.0,HOMEIMPROVEMENT,E,6000,15.95,1,0.11,N,7,1,1,83.0
23,70000,RENT,8.0,DEBTCONSOLIDATION,A,6725,6.62,0,0.1,N,2,0,0,1.0
22,30000,RENT,7.0,MEDICAL,A,7200,8.9,0,0.24,N,2,1,0,34.0
24,82000,RENT,7.0,PERSONAL,B,17400,11.99,0,0.21,N,4,0,0,3.0
24,40000,RENT,0.0,VENTURE,B,8000,10.25,0,0.2,N,4,0,0,2.0
30,79000,MORTGAGE,11.0,DEBTCONSOLIDATION,C,20000,13.72,0,0.25,N,10,0,0,16.0
22,50000,OWN,3.0,VENTURE,A,6000,8.94,0,0.12,N,4,0,0,0.0
30,130000,MORTGAGE,1.0,HOMEIMPROVEMENT,C,8500,12.84,0,0.07,Y,5,0,0,8.0
25,17352,RENT,0.0,PERSONAL,B,2500,12.53,0,0.14,N,4,0,0,49.0
23,64500,MORTGAGE,4.0,EDUCATION,A,5000,7.49,0,0.08,N,2,0,0,5.0
22,29361,RENT,4.0,HOMEIMPROVEMENT,B,6450,10.99,1,0.22,N,3,1,1,81.0
26,18700,RENT,2.0,EDUCATION,A,1500,5.42,0,0.08,N,4,0,0,17.0
22,35004,OWN,3.0,VENTURE,A,3000,7.9,0,0.09,N,4,0,0,0.0
22,105000,MORTGAGE,6.0,MEDICAL,B,12800,11.83,0,0.12,N,2,0,0,1.0
22,20000,OWN,7.0,PERSONAL,B,3200,12.21,0,0.16,N,4,0,0,10.0
24,72000,MORTGAGE,1.0,VENTURE,A,12000,5.42,0,0.17,N,4,0,0,0.0
22,105000,MORTGAGE,3.0,PERSONAL,C,16000,12.73,0,0.15,Y,4,0,0,3.0
36,74000,RENT,10.0,EDUCATION,D,3600,15.62,0,0.05,Y,12,1,0,21.0
25,126000,MORTGAGE,9.0,EDUCATION,A,15000,7.9,0,0.12,N,3,0,0,0.0
37,36000,RENT,2.0,PERSONAL,B,4800,10.75,0,0.13,N,14,0,0,7.000000000000001
26,70000,MORTGAGE,10.0,DEBTCONSOLIDATION,B,2500,10.99,0,0.04,N,3,0,0,10.0
22,78000,MORTGAGE,6.0,MEDICAL,A,7750,7.51,0,0.1,N,4,0,0,3.0
23,60000,MORTGAGE,3.0,PERSONAL,C,12000,15.27,0,0.2,Y,4,0,0,11.0
39,29894,OWN,23.0,HOMEIMPROVEMENT,B,8000,9.63,0,0.27,N,17,0,0,13.0
23,28872,OWN,7.0,VENTURE,B,2000,10.37,0,0.07,N,3,0,0,3.0
24,115800,MORTGAGE,5.0,PERSONAL,B,12000,10.99,0,0.1,N,3,0,0,1.0
22,130000,MORTGAGE,6.0,MEDICAL,B,25000,11.83,0,0.19,N,3,0,0,2.0
24,30000,RENT,1.0,DEBTCONSOLIDATION,C,3000,13.98,0,0.1,Y,2,1,0,20.0
27,65000,MORTGAGE,5.0,VENTURE,B,13225,12.69,0,0.2,N,6,0,0,6.0
26,45000,RENT,1.0,MEDICAL,B,4000,12.21,0,0.09,N,2,0,0,11.0
21,102000,MORTGAGE,0.0,EDUCATION,D,18000,14.96,0,0.18,N,3,0,0,13.0
24,40000,RENT,2.0,PERSONAL,A,8000,6.17,0,0.2,N,2,0,0,2.0
25,58000,MORTGAGE,7.0,DEBTCONSOLIDATION,B,7200,11.71,0,0.12,N,3,0,0,14.000000000000002
34,53995,RENT,10.0,PERSONAL,B,5000,9.63,0,0.09,N,6,0,0,18.0
22,11220,RENT,4.0,MEDICAL,C,1000,12.99,0,0.09,N,4,0,0,33.0
22,54996,RENT,0.0,EDUCATION,C,5000,12.54,0,0.09,Y,3,0,0,9.0
26,83004,RENT,7.0,EDUCATION,A,5450,7.9,0,0.07,N,4,0,0,1.0
36,63177,MORTGAGE,3.0,MEDICAL,A,6250,7.49,0,0.1,N,12,0,0,0.0
36,65000,MORTGAGE,3.0,EDUCATION,A,6500,5.79,0,0.1,N,12,0,0,1.0
22,97000,MORTGAGE,0.0,EDUCATION,C,7500,11.34,0,0.08,Y,4,0,0,16.0
38,90000,MORTGAGE,9.0,EDUCATION,B,9300,11.83,0,0.1,N,17,0,0,10.0
22,70000,MORTGAGE,3.0,VENTURE,B,14400,11.71,0,0.21,N,4,0,0,3.0
30,74000,MORTGAGE,0.0,PERSONAL,A,7625,7.49,0,0.1,N,5,0,0,5.0
23,12996,OWN,0.0,DEBTCONSOLIDATION,C,2400,13.49,1,0.18,Y,2,1,1,95.0
23,49000,RENT,6.0,DEBTCONSOLIDATION,A,6000,7.9,0,0.12,N,3,0,0,3.0
31,53000,MORTGAGE,15.0,HOMEIMPROVEMENT,A,15875,7.9,0,0.3,N,5,0,0,46.0
52,54833,RENT,14.0,HOMEIMPROVEMENT,A,20000,7.49,1,0.36,N,25,1,1,97.0
22,57000,RENT,0.0,DEBTCONSOLIDATION,C,1800,14.27,0,0.03,N,3,0,0,5.0
38,40320,MORTGAGE,4.0,EDUCATION,D,15000,16.07,0,0.37,N,14,0,0,39.0
29,54000,MORTGAGE,1.0,PERSONAL,G,25000,20.16,1,0.46,Y,8,1,1,81.0
28,96000,RENT,5.0,VENTURE,B,5000,11.12,0,0.05,N,7,0,0,1.0
21,46500,MORTGAGE,5.0,EDUCATION,D,1300,14.96,0,0.03,N,2,0,0,32.0
39,200000,MORTGAGE,19.0,EDUCATION,B,18000,10.99,0,0.09,N,13,0,0,7.000000000000001
37,85000,OWN,3.0,EDUCATION,F,10000,18.43,0,0.12,Y,16,0,0,24.0
23,56016,RENT,4.0,EDUCATION,E,5000,15.13,0,0.09,N,3,0,0,46.0
29,30000,RENT,1.0,DEBTCONSOLIDATION,E,15000,16.4,1,0.5,N,10,1,1,100.0
21,20000,RENT,4.0,MEDICAL,B,8000,12.21,1,0.4,N,4,1,1,100.0
38,18000,RENT,4.0,EDUCATION,C,3000,13.23,1,0.17,Y,14,1,1,89.0
37,42500,RENT,1.0,MEDICAL,A,3600,7.88,0,0.08,N,12,0,0,9.0
23,52000,MORTGAGE,5.0,EDUCATION,B,12800,10.65,0,0.25,N,2,0,0,3.0
27,132000,RENT,2.0,HOMEIMPROVEMENT,B,15000,11.12,0,0.11,N,5,0,0,5.0
32,45000,MORTGAGE,12.0,EDUCATION,A,4800,7.49,0,0.11,N,7,0,0,5.0
25,35000,RENT,3.0,VENTURE,B,2400,12.53,0,0.07,N,3,0,0,0.0
31,68400,MORTGAGE,3.0,EDUCATION,B,15000,11.71,0,0.22,N,5,0,0,11.0
24,65453,RENT,9.0,MEDICAL,D,24250,15.7,1,0.31,N,2,1,1,99.0
26,48000,MORTGAGE,10.0,DEBTCONSOLIDATION,C,11000,13.49,0,0.23,N,3,0,0,20.0
25,42000,MORTGAGE,9.0,HOMEIMPROVEMENT,B,12000,9.91,0,0.29,N,2,0,0,21.0
27,33000,MORTGAGE,6.0,VENTURE,A,12000,7.51,0,0.36,N,7,0,0,14.000000000000002
26,96640,OTHER,8.0,EDUCATION,B,25000,11.58,0,0.26,N,2,0,0,7.000000000000001
26,66000,MORTGAGE,5.0,MEDICAL,B,15000,9.88,0,0.23,N,4,0,0,12.0
30,57120,RENT,3.0,DEBTCONSOLIDATION,B,2750,10.37,0,0.05,N,5,0,0,4.0
27,22800,RENT,5.0,PERSONAL,C,3500,13.99,0,0.15,Y,10,1,0,12.0
25,450000,MORTGAGE,9.0,DEBTCONSOLIDATION,B,35000,11.11,0,0.08,N,4,0,0,15.0
24,130000,MORTGAGE,8.0,PERSONAL,C,13000,13.61,0,0.1,N,4,0,0,0.0
29,26004,RENT,0.0,EDUCATION,C,6500,11.91,0,0.25,N,10,0,0,4.0
30,31000,MORTGAGE,3.0,EDUCATION,A,13000,7.88,0,0.42,N,8,1,0,5.0
30,76500,RENT,11.0,MEDICAL,D,12000,17.27,1,0.13,N,10,1,1,76.0
46,48956,RENT,0.0,MEDICAL,B,2800,10.59,0,0.06,N,14,0,0,9.0
23,145000,MORTGAGE,3.0,MEDICAL,B,12000,10.37,0,0.08,N,2,0,0,4.0
28,48000,MORTGAGE,1.0,EDUCATION,A,10000,6.92,0,0.21,N,8,0,0,4.0
23,96000,MORTGAGE,2.0,PERSONAL,A,7000,5.79,0,0.07,N,3,0,0,0.0
24,120000,RENT,8.0,VENTURE,B,16000,12.18,0,0.13,N,4,0,0,3.0
23,48996,MORTGAGE,7.0,EDUCATION,C,10525,13.61,0,0.21,N,2,0,0,11.0
22,45020,RENT,6.0,EDUCATION,B,8300,10.99,0,0.18,N,4,0,0,8.0
22,75000,RENT,0.0,PERSONAL,A,8000,5.99,0,0.11,N,2,0,0,2.0
28,75000,RENT,7.0,DEBTCONSOLIDATION,A,3000,7.68,0,0.04,N,7,0,0,16.0
24,58000,MORTGAGE,8.0,DEBTCONSOLIDATION,A,15700,7.9,0,0.27,N,3,0,0,3.0
29,63440,OWN,7.0,EDUCATION,A,20000,8.9,0,0.32,N,10,0,0,7.000000000000001
23,72000,RENT,3.0,MEDICAL,A,10800,7.88,0,0.15,N,2,0,0,4.0
26,45000,RENT,10.0,PERSONAL,D,11000,14.61,0,0.24,N,2,0,0,31.0
28,30000,RENT,7.0,VENTURE,B,10000,10.38,1,0.33,N,5,1,1,96.0
32,30000,RENT,4.0,MEDICAL,D,9325,13.62,1,0.31,N,7,1,1,92.0
29,92004,MORTGAGE,12.0,MEDICAL,B,10000,9.63,0,0.11,N,9,0,0,0.0
25,90000,MORTGAGE,0.0,EDUCATION,B,9000,12.69,0,0.1,N,3,0,0,4.0
38,60000,RENT,2.0,PERSONAL,C,24000,13.85,1,0.4,N,16,1,1,98.0
22,60000,MORTGAGE,6.0,VENTURE,A,11200,5.79,0,0.19,N,4,0,0,0.0
22,40000,MORTGAGE,6.0,MEDICAL,A,9875,7.9,0,0.25,N,4,0,0,8.0
27,80000,MORTGAGE,0.0,DEBTCONSOLIDATION,C,10000,12.68,0,0.13,N,5,0,0,10.0
23,26004,RENT,8.0,DEBTCONSOLIDATION,B,2200,9.91,0,0.08,N,2,1,0,24.0
30,52416,RENT,13.0,MEDICAL,B,2200,10.99,0,0.04,N,8,0,0,2.0
29,135000,MORTGAGE,14.0,MEDICAL,A,24000,5.99,0,0.18,N,10,0,0,3.0
23,70000,MORTGAGE,7.0,EDUCATION,B,4000,10.99,0,0.06,N,4,0,0,4.0
29,75000,MORTGAGE,8.0,PERSONAL,C,12000,13.16,0,0.16,Y,7,1,0,5.0
21,165000,MORTGAGE,5.0,EDUCATION,A,20000,6.91,0,0.12,N,4,0,0,0.0
24,37200,RENT,3.0,VENTURE,D,2000,15.31,0,0.05,N,2,1,0,36.0
26,33996,RENT,2.0,PERSONAL,B,10800,11.12,1,0.32,N,3,1,1,97.0
31,120000,RENT,7.0,HOMEIMPROVEMENT,E,21600,19.03,0,0.18,Y,5,0,0,25.0
32,250000,MORTGAGE,7.0,EDUCATION,B,20000,11.48,0,0.08,N,10,0,0,7.000000000000001
27,44000,MORTGAGE,3.0,EDUCATION,C,6400,13.85,0,0.15,Y,7,0,0,33.0
33,62500,RENT,3.0,DEBTCONSOLIDATION,B,18400,9.91,0,0.29,N,7,0,0,16.0
22,24000,MORTGAGE,4.0,VENTURE,A,1300,5.42,0,0.05,N,3,0,0,2.0
24,62400,RENT,8.0,HOMEIMPROVEMENT,B,20000,11.12,1,0.32,N,2,1,1,100.0
28,80000,RENT,9.0,PERSONAL,B,18000,11.49,0,0.23,N,6,0,0,3.0
28,42000,RENT,3.0,DEBTCONSOLIDATION,B,2000,11.49,0,0.05,N,5,0,0,10.0
31,12252,RENT,15.0,PERSONAL,C,2400,13.49,1,0.2,Y,10,1,1,96.0
29,44991,MORTGAGE,13.0,MEDICAL,C,5000,14.72,0,0.11,Y,5,0,0,10.0
22,60000,MORTGAGE,6.0,PERSONAL,A,2000,6.54,0,0.03,N,3,0,0,1.0
25,32000,RENT,1.0,MEDICAL,E,2500,16.45,1,0.08,Y,2,1,1,95.0
31,155000,RENT,3.0,HOMEIMPROVEMENT,B,20000,10.74,0,0.13,N,6,0,0,6.0
22,90000,RENT,6.0,MEDICAL,B,10200,11.71,0,0.11,N,3,0,0,1.0
36,54000,RENT,14.0,PERSONAL,C,3800,13.49,0,0.07,N,15,1,0,24.0
26,95000,RENT,0.0,MEDICAL,B,6000,10.99,0,0.06,N,2,0,0,1.0
26,57600,RENT,10.0,DEBTCONSOLIDATION,D,2150,15.62,1,0.04,Y,3,1,1,91.0
24,40500,MORTGAGE,8.0,DEBTCONSOLIDATION,B,8500,10.99,0,0.21,N,3,1,0,9.0
28,38500,RENT,2.0,PERSONAL,B,12000,10.75,1,0.31,N,5,1,1,92.0
27,96000,RENT,1.0,VENTURE,D,25000,16.89,1,0.26,Y,10,1,1,84.0
26,53000,MORTGAGE,3.0,HOMEIMPROVEMENT,A,2800,6.03,0,0.05,N,4,0,0,3.0
26,34000,MORTGAGE,8.0,PERSONAL,A,6000,6.92,0,0.18,N,4,0,0,11.0
27,100000,OWN,5.0,VENTURE,A,6000,7.66,0,0.06,N,5,0,0,0.0
25,154000,MORTGAGE,2.0,HOMEIMPROVEMENT,C,9200,12.61,0,0.06,Y,4,0,0,5.0
31,83000,MORTGAGE,3.0,EDUCATION,A,7500,7.66,0,0.09,N,10,0,0,0.0
28,78000,OWN,12.0,MEDICAL,A,5250,5.79,0,0.07,N,10,0,0,9.0
54,20000,RENT,2.0,MEDICAL,C,5000,13.49,0,0.25,N,28,0,0,16.0
27,20000,RENT,0.0,EDUCATION,B,5500,12.69,0,0.28,N,5,0,0,13.0
34,60000,RENT,1.0,EDUCATION,B,10000,9.62,0,0.17,N,9,0,0,1.0
26,34000,MORTGAGE,4.0,PERSONAL,A,12250,6.91,0,0.36,N,4,1,0,27.0
23,29472,RENT,3.0,DEBTCONSOLIDATION,C,11000,13.49,1,0.37,N,4,1,1,100.0
28,65000,MORTGAGE,4.0,HOMEIMPROVEMENT,A,2000,7.49,0,0.03,N,6,0,0,6.0
28,38000,MORTGAGE,5.0,VENTURE,A,8400,7.51,0,0.22,N,7,0,0,1.0
24,39000,MORTGAGE,8.0,HOMEIMPROVEMENT,C,5000,13.49,0,0.13,N,3,1,0,40.0
54,22880,RENT,6.0,MEDICAL,B,7500,11.89,1,0.33,N,22,1,1,93.0
31,23766,RENT,1.0,MEDICAL,C,1800,13.06,0,0.08,N,7,0,0,7.000000000000001
31,80000,RENT,5.0,EDUCATION,E,13750,16.7,0,0.17,N,6,0,0,21.0
28,34320,MORTGAGE,5.0,DEBTCONSOLIDATION,B,16000,12.69,0,0.47,N,7,0,0,19.0
25,55000,RENT,3.0,HOMEIMPROVEMENT,B,6000,10.99,0,0.11,N,3,0,0,18.0
21,45000,RENT,3.0,PERSONAL,A,3200,6.54,0,0.07,N,4,0,0,8.0
27,36000,RENT,5.0,EDUCATION,B,5000,9.63,0,0.14,N,8,0,0,7.000000000000001
39,125000,MORTGAGE,13.0,DEBTCONSOLIDATION,A,4500,6.62,0,0.04,N,11,0,0,1.0
48,50016,OTHER,1.0,MEDICAL,B,10400,11.58,0,0.21,N,11,0,0,17.0
25,47000,RENT,0.0,MEDICAL,B,5000,12.42,0,0.11,N,4,0,0,8.0
27,47232,OWN,10.0,MEDICAL,A,8000,5.42,0,0.17,N,9,0,0,5.0
32,45000,RENT,1.0,PERSONAL,A,5000,7.88,0,0.11,N,10,0,0,3.0
31,34000,RENT,9.0,VENTURE,B,15000,9.88,1,0.44,N,6,1,1,99.0
31,29736,RENT,4.0,EDUCATION,A,7000,6.92,0,0.24,N,8,0,0,4.0
45,64000,MORTGAGE,8.0,PERSONAL,A,4800,8.9,0,0.07,N,17,1,0,5.0
26,40000,RENT,0.0,MEDICAL,C,1800,13.23,0,0.04,Y,2,0,0,14.000000000000002
34,30000,RENT,3.0,PERSONAL,A,9050,5.99,0,0.3,N,9,0,0,21.0
33,18720,OWN,0.0,DEBTCONSOLIDATION,C,3500,13.16,1,0.19,Y,6,1,1,92.0
31,46992,RENT,1.0,MEDICAL,B,11000,11.14,0,0.23,N,9,0,0,10.0
22,53500,RENT,2.0,EDUCATION,B,10000,9.99,0,0.19,N,3,0,0,1.0
29,65000,MORTGAGE,5.0,MEDICAL,B,6000,10.36,0,0.09,N,7,0,0,2.0
22,70000,RENT,6.0,PERSONAL,B,13600,12.21,0,0.19,N,4,0,0,6.0
41,47000,OWN,2.0,PERSONAL,A,14000,7.88,0,0.3,N,12,0,0,4.0
27,125000,MORTGAGE,2.0,DEBTCONSOLIDATION,A,8000,6.76,0,0.06,N,6,0,0,0.0
21,23040,RENT,0.0,HOMEIMPROVEMENT,A,6000,7.9,1,0.26,N,2,1,1,59.0
40,70032,MORTGAGE,14.0,EDUCATION,B,14000,9.99,0,0.2,N,14,0,0,13.0
27,121000,MORTGAGE,3.0,HOMEIMPROVEMENT,A,16800,6.91,0,0.14,N,8,0,0,1.0
28,75000,RENT,0.0,EDUCATION,A,12000,6.03,0,0.16,N,6,0,0,1.0
28,76000,RENT,2.0,MEDICAL,B,8500,10.99,0,0.11,N,5,0,0,14.000000000000002
25,78000,MORTGAGE,9.0,EDUCATION,A,8000,5.79,0,0.1,N,2,0,0,1.0
26,114000,MORTGAGE,4.0,HOMEIMPROVEMENT,B,6000,10.0,0,0.05,N,2,1,0,13.0
22,53000,MORTGAGE,6.0,DEBTCONSOLIDATION,C,1000,15.27,0,0.02,Y,4,0,0,21.0
28,35000,RENT,5.0,MEDICAL,D,10000,14.61,1,0.29,N,7,0,1,51.0
24,35000,RENT,4.0,EDUCATION,B,2000,10.59,0,0.06,N,3,0,0,9.0
26,50000,MORTGAGE,7.0,VENTURE,A,7200,6.62,0,0.14,N,2,0,0,1.0
23,75000,RENT,1.0,PERSONAL,A,6000,6.03,0,0.08,N,4,0,0,4.0
30,38000,OWN,0.0,HOMEIMPROVEMENT,B,6000,11.58,0,0.16,N,8,0,0,7.000000000000001
25,160000,MORTGAGE,3.0,VENTURE,C,20000,13.47,0,0.13,Y,2,0,0,3.0
22,54000,RENT,0.0,DEBTCONSOLIDATION,C,7000,13.61,0,0.13,N,4,0,0,18.0
27,52000,MORTGAGE,4.0,DEBTCONSOLIDATION,A,8000,8.9,0,0.15,N,10,0,0,7.000000000000001
37,60000,MORTGAGE,4.0,DEBTCONSOLIDATION,C,12000,12.73,0,0.2,N,15,0,0,1.0
29,93000,MORTGAGE,9.0,PERSONAL,E,20000,16.82,0,0.22,N,8,0,0,28.000000000000004
37,50000,MORTGAGE,15.0,VENTURE,A,8400,6.03,0,0.17,N,11,0,0,0.0
26,70000,MORTGAGE,3.0,PERSONAL,C,5400,12.53,0,0.08,N,4,0,0,6.0
32,38300,RENT,4.0,MEDICAL,B,5000,10.25,0,0.13,N,9,0,0,3.0
46,50004,MORTGAGE,5.0,PERSONAL,A,3000,8.59,0,0.06,N,13,0,0,4.0
23,87000,RENT,1.0,DEBTCONSOLIDATION,B,7500,10.33,0,0.09,N,2,0,0,3.0
29,39996,RENT,0.0,PERSONAL,C,4000,13.49,0,0.1,N,9,0,0,3.0
24,21000,RENT,0.0,EDUCATION,C,4000,13.43,0,0.19,N,2,0,0,10.0
21,15000,OWN,0.0,HOMEIMPROVEMENT,C,3175,11.54,1,0.21,Y,3,1,1,96.0
30,91000,MORTGAGE,7.0,EDUCATION,A,33950,7.9,0,0.37,N,7,0,0,9.0
26,63000,MORTGAGE,10.0,HOMEIMPROVEMENT,A,3500,7.68,0,0.06,N,4,0,0,1.0
21,35000,OWN,2.0,VENTURE,C,7200,15.23,0,0.21,N,4,0,0,11.0
45,51000,MORTGAGE,2.0,MEDICAL,A,7000,7.88,0,0.14,N,12,0,0,5.0
47,65000,RENT,9.0,EDUCATION,A,12000,5.42,0,0.18,N,17,0,0,4.0
23,36000,RENT,3.0,VENTURE,C,15000,13.49,1,0.42,Y,3,1,1,99.0
28,20400,RENT,12.0,EDUCATION,A,6000,6.03,0,0.29,N,8,0,0,15.0
32,75000,RENT,6.0,HOMEIMPROVEMENT,B,15000,8.88,0,0.2,N,9,1,0,4.0
35,45000,RENT,3.0,DEBTCONSOLIDATION,C,15000,13.49,1,0.33,N,8,1,1,100.0
21,38400,RENT,5.0,VENTURE,B,2000,10.99,0,0.05,N,2,0,0,2.0
27,36400,RENT,5.0,MEDICAL,A,9000,7.49,0,0.25,N,8,0,0,3.0
36,37008,RENT,8.0,VENTURE,C,6000,14.79,0,0.16,Y,14,0,0,18.0
36,145000,RENT,0.0,MEDICAL,B,25000,10.99,0,0.17,N,15,0,0,10.0
50,54996,RENT,0.0,DEBTCONSOLIDATION,C,5000,13.47,0,0.09,N,14,0,0,25.0
27,47000,RENT,3.0,EDUCATION,C,9000,12.98,0,0.19,N,7,0,0,2.0
24,56000,RENT,6.0,PERSONAL,A,9000,7.29,0,0.16,N,2,0,0,1.0
22,33000,RENT,6.0,EDUCATION,B,9000,11.99,0,0.27,N,4,0,0,28.000000000000004
22,30000,RENT,0.0,EDUCATION,B,5000,10.33,0,0.17,N,3,0,0,5.0
24,56000,RENT,8.0,VENTURE,B,12000,11.49,0,0.21,N,2,0,0,3.0
26,7904,MORTGAGE,0.0,HOMEIMPROVEMENT,B,500,10.71,0,0.06,N,3,0,0,46.0
30,52000,MORTGAGE,7.0,PERSONAL,D,5500,14.96,0,0.11,Y,10,0,0,17.0
27,82500,MORTGAGE,3.0,PERSONAL,A,11100,8.94,0,0.13,N,5,0,0,0.0
22,45000,RENT,7.0,EDUCATION,C,6200,13.79,0,0.14,N,3,0,0,6.0
21,24000,RENT,4.0,MEDICAL,C,10000,13.48,1,0.42,N,2,1,1,100.0
24,54000,MORTGAGE,6.0,HOMEIMPROVEMENT,C,6300,14.65,0,0.12,Y,2,1,0,49.0
28,40000,RENT,2.0,MEDICAL,C,7500,13.49,0,0.19,N,7,0,0,5.0
22,169000,RENT,1.0,PERSONAL,B,14000,11.14,0,0.08,N,3,0,0,1.0
32,117000,RENT,0.0,PERSONAL,E,12000,17.93,1,0.1,Y,10,1,1,80.0
26,45000,RENT,3.0,PERSONAL,D,8000,15.33,0,0.18,Y,4,0,0,25.0
30,30000,RENT,1.0,PERSONAL,B,14500,10.99,1,0.48,N,8,1,1,100.0
22,31200,RENT,3.0,PERSONAL,B,7500,9.91,0,0.24,N,4,0,0,19.0
35,60000,OWN,1.0,PERSONAL,D,5000,15.7,0,0.08,N,9,0,0,5.0
25,63900,RENT,1.0,VENTURE,A,8000,6.03,0,0.13,N,2,0,0,0.0
53,85000,RENT,2.0,MEDICAL,A,8000,7.74,0,0.09,N,28,0,0,1.0
22,36000,RENT,4.0,MEDICAL,B,4200,9.91,0,0.12,N,2,1,0,10.0
26,30000,MORTGAGE,0.0,VENTURE,A,3500,8.0,0,0.12,N,4,0,0,0.0
25,93000,RENT,3.0,HOMEIMPROVEMENT,B,12000,10.99,0,0.13,N,3,0,0,0.0
24,33600,RENT,0.0,PERSONAL,C,7000,13.61,0,0.21,Y,4,0,0,43.0
25,54000,RENT,7.0,HOMEIMPROVEMENT,C,10700,13.49,0,0.2,Y,2,1,0,12.0
31,80000,MORTGAGE,5.0,VENTURE,A,6000,7.4,0,0.07,N,9,0,0,0.0
30,77000,MORTGAGE,2.0,PERSONAL,B,25000,12.18,0,0.32,N,10,0,0,24.0
24,38112,RENT,2.0,PERSONAL,A,6800,7.68,0,0.18,N,3,0,0,0.0
21,26500,MORTGAGE,3.0,MEDICAL,D,6000,14.46,1,0.23,Y,4,1,1,91.0
22,83000,OWN,6.0,DEBTCONSOLIDATION,D,25000,15.95,0,0.3,Y,4,0,0,34.0
23,42000,RENT,3.0,DEBTCONSOLIDATION,B,1500,10.71,0,0.04,N,2,0,0,9.0
22,45000,RENT,0.0,PERSONAL,A,10500,6.99,0,0.23,N,2,0,0,4.0
28,97296,MORTGAGE,12.0,HOMEIMPROVEMENT,B,6500,12.42,0,0.07,N,8,0,0,3.0
31,24000,RENT,0.0,MEDICAL,A,3500,6.17,0,0.15,N,6,0,0,11.0
23,51600,MORTGAGE,1.0,PERSONAL,B,4800,10.99,0,0.09,N,3,1,0,5.0
24,55000,RENT,5.0,VENTURE,A,9500,9.63,0,0.17,N,4,0,0,4.0
36,17640,OWN,4.0,HOMEIMPROVEMENT,A,5875,7.9,1,0.33,N,12,1,1,98.0
21,19000,OWN,5.0,MEDICAL,A,6000,8.49,1,0.32,N,3,1,1,97.0
30,82500,RENT,5.0,VENTURE,A,2400,8.9,0,0.03,N,5,0,0,1.0
24,89000,OWN,7.0,HOMEIMPROVEMENT,D,15000,17.58,0,0.17,N,4,0,0,3.0
28,85000,MORTGAGE,3.0,DEBTCONSOLIDATION,B,20000,9.62,0,0.24,N,5,0,0,8.0
39,70000,OWN,0.0,VENTURE,A,8000,7.49,0,0.11,N,12,0,0,0.0
23,45000,RENT,0.0,VENTURE,B,4500,9.25,0,0.1,N,4,0,0,2.0
28,51000,MORTGAGE,1.0,PERSONAL,A,4775,7.49,0,0.09,N,6,1,0,2.0
22,60000,MORTGAGE,6.0,MEDICAL,A,6125,6.17,0,0.1,N,2,0,0,1.0
22,97000,MORTGAGE,4.0,DEBTCONSOLIDATION,B,14000,11.48,0,0.14,N,2,1,0,4.0
24,42000,RENT,4.0,EDUCATION,A,10200,7.49,0,0.24,N,4,0,0,2.0
26,60000,MORTGAGE,10.0,DEBTCONSOLIDATION,A,6000,8.94,0,0.1,N,4,0,0,3.0
40,132000,RENT,18.0,EDUCATION,C,11200,12.68,0,0.08,Y,11,0,0,6.0
29,40000,OWN,0.0,MEDICAL,A,5000,5.42,0,0.13,N,5,0,0,4.0
30,45000,MORTGAGE,11.0,VENTURE,C,10000,13.57,0,0.22,Y,6,0,0,18.0
27,73000,MORTGAGE,0.0,HOMEIMPROVEMENT,B,10500,11.83,0,0.14,N,6,1,0,14.000000000000002
23,77000,RENT,2.0,DEBTCONSOLIDATION,B,16000,11.14,0,0.21,N,3,0,0,18.0
27,55000,RENT,1.0,EDUCATION,A,17000,7.88,1,0.31,N,5,1,1,85.0
26,75000,MORTGAGE,10.0,EDUCATION,A,9600,5.42,0,0.13,N,3,0,0,5.0
26,44000,RENT,4.0,HOMEIMPROVEMENT,G,12500,22.11,1,0.28,Y,2,1,1,73.0
29,32108,RENT,4.0,VENTURE,E,2500,15.68,1,0.08,Y,5,1,1,61.0
31,80000,OWN,13.0,MEDICAL,A,12000,5.79,0,0.15,N,10,0,0,2.0
22,69500,RENT,6.0,DEBTCONSOLIDATION,B,6000,10.65,0,0.09,N,4,0,0,0.0
37,800000,MORTGAGE,10.0,DEBTCONSOLIDATION,B,15000,11.36,0,0.02,N,17,0,0,13.0
23,26000,MORTGAGE,7.0,MEDICAL,A,5000,7.91,0,0.19,N,2,0,0,25.0
22,47000,RENT,0.0,VENTURE,B,6550,10.65,0,0.14,N,2,0,0,4.0
22,35000,MORTGAGE,6.0,PERSONAL,C,7500,11.34,0,0.21,Y,2,0,0,22.0
33,117300,MORTGAGE,3.0,MEDICAL,D,16000,15.99,1,0.12,N,5,1,1,90.0
24,28596,RENT,5.0,EDUCATION,B,1500,11.46,0,0.05,N,4,0,0,6.0
37,59000,MORTGAGE,10.0,MEDICAL,D,12000,15.62,1,0.2,Y,12,1,1,93.0
24,90000,RENT,3.0,HOMEIMPROVEMENT,B,15000,11.86,0,0.17,N,2,0,0,4.0
39,403750,MORTGAGE,10.0,MEDICAL,B,35000,10.99,0,0.07,N,11,1,0,4.0
26,64800,MORTGAGE,5.0,EDUCATION,B,2000,11.99,0,0.03,N,3,0,0,4.0
22,35350,RENT,3.0,DEBTCONSOLIDATION,B,7000,9.99,0,0.2,N,3,0,0,9.0
27,95004,MORTGAGE,1.0,PERSONAL,A,15000,7.51,0,0.16,N,9,0,0,0.0
35,48000,RENT,6.0,MEDICAL,A,17000,7.88,1,0.35,N,6,1,1,99.0
48,110000,MORTGAGE,6.0,EDUCATION,A,6000,8.94,0,0.05,N,14,0,0,1.0
28,40000,RENT,0.0,EDUCATION,B,10000,12.42,0,0.25,N,5,0,0,4.0
30,75689,MORTGAGE,13.0,HOMEIMPROVEMENT,C,10000,13.48,0,0.13,N,8,0,0,13.0
25,48000,RENT,9.0,PERSONAL,B,15000,10.99,1,0.31,N,2,1,1,98.0
24,128000,MORTGAGE,4.0,EDUCATION,A,12000,6.03,0,0.09,N,2,0,0,0.0
22,57564,MORTGAGE,6.0,MEDICAL,B,21000,11.48,0,0.36,N,3,0,0,9.0
36,120000,MORTGAGE,12.0,DEBTCONSOLIDATION,A,14500,5.42,0,0.12,N,15,0,0,13.0
37,114000,RENT,10.0,VENTURE,F,25000,18.43,0,0.22,N,13,0,0,35.0
24,110000,RENT,7.0,VENTURE,D,24000,15.62,0,0.22,N,4,0,0,18.0
24,110000,RENT,4.0,DEBTCONSOLIDATION,B,18000,12.18,0,0.16,N,4,0,0,1.0
22,49000,RENT,1.0,EDUCATION,D,5000,15.62,1,0.1,Y,4,1,1,86.0
23,45000,MORTGAGE,2.0,PERSONAL,A,3000,7.05,0,0.07,N,3,0,0,4.0
35,17640,OWN,4.0,PERSONAL,D,4000,16.29,1,0.23,N,8,1,1,84.0
25,65000,MORTGAGE,3.0,EDUCATION,C,10000,12.99,0,0.15,N,2,0,0,4.0
31,45504,MORTGAGE,3.0,EDUCATION,B,7000,9.88,0,0.15,N,8,0,0,5.0
36,65004,RENT,3.0,EDUCATION,D,20000,15.33,1,0.31,N,15,1,1,91.0
28,25200,RENT,5.0,PERSONAL,D,11500,14.46,1,0.46,Y,6,1,1,98.0
31,77000,RENT,2.0,PERSONAL,A,15000,8.38,0,0.19,N,8,0,0,3.0
22,91000,RENT,2.0,PERSONAL,B,8000,11.86,0,0.09,N,3,0,0,1.0
23,95327,OWN,4.0,VENTURE,A,4325,7.74,0,0.05,N,2,0,0,0.0
29,86400,MORTGAGE,12.0,PERSONAL,C,8000,12.99,0,0.09,N,8,0,0,11.0
24,40000,RENT,1.0,PERSONAL,B,3000,10.74,0,0.07,N,3,0,0,7.000000000000001
26,65000,MORTGAGE,3.0,VENTURE,A,10000,7.29,0,0.15,N,3,0,0,0.0
25,76800,MORTGAGE,8.0,EDUCATION,A,6500,5.79,0,0.08,N,4,0,0,4.0
27,120000,MORTGAGE,11.0,PERSONAL,A,7000,6.76,0,0.06,N,5,0,0,0.0
47,44000,OWN,3.0,HOMEIMPROVEMENT,B,4000,11.14,0,0.09,N,16,0,0,6.0
24,79768,OWN,2.0,EDUCATION,C,12000,13.49,0,0.15,Y,4,0,0,4.0
24,18500,MORTGAGE,8.0,PERSONAL,A,5000,9.32,1,0.27,N,3,1,1,93.0
22,42000,RENT,3.0,MEDICAL,B,8550,11.99,0,0.2,N,2,0,0,8.0
21,30000,RENT,1.0,VENTURE,D,14500,14.59,1,0.48,Y,2,1,1,100.0
25,73000,MORTGAGE,8.0,DEBTCONSOLIDATION,C,3500,13.23,0,0.05,N,2,0,0,7.000000000000001
26,76000,MORTGAGE,10.0,HOMEIMPROVEMENT,A,5425,8.49,0,0.07,N,3,0,0,19.0
45,140000,MORTGAGE,18.0,HOMEIMPROVEMENT,A,7000,7.29,0,0.05,N,17,0,0,0.0
23,75000,RENT,5.0,DEBTCONSOLIDATION,B,8000,10.74,0,0.11,N,3,0,0,4.0
27,72000,MORTGAGE,11.0,MEDICAL,C,9500,13.99,0,0.13,N,6,0,0,11.0
24,70550,RENT,8.0,MEDICAL,D,9000,15.05,1,0.11,Y,2,1,1,88.0
23,50000,MORTGAGE,3.0,PERSONAL,A,6000,6.92,0,0.12,N,2,0,0,0.0
41,34800,RENT,4.0,DEBTCONSOLIDATION,B,5000,11.99,0,0.14,N,14,0,0,14.000000000000002
24,78000,MORTGAGE,3.0,DEBTCONSOLIDATION,B,20000,10.37,0,0.26,N,2,0,0,10.0
24,36396,RENT,8.0,DEBTCONSOLIDATION,A,5000,6.03,0,0.14,N,3,0,0,8.0
29,40000,MORTGAGE,8.0,EDUCATION,A,8000,8.59,0,0.2,N,10,0,0,9.0
40,32400,RENT,1.0,DEBTCONSOLIDATION,B,10000,10.0,1,0.31,N,14,1,1,98.0
24,72444,MORTGAGE,7.0,EDUCATION,B,25000,10.74,0,0.35,N,3,0,0,2.0
33,86000,RENT,0.0,DEBTCONSOLIDATION,A,4700,9.63,0,0.05,N,7,0,0,10.0
23,78000,RENT,7.0,DEBTCONSOLIDATION,F,30000,18.62,1,0.38,Y,3,1,1,96.0
26,33280,RENT,11.0,DEBTCONSOLIDATION,D,5000,14.11,1,0.15,N,4,1,1,71.0
31,100000,MORTGAGE,8.0,VENTURE,B,7000,10.08,0,0.07,N,10,0,0,2.0
22,60000,MORTGAGE,6.0,MEDICAL,A,17500,7.88,0,0.29,N,4,0,0,4.0
29,40000,MORTGAGE,9.0,VENTURE,A,5000,6.99,0,0.13,N,9,0,0,0.0
24,156000,MORTGAGE,8.0,EDUCATION,B,15000,10.25,0,0.1,N,3,0,0,0.0
27,32000,RENT,1.0,DEBTCONSOLIDATION,A,5800,7.49,0,0.18,N,5,0,0,4.0
23,65000,RENT,2.0,DEBTCONSOLIDATION,C,8000,14.72,0,0.12,Y,2,0,0,6.0
28,216000,MORTGAGE,12.0,VENTURE,D,15000,16.02,0,0.07,Y,8,0,0,10.0
24,29232,MORTGAGE,1.0,PERSONAL,B,11000,11.71,0,0.38,N,4,1,0,33.0
21,20400,RENT,2.0,PERSONAL,B,4500,10.99,0,0.22,N,2,0,0,15.0
49,77000,MORTGAGE,4.0,DEBTCONSOLIDATION,D,16000,14.09,1,0.21,Y,12,1,1,87.0
23,75000,MORTGAGE,7.0,MEDICAL,B,6000,10.99,0,0.08,N,3,0,0,10.0
28,60000,RENT,0.0,HOMEIMPROVEMENT,C,3500,13.49,0,0.06,Y,10,0,0,5.0
43,142500,MORTGAGE,7.0,MEDICAL,B,20000,11.49,0,0.14,N,15,0,0,6.0
25,29004,RENT,0.0,PERSONAL,C,5600,13.79,0,0.19,N,4,1,0,15.0
26,84191,MORTGAGE,5.0,PERSONAL,A,9000,6.62,0,0.11,N,3,0,0,1.0
30,75000,MORTGAGE,4.0,VENTURE,B,15000,11.48,0,0.2,N,7,0,0,0.0
38,65004,RENT,1.0,DEBTCONSOLIDATION,B,8000,11.83,0,0.12,N,11,0,0,6.0
38,49000,RENT,4.0,DEBTCONSOLIDATION,A,3000,7.51,0,0.06,N,13,0,0,3.0
27,54000,RENT,5.0,MEDICAL,B,3200,12.69,0,0.06,N,10,0,0,23.0
24,25000,MORTGAGE,1.0,MEDICAL,A,6500,7.49,0,0.26,N,4,0,0,4.0
29,117500,OWN,1.0,VENTURE,A,20000,6.17,0,0.17,N,9,0,0,1.0
24,98000,MORTGAGE,8.0,PERSONAL,B,6500,11.11,0,0.07,N,3,0,0,2.0
21,36000,RENT,3.0,DEBTCONSOLIDATION,C,5000,12.99,0,0.14,N,4,0,0,27.0
31,24996,RENT,0.0,EDUCATION,C,10750,12.53,1,0.43,N,8,1,1,100.0
22,36000,MORTGAGE,3.0,DEBTCONSOLIDATION,A,5250,7.49,0,0.15,N,2,0,0,1.0
25,99600,MORTGAGE,1.0,HOMEIMPROVEMENT,B,12800,12.42,0,0.13,N,4,0,0,5.0
24,79000,RENT,2.0,HOMEIMPROVEMENT,A,13800,8.49,0,0.17,N,2,0,0,3.0
25,37200,RENT,6.0,VENTURE,A,7000,7.14,0,0.19,N,4,0,0,2.0
23,70000,RENT,4.0,EDUCATION,A,6000,7.49,0,0.09,N,3,0,0,0.0
41,100000,MORTGAGE,10.0,EDUCATION,A,6000,8.49,0,0.06,N,15,0,0,1.0
23,92000,MORTGAGE,7.0,VENTURE,E,10000,16.7,0,0.11,Y,2,0,0,14.000000000000002
43,98600,MORTGAGE,0.0,MEDICAL,D,7750,15.31,1,0.07,Y,14,1,1,91.0
25,49000,MORTGAGE,1.0,EDUCATION,C,7000,13.49,0,0.14,N,4,1,0,10.0
30,66000,MORTGAGE,14.0,EDUCATION,C,11200,13.49,0,0.17,N,9,1,0,5.0
28,75000,RENT,13.0,HOMEIMPROVEMENT,C,20000,13.16,0,0.27,N,9,0,0,25.0
24,37500,RENT,2.0,DEBTCONSOLIDATION,C,1600,11.03,0,0.04,Y,3,0,0,21.0
25,42000,RENT,2.0,MEDICAL,C,6500,13.49,0,0.15,Y,3,0,0,0.0
29,140000,RENT,5.0,DEBTCONSOLIDATION,C,20000,13.49,0,0.14,Y,8,0,0,4.0
34,99996,MORTGAGE,18.0,PERSONAL,A,9800,7.14,0,0.1,N,8,0,0,0.0
24,50160,MORTGAGE,2.0,EDUCATION,D,6000,15.62,0,0.12,N,2,1,0,27.0
22,26796,MORTGAGE,6.0,VENTURE,A,3000,8.32,0,0.11,N,3,0,0,7.000000000000001
27,75000,RENT,1.0,HOMEIMPROVEMENT,B,20000,10.99,0,0.27,N,6,0,0,15.0
26,80004,RENT,8.0,EDUCATION,B,15000,11.89,0,0.19,N,4,0,0,11.0
23,90000,RENT,5.0,MEDICAL,A,8000,6.92,0,0.09,N,3,0,0,0.0
25,180000,MORTGAGE,9.0,HOMEIMPROVEMENT,B,14400,10.99,0,0.08,N,2,0,0,10.0
31,124992,MORTGAGE,15.0,VENTURE,A,24000,8.49,0,0.19,N,7,0,0,1.0
31,57200,MORTGAGE,3.0,DEBTCONSOLIDATION,C,7500,13.11,0,0.13,Y,5,0,0,9.0
42,85000,RENT,3.0,VENTURE,C,5750,12.99,0,0.07,Y,15,0,0,2.0
28,70000,RENT,1.0,HOMEIMPROVEMENT,C,12000,14.27,0,0.17,Y,6,0,0,9.0
27,57600,RENT,3.0,EDUCATION,A,14000,7.29,0,0.24,N,8,0,0,1.0
36,30996,RENT,2.0,PERSONAL,C,5500,12.53,0,0.18,Y,15,0,0,21.0
30,110000,MORTGAGE,5.0,VENTURE,B,25000,11.12,0,0.23,N,9,0,0,0.0
21,12000,RENT,3.0,EDUCATION,B,1600,10.59,0,0.13,N,2,1,0,21.0
26,30000,RENT,5.0,PERSONAL,C,8000,12.99,0,0.27,N,2,0,0,19.0
27,40000,RENT,0.0,VENTURE,B,8000,10.25,0,0.2,N,10,0,0,1.0
25,75000,MORTGAGE,4.0,VENTURE,C,12000,13.49,0,0.16,N,2,0,0,15.0
29,36000,MORTGAGE,2.0,PERSONAL,D,20000,15.31,0,0.56,N,6,0,0,39.0
23,83000,MORTGAGE,7.0,DEBTCONSOLIDATION,A,10000,7.66,0,0.12,N,4,0,0,1.0
26,69846,RENT,2.0,EDUCATION,F,22500,18.99,1,0.32,N,4,1,1,99.0
23,72000,RENT,3.0,DEBTCONSOLIDATION,B,14400,11.14,0,0.2,N,3,0,0,6.0
51,18408,RENT,4.0,PERSONAL,C,1000,14.65,0,0.05,Y,20,1,0,41.0
32,120000,MORTGAGE,13.0,EDUCATION,B,2000,10.99,0,0.02,N,10,0,0,6.0
30,105000,MORTGAGE,14.0,HOMEIMPROVEMENT,B,13000,10.25,0,0.12,N,9,0,0,0.0
24,23000,RENT,1.0,PERSONAL,C,5000,13.49,0,0.22,Y,2,0,0,9.0
22,39696,MORTGAGE,4.0,EDUCATION,B,14125,12.42,0,0.36,N,4,1,0,13.0
22,60000,RENT,6.0,PERSONAL,A,14000,6.03,0,0.23,N,2,0,0,6.0
24,120000,MORTGAGE,1.0,MEDICAL,A,3000,6.39,0,0.03,N,3,0,0,1.0
23,30000,MORTGAGE,6.0,PERSONAL,C,2400,13.49,0,0.08,N,4,0,0,35.0
26,67000,MORTGAGE,10.0,HOMEIMPROVEMENT,B,10000,12.21,0,0.15,N,3,0,0,11.0
39,75000,MORTGAGE,13.0,MEDICAL,B,6000,10.99,0,0.08,N,15,0,0,12.0
25,54000,RENT,1.0,PERSONAL,A,3600,7.49,0,0.07,N,3,1,0,2.0
29,16000,OWN,3.0,VENTURE,A,3000,7.9,1,0.19,N,8,1,1,94.0
24,80000,RENT,5.0,VENTURE,B,12000,9.91,0,0.15,N,2,0,0,0.0
31,50000,OWN,1.0,HOMEIMPROVEMENT,C,16000,13.85,0,0.32,N,6,0,0,3.0
34,98000,OWN,19.0,EDUCATION,B,16000,10.99,0,0.16,N,5,0,0,6.0
31,60000,RENT,3.0,DEBTCONSOLIDATION,A,7500,5.79,0,0.13,N,9,0,0,0.0
25,47000,RENT,1.0,EDUCATION,A,8500,8.9,0,0.18,N,4,0,0,2.0
25,47412,MORTGAGE,0.0,EDUCATION,A,6500,8.59,0,0.14,N,3,0,0,1.0
26,12000,OWN,6.0,EDUCATION,B,2500,9.99,1,0.21,N,3,1,1,100.0
26,45000,MORTGAGE,3.0,EDUCATION,C,4000,14.35,0,0.09,Y,2,0,0,25.0
29,53000,RENT,0.0,HOMEIMPROVEMENT,A,5000,5.42,0,0.09,N,6,0,0,14.000000000000002
28,44894,OWN,8.0,EDUCATION,A,3600,7.88,0,0.08,N,6,0,0,0.0
23,44000,RENT,0.0,HOMEIMPROVEMENT,F,13000,17.26,1,0.3,Y,3,1,1,89.0
26,61200,RENT,9.0,PERSONAL,B,3200,9.91,0,0.05,N,2,0,0,9.0
27,110000,MORTGAGE,5.0,DEBTCONSOLIDATION,A,15000,7.49,0,0.14,N,10,0,0,0.0
24,45000,RENT,1.0,DEBTCONSOLIDATION,B,3000,9.99,0,0.07,N,4,0,0,2.0
38,67200,MORTGAGE,11.0,EDUCATION,A,8000,7.9,0,0.12,N,11,0,0,1.0
26,99085,MORTGAGE,10.0,VENTURE,D,8000,14.91,0,0.08,Y,4,0,0,6.0
32,42000,RENT,0.0,EDUCATION,D,2000,15.62,1,0.05,N,6,1,1,84.0
39,120000,MORTGAGE,9.0,MEDICAL,A,12000,5.79,0,0.1,N,11,0,0,4.0
35,200000,MORTGAGE,0.0,HOMEIMPROVEMENT,B,18000,10.99,0,0.09,N,10,0,0,2.0
27,75000,MORTGAGE,6.0,PERSONAL,A,3500,6.03,0,0.05,N,10,0,0,8.0
50,69996,OWN,19.0,VENTURE,A,8000,9.32,0,0.11,N,17,0,0,1.0
26,29000,RENT,10.0,DEBTCONSOLIDATION,A,9200,7.49,1,0.32,N,3,1,1,99.0
36,155000,MORTGAGE,9.0,DEBTCONSOLIDATION,A,30000,7.9,0,0.19,N,17,0,0,2.0
34,39600,MORTGAGE,14.0,VENTURE,A,6000,5.99,0,0.15,N,5,0,0,1.0
29,115000,MORTGAGE,13.0,DEBTCONSOLIDATION,A,5000,6.03,0,0.04,N,9,0,0,1.0
24,130000,RENT,7.0,DEBTCONSOLIDATION,B,24000,11.49,0,0.18,N,3,0,0,0.0
32,50000,RENT,3.0,HOMEIMPROVEMENT,B,11100,10.59,0,0.22,N,10,0,0,6.0
22,26000,RENT,1.0,DEBTCONSOLIDATION,B,10000,10.65,1,0.38,N,3,1,1,99.0
29,92000,MORTGAGE,8.0,HOMEIMPROVEMENT,A,12000,6.62,0,0.13,N,8,0,0,0.0
23,52000,RENT,4.0,DEBTCONSOLIDATION,C,6000,14.22,0,0.12,N,4,0,0,16.0
50,106000,MORTGAGE,2.0,MEDICAL,A,10200,9.32,0,0.1,N,15,0,0,2.0
24,42000,OWN,8.0,HOMEIMPROVEMENT,A,8000,6.62,0,0.19,N,2,0,0,4.0
22,30000,RENT,2.0,EDUCATION,A,2500,8.49,0,0.08,N,2,1,0,13.0
30,60000,RENT,4.0,PERSONAL,B,12000,10.99,0,0.2,N,10,0,0,5.0
24,205000,MORTGAGE,8.0,EDUCATION,C,35000,13.99,0,0.17,N,2,0,0,10.0
29,18000,RENT,2.0,VENTURE,B,3000,12.69,1,0.17,N,5,1,1,97.0
24,90000,RENT,1.0,HOMEIMPROVEMENT,B,19500,9.76,0,0.22,N,2,0,0,7.000000000000001
29,45000,RENT,0.0,DEBTCONSOLIDATION,B,9000,12.69,0,0.2,N,7,0,0,10.0
27,54400,MORTGAGE,11.0,MEDICAL,D,11000,15.33,1,0.17,Y,10,1,1,94.0
22,107000,MORTGAGE,6.0,DEBTCONSOLIDATION,D,35000,16.49,1,0.33,Y,3,1,1,76.0
23,27864,RENT,0.0,MEDICAL,A,4600,6.03,0,0.17,N,3,0,0,6.0
45,19200,RENT,1.0,VENTURE,B,4000,10.0,1,0.21,N,15,1,1,91.0
24,47160,RENT,5.0,VENTURE,B,11000,11.14,0,0.23,N,4,0,0,4.0
24,24000,RENT,3.0,DEBTCONSOLIDATION,B,10000,10.38,1,0.42,N,4,1,1,99.0
24,39996,RENT,8.0,DEBTCONSOLIDATION,B,12000,12.69,0,0.3,N,3,0,0,10.0
23,115000,MORTGAGE,7.0,EDUCATION,C,10000,14.27,0,0.09,N,2,0,0,1.0
25,130000,RENT,0.0,PERSONAL,C,20000,15.27,0,0.15,N,2,0,0,26.0
25,55000,MORTGAGE,4.0,MEDICAL,D,9000,16.77,1,0.16,Y,2,1,1,90.0
31,47000,MORTGAGE,10.0,VENTURE,D,23000,14.84,0,0.49,N,9,1,0,38.0
54,129000,MORTGAGE,6.0,EDUCATION,B,9000,11.49,0,0.07,N,18,1,0,28.999999999999996
26,38000,RENT,6.0,PERSONAL,A,10000,7.66,0,0.26,N,3,0,0,1.0
31,76000,MORTGAGE,9.0,EDUCATION,C,12000,15.96,0,0.16,N,5,1,0,34.0
24,50000,RENT,8.0,MEDICAL,E,15850,16.35,1,0.32,Y,3,1,1,94.0
37,45000,RENT,1.0,PERSONAL,B,9000,11.71,0,0.2,N,12,1,0,14.000000000000002
24,27000,MORTGAGE,1.0,DEBTCONSOLIDATION,B,7500,10.39,0,0.28,N,2,0,0,12.0
28,34800,OWN,1.0,VENTURE,C,10000,12.99,0,0.29,N,9,0,0,11.0
23,60000,RENT,3.0,MEDICAL,A,13000,7.66,0,0.22,N,4,1,0,0.0
31,72000,MORTGAGE,15.0,VENTURE,D,12300,14.96,0,0.17,Y,5,0,0,13.0
33,120000,MORTGAGE,17.0,PERSONAL,A,15000,5.79,0,0.13,N,9,0,0,3.0
21,55272,RENT,5.0,VENTURE,A,5000,5.42,0,0.09,N,3,0,0,0.0
34,68000,MORTGAGE,1.0,EDUCATION,C,15000,11.78,0,0.22,Y,7,0,0,7.000000000000001
22,27000,RENT,3.0,MEDICAL,A,2800,7.51,0,0.1,N,3,1,0,35.0
21,48000,RENT,5.0,PERSONAL,A,2800,8.9,0,0.06,N,2,1,0,8.0
25,19200,RENT,3.0,MEDICAL,B,5000,10.99,1,0.26,N,2,1,1,100.0
27,50000,OWN,8.0,EDUCATION,D,4500,14.61,0,0.09,N,6,0,0,8.0
23,88000,MORTGAGE,2.0,MEDICAL,C,6625,11.22,0,0.08,Y,3,0,0,27.0
23,48000,RENT,7.0,PERSONAL,C,7200,14.27,0,0.15,Y,3,0,0,5.0
38,75000,MORTGAGE,8.0,HOMEIMPROVEMENT,B,25000,10.59,0,0.33,N,16,0,0,12.0
23,54000,MORTGAGE,7.0,MEDICAL,A,6000,6.03,0,0.11,N,4,0,0,4.0
23,114000,OWN,7.0,VENTURE,A,6000,8.49,0,0.05,N,4,0,0,0.0
23,75000,MORTGAGE,7.0,PERSONAL,A,10200,6.03,0,0.14,N,2,0,0,6.0
34,41300,RENT,18.0,EDUCATION,C,10000,13.48,0,0.24,Y,6,0,0,33.0
24,38000,RENT,1.0,MEDICAL,B,2000,11.83,0,0.05,N,2,0,0,5.0
24,45000,MORTGAGE,0.0,EDUCATION,C,10625,14.27,0,0.24,N,4,1,0,30.0
47,38400,RENT,3.0,MEDICAL,F,22000,18.78,1,0.57,Y,17,1,1,98.0
22,36996,RENT,5.0,EDUCATION,A,10000,7.51,0,0.27,N,4,0,0,2.0
33,63000,OWN,2.0,EDUCATION,A,12800,7.88,0,0.2,N,10,0,0,1.0
25,66420,MORTGAGE,1.0,EDUCATION,B,4000,12.18,0,0.06,N,2,0,0,6.0
24,55605,MORTGAGE,8.0,MEDICAL,B,6500,10.99,0,0.12,N,2,0,0,33.0
29,244800,RENT,8.0,MEDICAL,D,8000,14.09,1,0.03,N,5,1,1,61.0
24,72000,RENT,8.0,MEDICAL,A,12000,7.88,0,0.17,N,4,0,0,1.0
31,39420,RENT,0.0,MEDICAL,C,2500,15.27,0,0.06,Y,8,0,0,8.0
28,50000,OWN,12.0,VENTURE,A,6000,6.03,0,0.12,N,9,0,0,0.0
30,170000,RENT,14.0,EDUCATION,D,25000,15.2,0,0.15,N,8,0,0,30.0
24,35004,MORTGAGE,5.0,EDUCATION,A,7000,5.42,0,0.2,N,3,0,0,2.0
23,175000,MORTGAGE,3.0,EDUCATION,A,7200,8.38,0,0.04,N,3,0,0,0.0
23,160000,MORTGAGE,1.0,VENTURE,C,35000,15.23,0,0.22,Y,2,0,0,16.0
52,75400,RENT,0.0,DEBTCONSOLIDATION,A,6125,7.74,0,0.08,N,18,0,0,0.0
28,43000,RENT,5.0,MEDICAL,B,6000,10.39,0,0.14,N,5,0,0,3.0
23,16800,RENT,7.0,EDUCATION,A,6625,6.03,1,0.39,N,3,1,1,100.0
25,110000,RENT,2.0,VENTURE,B,5000,9.99,0,0.05,N,4,0,0,2.0
29,38000,MORTGAGE,8.0,EDUCATION,A,3600,7.14,0,0.09,N,9,0,0,5.0
29,74360,OWN,7.0,MEDICAL,A,8725,5.99,0,0.12,N,7,0,0,1.0
33,48000,MORTGAGE,2.0,HOMEIMPROVEMENT,A,7500,8.0,0,0.16,N,10,0,0,8.0
29,150000,MORTGAGE,14.0,VENTURE,A,12000,5.42,0,0.08,N,9,0,0,1.0
29,77248,MORTGAGE,13.0,HOMEIMPROVEMENT,C,21600,13.85,0,0.28,Y,7,0,0,33.0
25,37560,RENT,2.0,DEBTCONSOLIDATION,F,12500,18.62,1,0.33,N,3,1,1,98.0
28,32400,RENT,3.0,MEDICAL,D,4900,14.12,1,0.15,N,7,1,1,65.0
24,36708,RENT,2.0,HOMEIMPROVEMENT,D,3000,15.33,1,0.08,Y,3,1,1,98.0
28,42996,RENT,4.0,EDUCATION,A,3000,7.68,0,0.07,N,6,0,0,7.000000000000001
25,77800,MORTGAGE,9.0,PERSONAL,B,30000,10.99,0,0.39,N,4,0,0,30.0
29,74360,OWN,7.0,EDUCATION,A,8725,5.99,0,0.12,N,5,0,0,3.0
42,50426,RENT,0.0,PERSONAL,A,4200,7.49,0,0.08,N,11,0,0,4.0
24,100000,MORTGAGE,8.0,EDUCATION,A,16800,7.88,0,0.17,N,4,0,0,0.0
24,140000,MORTGAGE,8.0,HOMEIMPROVEMENT,B,25000,10.36,0,0.18,N,2,0,0,14.000000000000002
22,93000,RENT,1.0,EDUCATION,B,21000,9.91,0,0.23,N,3,0,0,11.0
22,33600,RENT,3.0,EDUCATION,B,10000,10.25,0,0.3,N,3,0,0,46.0
34,43920,RENT,2.0,DEBTCONSOLIDATION,C,16400,11.03,1,0.37,Y,10,1,1,95.0
35,63600,MORTGAGE,5.0,DEBTCONSOLIDATION,B,4800,12.42,0,0.08,N,6,1,0,13.0
31,40800,RENT,6.0,PERSONAL,A,9000,7.49,0,0.22,N,6,0,0,1.0
28,84000,MORTGAGE,1.0,PERSONAL,A,8400,7.51,0,0.1,N,10,0,0,0.0
29,92000,MORTGAGE,3.0,HOMEIMPROVEMENT,A,11200,7.49,0,0.12,N,5,0,0,2.0
23,102000,MORTGAGE,7.0,EDUCATION,B,10000,11.49,0,0.1,N,2,0,0,1.0
25,145000,MORTGAGE,3.0,PERSONAL,B,7500,10.08,0,0.05,N,2,0,0,4.0
26,122000,MORTGAGE,10.0,PERSONAL,A,6000,7.51,0,0.05,N,2,0,0,5.0
39,63000,MORTGAGE,0.0,PERSONAL,A,15000,7.49,0,0.24,N,15,0,0,1.0
28,53000,RENT,0.0,PERSONAL,B,7000,9.88,0,0.13,N,6,0,0,0.0
25,50000,MORTGAGE,8.0,DEBTCONSOLIDATION,B,12500,10.65,0,0.25,N,4,0,0,13.0
23,40000,RENT,7.0,VENTURE,B,7500,12.69,0,0.19,N,2,0,0,1.0
31,65000,MORTGAGE,3.0,DEBTCONSOLIDATION,C,10000,13.61,0,0.15,N,6,0,0,6.0
22,71004,RENT,6.0,PERSONAL,B,1800,11.12,0,0.03,N,4,0,0,4.0
22,59000,RENT,2.0,DEBTCONSOLIDATION,B,11000,10.74,0,0.19,N,3,0,0,6.0
28,99518,MORTGAGE,10.0,DEBTCONSOLIDATION,A,6500,5.99,0,0.07,N,6,0,0,0.0
27,67000,RENT,5.0,PERSONAL,C,12000,13.23,0,0.18,Y,7,0,0,9.0
22,33996,RENT,1.0,EDUCATION,D,14900,15.37,1,0.44,Y,2,1,1,99.0
44,83000,OTHER,2.0,EDUCATION,D,12000,16.0,0,0.14,Y,15,1,0,50.0
25,30000,MORTGAGE,3.0,HOMEIMPROVEMENT,A,12000,5.99,0,0.4,N,4,1,0,34.0
23,68500,MORTGAGE,7.0,EDUCATION,C,4200,11.66,0,0.06,Y,4,0,0,9.0
50,50000,RENT,1.0,PERSONAL,A,16000,7.9,1,0.32,N,17,1,1,93.0
29,54000,OWN,11.0,MEDICAL,E,20000,18.79,1,0.37,Y,5,1,1,90.0
22,51000,RENT,6.0,VENTURE,B,7000,12.18,0,0.14,N,2,0,0,2.0
32,50000,MORTGAGE,1.0,MEDICAL,B,7500,10.39,0,0.15,N,7,0,0,2.0
29,60000,MORTGAGE,2.0,MEDICAL,A,1500,6.03,0,0.03,N,5,0,0,7.000000000000001
26,96000,MORTGAGE,4.0,HOMEIMPROVEMENT,E,20000,16.7,0,0.21,N,4,0,0,21.0
38,92904,MORTGAGE,8.0,MEDICAL,B,5375,10.51,0,0.06,N,16,0,0,1.0
30,62256,MORTGAGE,1.0,HOMEIMPROVEMENT,D,9000,15.05,0,0.14,Y,10,0,0,22.0
25,52000,RENT,9.0,EDUCATION,D,10000,15.31,0,0.19,N,2,0,0,8.0
29,242400,OWN,12.0,MEDICAL,B,35000,10.37,0,0.14,N,8,0,0,4.0
22,27996,OWN,5.0,MEDICAL,A,5000,5.79,0,0.18,N,2,0,0,1.0
28,25000,RENT,5.0,MEDICAL,A,8000,6.91,1,0.32,N,6,1,1,90.0
23,42996,MORTGAGE,2.0,VENTURE,D,8500,15.31,0,0.2,Y,4,0,0,34.0
30,105000,OWN,14.0,HOMEIMPROVEMENT,B,15400,11.36,0,0.15,N,8,0,0,3.0
31,84000,MORTGAGE,3.0,HOMEIMPROVEMENT,G,25000,17.34,1,0.3,Y,5,1,1,62.0
44,48000,MORTGAGE,12.0,HOMEIMPROVEMENT,B,17500,12.18,0,0.36,N,11,0,0,8.0
25,73000,MORTGAGE,9.0,DEBTCONSOLIDATION,B,9000,11.86,0,0.12,N,4,0,0,11.0
21,44500,OWN,6.0,EDUCATION,D,5000,13.87,0,0.11,Y,3,0,0,8.0
23,25000,OWN,5.0,MEDICAL,A,7200,8.49,0,0.29,N,2,0,0,2.0
23,27000,RENT,6.0,EDUCATION,C,6000,11.66,0,0.22,Y,3,0,0,8.0
35,54000,RENT,1.0,VENTURE,E,15000,15.88,1,0.28,Y,8,1,1,85.0
28,95000,MORTGAGE,5.0,DEBTCONSOLIDATION,A,23450,7.9,0,0.25,N,5,0,0,0.0
24,41000,OWN,9.0,HOMEIMPROVEMENT,D,10000,15.33,0,0.24,N,4,0,0,6.0
37,39480,OWN,4.0,VENTURE,A,8000,8.49,0,0.2,N,13,0,0,0.0
25,51492,MORTGAGE,2.0,EDUCATION,B,13800,10.38,0,0.27,N,4,0,0,4.0
29,29000,RENT,1.0,HOMEIMPROVEMENT,A,9000,6.54,1,0.31,N,9,1,1,90.0
30,40000,RENT,1.0,DEBTCONSOLIDATION,A,5500,7.74,0,0.14,N,10,0,0,10.0
34,27852,OWN,0.0,PERSONAL,C,4200,12.84,0,0.15,N,8,0,0,3.0
35,60350,MORTGAGE,15.0,MEDICAL,E,25000,16.82,1,0.35,N,5,1,1,88.0
23,108366,RENT,7.0,HOMEIMPROVEMENT,F,35000,20.25,1,0.32,N,2,1,1,89.0
23,42500,RENT,3.0,EDUCATION,C,12000,13.35,0,0.28,N,3,0,0,3.0
37,39996,RENT,2.0,MEDICAL,A,1800,9.63,0,0.05,N,13,0,0,14.000000000000002
35,75000,MORTGAGE,5.0,PERSONAL,B,5000,8.7,0,0.07,N,9,0,0,9.0
49,60000,OWN,7.0,PERSONAL,C,7000,13.49,0,0.12,N,13,0,0,2.0
31,140000,MORTGAGE,5.0,MEDICAL,B,30000,11.71,0,0.21,N,7,0,0,4.0
24,29000,RENT,4.0,PERSONAL,B,2500,10.99,0,0.09,N,3,0,0,21.0
21,35360,MORTGAGE,2.0,EDUCATION,D,12250,15.31,0,0.35,N,4,0,0,32.0
23,50000,RENT,5.0,EDUCATION,E,9200,15.68,0,0.18,N,2,0,0,23.0
34,68000,RENT,5.0,PERSONAL,B,7200,10.99,0,0.11,N,9,0,0,1.0
23,55000,RENT,3.0,EDUCATION,D,19200,15.21,1,0.35,N,4,1,1,100.0
25,135000,MORTGAGE,0.0,VENTURE,D,16000,15.31,0,0.12,Y,3,0,0,8.0
24,57000,RENT,0.0,VENTURE,A,6000,7.9,0,0.11,N,3,0,0,0.0
23,50000,RENT,7.0,PERSONAL,A,15000,7.88,0,0.3,N,4,0,0,5.0
25,80000,RENT,0.0,MEDICAL,B,10000,10.37,0,0.13,N,2,0,0,2.0
29,140000,MORTGAGE,4.0,EDUCATION,C,16775,14.27,0,0.12,Y,10,0,0,5.0
22,60000,MORTGAGE,2.0,EDUCATION,A,1000,9.63,0,0.02,N,3,0,0,13.0
22,38400,MORTGAGE,4.0,DEBTCONSOLIDATION,A,10000,5.42,0,0.26,N,2,0,0,3.0
21,16000,RENT,5.0,VENTURE,B,6000,9.63,1,0.38,N,3,1,1,100.0
23,48000,RENT,2.0,DEBTCONSOLIDATION,A,5000,6.17,0,0.1,N,4,0,0,3.0
28,90000,MORTGAGE,7.0,HOMEIMPROVEMENT,E,17600,16.35,0,0.2,Y,5,0,0,15.0
22,42996,RENT,3.0,EDUCATION,C,4000,13.49,0,0.09,N,4,0,0,8.0
25,60000,RENT,1.0,EDUCATION,A,10000,7.49,0,0.17,N,4,0,0,1.0
33,74400,RENT,15.0,VENTURE,C,3600,15.27,0,0.05,N,9,0,0,15.0
24,79000,RENT,0.0,MEDICAL,B,8000,11.49,0,0.1,N,2,0,0,0.0
26,70000,MORTGAGE,4.0,PERSONAL,A,5000,7.49,0,0.07,N,4,0,0,3.0
24,50400,RENT,8.0,DEBTCONSOLIDATION,A,1500,7.49,0,0.03,N,4,0,0,0.0
30,26000,OWN,4.0,PERSONAL,B,1200,10.99,0,0.05,N,6,0,0,5.0
22,60000,RENT,6.0,MEDICAL,A,8000,7.88,0,0.13,N,2,0,0,1.0
33,163400,MORTGAGE,17.0,EDUCATION,E,10000,18.39,0,0.06,N,5,1,0,17.0
36,34000,RENT,5.0,MEDICAL,C,5500,12.29,0,0.16,N,17,0,0,17.0
25,31200,RENT,9.0,VENTURE,B,1500,11.12,0,0.05,N,2,0,0,10.0
24,70000,RENT,8.0,VENTURE,E,20000,14.88,1,0.29,N,4,1,1,52.0
29,113000,RENT,1.0,EDUCATION,D,25000,15.31,1,0.22,N,6,1,1,77.0
25,130000,MORTGAGE,9.0,EDUCATION,B,15000,11.14,0,0.12,N,3,0,0,0.0
26,38400,RENT,8.0,VENTURE,D,9100,15.37,0,0.24,Y,2,0,0,26.0
28,32000,RENT,12.0,DEBTCONSOLIDATION,A,12000,7.88,1,0.38,N,9,1,1,100.0
28,59000,MORTGAGE,12.0,VENTURE,A,5000,7.14,0,0.08,N,8,0,0,9.0
35,60000,RENT,0.0,DEBTCONSOLIDATION,C,4000,13.98,0,0.07,N,7,0,0,10.0
25,40000,MORTGAGE,0.0,MEDICAL,A,3600,7.49,0,0.09,N,3,0,0,9.0
24,30500,RENT,2.0,PERSONAL,F,6800,21.74,1,0.22,Y,4,1,1,89.0
38,60000,RENT,0.0,VENTURE,C,16000,13.22,0,0.27,N,14,0,0,10.0
46,70000,RENT,0.0,HOMEIMPROVEMENT,B,14000,11.26,0,0.2,N,16,0,0,11.0
29,44000,MORTGAGE,13.0,MEDICAL,A,24000,6.91,0,0.55,N,8,0,0,38.0
25,117014,MORTGAGE,5.0,EDUCATION,A,8400,7.29,0,0.07,N,3,0,0,1.0
22,12000,MORTGAGE,7.0,EDUCATION,D,1500,14.84,1,0.13,Y,3,0,1,59.0
24,72000,MORTGAGE,1.0,VENTURE,B,6000,9.99,0,0.08,N,2,0,0,2.0
28,127500,MORTGAGE,5.0,MEDICAL,E,20000,17.04,1,0.13,Y,8,1,1,77.0
22,32244,RENT,2.0,VENTURE,B,11100,12.21,1,0.34,N,3,1,1,98.0
24,74400,RENT,1.0,EDUCATION,A,3500,7.29,0,0.05,N,4,0,0,2.0
29,31100,RENT,2.0,DEBTCONSOLIDATION,B,5000,9.63,0,0.16,N,8,0,0,19.0
25,35004,RENT,3.0,PERSONAL,A,5000,8.94,0,0.14,N,2,0,0,2.0
24,32000,RENT,1.0,MEDICAL,A,5000,7.49,0,0.16,N,3,0,0,2.0
22,108803,MORTGAGE,6.0,MEDICAL,C,10000,12.23,0,0.08,N,4,1,0,6.0
25,34000,RENT,10.0,DEBTCONSOLIDATION,B,20000,8.88,1,0.59,N,2,1,1,98.0
24,145000,MORTGAGE,0.0,HOMEIMPROVEMENT,B,7000,10.99,0,0.05,N,3,0,0,7.000000000000001
24,113000,MORTGAGE,8.0,VENTURE,A,2100,7.4,0,0.02,N,3,0,0,3.0
41,50000,RENT,0.0,MEDICAL,B,6000,10.71,0,0.12,N,11,0,0,2.0
27,74800,MORTGAGE,1.0,MEDICAL,B,21000,10.59,0,0.28,N,7,0,0,10.0
25,120000,MORTGAGE,0.0,HOMEIMPROVEMENT,E,20000,16.77,0,0.17,N,2,0,0,31.0
27,264000,MORTGAGE,0.0,MEDICAL,A,35000,7.49,0,0.13,N,5,0,0,2.0
24,37000,RENT,2.0,PERSONAL,B,7000,9.99,0,0.19,N,2,0,0,10.0
27,75000,MORTGAGE,3.0,VENTURE,B,4000,11.49,0,0.05,N,7,0,0,3.0
26,40800,MORTGAGE,3.0,PERSONAL,A,7500,7.88,0,0.18,N,2,0,0,1.0
25,45000,MORTGAGE,1.0,VENTURE,A,3000,6.62,0,0.07,N,2,0,0,1.0
29,75000,OWN,3.0,HOMEIMPROVEMENT,A,12000,7.51,0,0.16,N,8,0,0,0.0
39,52273,RENT,3.0,EDUCATION,B,5000,10.99,0,0.1,N,12,0,0,13.0
23,60000,RENT,5.0,DEBTCONSOLIDATION,A,10000,7.14,0,0.17,N,2,0,0,0.0
22,43000,MORTGAGE,4.0,PERSONAL,C,6600,14.27,0,0.15,Y,2,0,0,15.0
27,45000,MORTGAGE,4.0,HOMEIMPROVEMENT,A,12000,8.94,0,0.27,N,6,0,0,11.0
31,39000,RENT,15.0,DEBTCONSOLIDATION,C,5200,13.48,0,0.13,N,9,0,0,33.0
24,21600,RENT,0.0,EDUCATION,C,6600,12.68,1,0.31,Y,4,1,1,88.0
22,52500,RENT,2.0,EDUCATION,B,15000,10.37,0,0.29,N,3,0,0,1.0
21,65000,RENT,5.0,PERSONAL,B,16000,9.91,0,0.25,N,3,0,0,11.0
23,49029,RENT,1.0,MEDICAL,A,9000,7.49,0,0.18,N,2,1,0,5.0
26,115000,MORTGAGE,3.0,EDUCATION,C,20000,13.16,0,0.17,Y,2,0,0,6.0
25,68000,MORTGAGE,3.0,HOMEIMPROVEMENT,D,6500,16.29,0,0.1,Y,3,0,0,27.0
31,36000,MORTGAGE,4.0,EDUCATION,B,1000,10.59,0,0.03,N,9,0,0,14.000000000000002
26,74000,MORTGAGE,1.0,EDUCATION,B,24000,10.74,0,0.32,N,3,1,0,6.0
23,22884,MORTGAGE,4.0,EDUCATION,E,6000,16.0,0,0.26,N,2,0,0,43.0
36,60000,RENT,2.0,PERSONAL,A,2400,5.79,0,0.04,N,17,0,0,2.0
36,36000,MORTGAGE,0.0,VENTURE,A,12000,9.63,0,0.33,N,15,0,0,12.0
23,49000,MORTGAGE,2.0,VENTURE,A,6000,7.88,0,0.12,N,4,0,0,0.0
23,40000,RENT,4.0,VENTURE,A,9000,7.49,0,0.23,N,3,0,0,2.0
31,82524,MORTGAGE,4.0,VENTURE,A,12000,6.62,0,0.15,N,8,0,0,0.0
28,43680,RENT,3.0,EDUCATION,C,4475,15.27,0,0.1,N,8,0,0,19.0
25,70000,OWN,9.0,HOMEIMPROVEMENT,A,5000,8.59,0,0.07,N,3,0,0,10.0
30,20000,RENT,1.0,EDUCATION,B,6000,10.99,0,0.3,N,9,0,0,16.0
27,37200,RENT,4.0,EDUCATION,D,4000,17.27,0,0.11,N,9,1,0,30.0
22,50000,MORTGAGE,7.0,EDUCATION,A,12800,7.88,0,0.26,N,3,0,0,4.0
21,13806,RENT,6.0,EDUCATION,C,4750,12.73,1,0.34,Y,2,1,1,100.0
28,56000,MORTGAGE,9.0,VENTURE,D,4800,14.61,0,0.09,Y,6,0,0,44.0
31,238000,MORTGAGE,14.0,DEBTCONSOLIDATION,D,12000,14.09,1,0.05,Y,10,1,1,79.0
21,47580,MORTGAGE,5.0,EDUCATION,A,14000,6.03,0,0.29,N,2,0,0,11.0
33,36000,RENT,5.0,DEBTCONSOLIDATION,A,7000,5.79,0,0.19,N,5,1,0,2.0
35,250000,OWN,8.0,VENTURE,B,15000,9.88,0,0.06,N,9,0,0,0.0
32,45000,RENT,0.0,MEDICAL,A,8000,7.49,0,0.18,N,5,0,0,2.0
22,13200,RENT,0.0,HOMEIMPROVEMENT,B,2500,9.91,1,0.19,N,3,1,1,99.0
23,54000,MORTGAGE,2.0,VENTURE,A,7000,6.62,0,0.13,N,3,0,0,0.0
31,80000,RENT,0.0,HOMEIMPROVEMENT,A,10000,8.59,0,0.13,N,6,0,0,3.0
43,85000,RENT,14.0,EDUCATION,B,9000,11.89,0,0.11,N,11,0,0,4.0
26,69996,MORTGAGE,10.0,DEBTCONSOLIDATION,C,14000,13.49,0,0.2,N,2,0,0,6.0
27,231252,MORTGAGE,1.0,PERSONAL,B,2000,9.91,0,0.01,N,10,0,0,4.0
30,54383,RENT,5.0,HOMEIMPROVEMENT,D,25000,15.65,1,0.46,Y,7,1,1,99.0
45,36000,RENT,2.0,EDUCATION,C,6000,13.49,0,0.17,N,12,0,0,19.0
28,50000,RENT,5.0,PERSONAL,A,10000,7.88,0,0.2,N,7,0,0,0.0
35,37000,RENT,2.0,DEBTCONSOLIDATION,B,2000,11.26,0,0.05,N,10,0,0,4.0
39,24000,RENT,0.0,DEBTCONSOLIDATION,A,4800,7.49,0,0.2,N,16,0,0,3.0
30,81004,RENT,3.0,VENTURE,A,10000,6.91,0,0.12,N,9,0,0,0.0
23,132000,MORTGAGE,7.0,PERSONAL,C,9000,11.34,0,0.07,Y,3,0,0,13.0
21,24996,RENT,0.0,DEBTCONSOLIDATION,D,5000,15.31,1,0.2,N,3,1,1,93.0
23,26000,MORTGAGE,3.0,DEBTCONSOLIDATION,B,7800,10.59,0,0.3,N,3,0,0,16.0
22,40000,RENT,7.0,EDUCATION,B,10000,10.37,0,0.25,N,2,0,0,6.0
40,95000,RENT,0.0,HOMEIMPROVEMENT,B,17000,10.0,0,0.18,N,12,0,0,3.0
23,25000,RENT,0.0,PERSONAL,A,5500,9.32,0,0.22,N,4,0,0,11.0
27,90000,RENT,0.0,DEBTCONSOLIDATION,B,7500,10.99,0,0.08,N,6,0,0,2.0
31,49000,RENT,6.0,PERSONAL,A,5600,6.03,0,0.11,N,6,0,0,2.0
32,176000,MORTGAGE,15.0,PERSONAL,D,2400,14.42,0,0.01,Y,10,0,0,21.0
42,100000,MORTGAGE,7.0,EDUCATION,C,5000,14.26,0,0.05,Y,15,0,0,3.0
40,41000,MORTGAGE,2.0,HOMEIMPROVEMENT,C,6000,12.53,0,0.15,N,11,0,0,30.0
29,50000,MORTGAGE,4.0,MEDICAL,B,21850,12.42,0,0.44,N,10,0,0,7.000000000000001
49,90000,RENT,3.0,EDUCATION,B,12000,10.99,0,0.13,N,16,0,0,1.0
28,26496,RENT,2.0,MEDICAL,D,5000,14.83,1,0.19,Y,10,1,1,88.0
22,50000,OWN,3.0,EDUCATION,A,6000,8.94,0,0.12,N,2,0,0,0.0
48,50000,RENT,1.0,HOMEIMPROVEMENT,B,5000,11.49,0,0.1,N,12,0,0,18.0
22,70000,MORTGAGE,5.0,DEBTCONSOLIDATION,C,15000,13.92,0,0.21,N,2,0,0,4.0
23,32800,OWN,3.0,VENTURE,A,8000,7.29,0,0.24,N,3,0,0,0.0
26,56810,MORTGAGE,10.0,DEBTCONSOLIDATION,C,2500,13.49,0,0.04,Y,3,0,0,10.0
28,48000,RENT,0.0,EDUCATION,B,10000,10.08,0,0.21,N,6,0,0,1.0
22,30000,MORTGAGE,6.0,VENTURE,B,3000,11.49,0,0.1,N,2,0,0,3.0
35,225000,MORTGAGE,17.0,VENTURE,A,5000,7.49,0,0.02,N,9,0,0,0.0
37,78000,RENT,0.0,MEDICAL,C,9600,12.99,0,0.12,N,16,0,0,9.0
27,44004,RENT,0.0,PERSONAL,C,5000,13.79,0,0.11,N,8,1,0,19.0
22,63800,MORTGAGE,7.0,DEBTCONSOLIDATION,B,25000,11.36,0,0.39,N,4,0,0,19.0
23,105000,MORTGAGE,5.0,EDUCATION,E,15000,16.82,0,0.14,Y,4,0,0,5.0
30,39750,MORTGAGE,3.0,HOMEIMPROVEMENT,B,1425,10.37,0,0.04,N,5,0,0,14.000000000000002
21,28800,RENT,1.0,EDUCATION,B,9600,10.37,1,0.33,N,3,1,1,99.0
55,28800,OWN,1.0,PERSONAL,D,5000,15.33,0,0.17,N,22,0,0,7.000000000000001
28,131004,MORTGAGE,5.0,EDUCATION,A,25000,7.9,0,0.19,N,5,0,0,0.0
41,40000,MORTGAGE,5.0,MEDICAL,B,1500,10.36,0,0.04,N,16,0,0,31.0
26,62500,RENT,7.0,MEDICAL,C,12000,12.23,0,0.19,Y,4,0,0,6.0
23,81000,RENT,5.0,PERSONAL,D,12000,16.29,0,0.15,Y,4,0,0,12.0
26,33800,RENT,4.0,EDUCATION,C,13000,13.57,1,0.38,N,4,1,1,99.0
21,62500,MORTGAGE,6.0,EDUCATION,A,13200,7.9,0,0.21,N,3,0,0,2.0
59,83768,MORTGAGE,15.0,PERSONAL,B,12000,11.86,0,0.14,N,18,0,0,4.0
30,90000,MORTGAGE,5.0,PERSONAL,B,7500,10.71,0,0.08,N,5,0,0,3.0
28,54000,MORTGAGE,9.0,EDUCATION,A,10000,8.59,0,0.19,N,8,0,0,12.0
21,34000,MORTGAGE,5.0,PERSONAL,A,7200,6.76,0,0.21,N,2,1,0,14.000000000000002
27,65000,RENT,0.0,HOMEIMPROVEMENT,B,12000,10.99,0,0.18,N,7,0,0,1.0
23,72000,RENT,3.0,EDUCATION,A,10800,7.88,0,0.15,N,2,0,0,4.0
28,42000,RENT,0.0,MEDICAL,A,6400,5.79,0,0.15,N,6,0,0,5.0
30,56004,MORTGAGE,9.0,HOMEIMPROVEMENT,A,9600,5.99,0,0.17,N,6,0,0,12.0
37,125000,MORTGAGE,1.0,HOMEIMPROVEMENT,A,8000,9.32,0,0.06,N,15,0,0,2.0
22,100000,MORTGAGE,2.0,EDUCATION,B,15000,11.99,0,0.15,N,2,0,0,1.0
22,105000,MORTGAGE,6.0,DEBTCONSOLIDATION,B,12800,11.83,0,0.12,N,3,0,0,1.0
25,34800,RENT,9.0,MEDICAL,D,5600,16.77,1,0.16,N,4,1,1,80.0
23,60000,RENT,1.0,DEBTCONSOLIDATION,A,3000,7.51,0,0.05,N,2,0,0,2.0
26,65000,MORTGAGE,6.0,MEDICAL,B,9250,10.99,0,0.14,N,2,0,0,4.0
30,51372,RENT,4.0,MEDICAL,A,4500,6.39,0,0.09,N,10,0,0,4.0
37,70000,MORTGAGE,3.0,EDUCATION,D,15000,15.2,0,0.21,N,15,0,0,36.0
28,123000,MORTGAGE,0.0,PERSONAL,A,10000,7.14,0,0.08,N,6,1,0,0.0
22,42000,RENT,7.0,DEBTCONSOLIDATION,E,7500,17.04,1,0.18,N,2,1,1,77.0
31,70550,MORTGAGE,9.0,MEDICAL,F,18000,19.74,1,0.22,Y,10,1,1,91.0
26,74000,MORTGAGE,0.0,DEBTCONSOLIDATION,E,16800,16.4,1,0.23,Y,4,1,1,77.0
24,23196,RENT,1.0,EDUCATION,D,7500,13.24,1,0.32,N,2,1,1,93.0
45,118000,MORTGAGE,15.0,HOMEIMPROVEMENT,B,25000,12.18,0,0.21,N,12,0,0,18.0
31,121000,MORTGAGE,15.0,DEBTCONSOLIDATION,C,25000,12.73,0,0.21,Y,9,0,0,19.0
27,66000,RENT,2.0,EDUCATION,C,8000,14.79,0,0.12,Y,7,0,0,16.0
24,17616,RENT,4.0,VENTURE,B,2000,10.37,0,0.11,N,2,0,0,12.0
22,137000,MORTGAGE,3.0,MEDICAL,B,25000,9.99,0,0.18,N,4,0,0,1.0
35,39000,RENT,2.0,MEDICAL,B,10000,10.25,0,0.26,N,5,0,0,7.000000000000001
23,54000,RENT,5.0,VENTURE,D,13275,17.58,0,0.25,Y,2,0,0,36.0
24,45000,MORTGAGE,6.0,HOMEIMPROVEMENT,A,4075,5.42,0,0.09,N,3,0,0,7.000000000000001
29,14573,RENT,6.0,HOMEIMPROVEMENT,B,5000,12.18,1,0.34,N,5,1,1,100.0
24,57600,RENT,8.0,EDUCATION,C,2500,14.72,0,0.04,Y,3,0,0,10.0
23,75000,RENT,2.0,PERSONAL,C,12000,12.98,0,0.16,Y,2,0,0,6.0
22,42000,OWN,3.0,VENTURE,A,7000,7.49,0,0.17,N,3,0,0,1.0
26,38004,MORTGAGE,3.0,VENTURE,C,10000,13.35,0,0.26,N,2,0,0,11.0
36,32400,MORTGAGE,20.0,PERSONAL,D,6600,13.24,0,0.2,Y,11,0,0,42.0
27,27900,RENT,3.0,MEDICAL,A,10625,7.9,1,0.38,N,5,1,1,99.0
23,75000,MORTGAGE,3.0,VENTURE,A,14400,6.03,0,0.19,N,4,0,0,0.0
34,55000,RENT,4.0,MEDICAL,B,7000,8.88,0,0.13,N,9,0,0,4.0
27,33600,RENT,1.0,MEDICAL,C,3000,13.49,0,0.09,Y,9,0,0,12.0
25,82560,RENT,6.0,DEBTCONSOLIDATION,A,4500,7.42,0,0.05,N,4,0,0,0.0
26,24500,RENT,4.0,PERSONAL,B,8875,10.0,1,0.36,N,2,1,1,96.0
23,34800,RENT,0.0,HOMEIMPROVEMENT,B,7000,11.99,1,0.2,N,3,1,1,83.0
24,76000,MORTGAGE,8.0,PERSONAL,A,12000,6.03,0,0.16,N,2,0,0,4.0
22,27500,RENT,1.0,VENTURE,B,4250,10.99,0,0.15,N,2,0,0,2.0
26,80000,MORTGAGE,10.0,PERSONAL,B,25000,10.62,0,0.31,N,4,0,0,11.0
26,84000,RENT,7.0,DEBTCONSOLIDATION,D,15000,16.0,1,0.18,Y,3,1,1,96.0
21,57200,MORTGAGE,5.0,DEBTCONSOLIDATION,A,8000,6.03,0,0.14,N,2,0,0,4.0
29,72500,RENT,1.0,PERSONAL,A,7000,7.29,0,0.1,N,5,0,0,1.0
29,43738,RENT,1.0,MEDICAL,A,14000,7.88,1,0.32,N,6,1,1,93.0
37,85000,RENT,5.0,HOMEIMPROVEMENT,A,35000,8.9,1,0.41,N,17,1,1,95.0
24,34000,RENT,1.0,HOMEIMPROVEMENT,B,10000,12.69,1,0.29,N,2,1,1,81.0
21,86000,MORTGAGE,3.0,VENTURE,A,8400,7.49,0,0.1,N,4,0,0,0.0
26,50000,MORTGAGE,10.0,PERSONAL,A,10000,7.51,0,0.2,N,3,0,0,9.0
35,41000,MORTGAGE,0.0,DEBTCONSOLIDATION,B,8000,10.83,0,0.2,N,6,0,0,7.000000000000001
26,72000,RENT,0.0,DEBTCONSOLIDATION,B,9000,10.74,0,0.13,N,2,0,0,3.0
47,80004,MORTGAGE,5.0,EDUCATION,B,7000,10.99,0,0.09,N,15,0,0,17.0
22,41717,OWN,5.0,VENTURE,B,20000,11.12,0,0.48,N,4,0,0,4.0
26,36000,MORTGAGE,2.0,PERSONAL,A,7000,7.49,0,0.19,N,2,0,0,6.0
25,54000,RENT,1.0,PERSONAL,D,20000,15.65,1,0.37,Y,3,1,1,99.0
34,110000,MORTGAGE,2.0,MEDICAL,A,10000,7.29,0,0.09,N,10,0,0,1.0
22,30000,OWN,5.0,PERSONAL,B,3000,10.36,0,0.1,N,2,0,0,4.0
26,30000,MORTGAGE,10.0,VENTURE,A,6500,6.62,0,0.22,N,3,0,0,6.0
22,69000,RENT,6.0,DEBTCONSOLIDATION,B,20000,10.99,0,0.29,N,4,1,0,8.0
37,44004,RENT,2.0,PERSONAL,C,9200,12.84,0,0.21,N,13,1,0,16.0
36,59617,MORTGAGE,14.0,PERSONAL,D,21000,15.62,0,0.35,N,14,0,0,22.0
22,55500,RENT,6.0,MEDICAL,B,3000,10.59,0,0.05,N,3,0,0,7.000000000000001
25,42348,MORTGAGE,9.0,DEBTCONSOLIDATION,A,8000,7.49,0,0.19,N,2,0,0,6.0
45,33600,RENT,8.0,VENTURE,D,11300,12.17,1,0.34,N,11,1,1,92.0
29,42000,OWN,13.0,MEDICAL,A,2500,6.76,0,0.06,N,5,0,0,10.0
34,50000,MORTGAGE,6.0,VENTURE,C,16000,13.49,0,0.32,Y,5,0,0,24.0
22,70000,RENT,4.0,EDUCATION,B,10000,12.69,0,0.14,N,4,0,0,1.0
28,191250,MORTGAGE,11.0,MEDICAL,E,9000,16.95,1,0.04,N,6,1,1,75.0
24,26000,RENT,8.0,EDUCATION,E,10000,16.63,1,0.38,Y,2,1,1,98.0
24,80000,MORTGAGE,2.0,MEDICAL,B,2500,11.49,0,0.03,N,2,0,0,12.0
27,150000,MORTGAGE,3.0,EDUCATION,E,8000,17.19,0,0.05,Y,5,0,0,24.0
23,70550,RENT,3.0,MEDICAL,F,25000,19.04,1,0.3,Y,4,1,1,85.0
33,30000,OWN,1.0,VENTURE,C,5000,12.68,0,0.17,Y,10,0,0,2.0
24,22320,OWN,4.0,MEDICAL,E,1000,16.32,1,0.04,N,2,1,1,53.0
23,38004,RENT,2.0,EDUCATION,A,4500,7.88,0,0.12,N,3,0,0,0.0
24,65450,MORTGAGE,8.0,MEDICAL,D,5000,16.77,1,0.06,N,4,1,1,93.0
33,56400,MORTGAGE,3.0,EDUCATION,B,8500,12.42,0,0.15,N,6,1,0,7.000000000000001
30,138000,MORTGAGE,13.0,HOMEIMPROVEMENT,B,10000,10.99,0,0.07,N,10,1,0,8.0
27,108000,MORTGAGE,3.0,HOMEIMPROVEMENT,A,13750,5.79,0,0.13,N,5,0,0,4.0
22,46200,RENT,0.0,VENTURE,A,10000,7.29,0,0.22,N,3,0,0,1.0
38,21600,OWN,1.0,EDUCATION,C,4750,15.23,0,0.22,Y,16,0,0,10.0
32,56000,MORTGAGE,5.0,PERSONAL,A,10000,7.14,0,0.18,N,8,0,0,6.0
31,48000,MORTGAGE,15.0,PERSONAL,B,5000,10.36,0,0.1,N,5,1,0,9.0
21,35000,RENT,0.0,MEDICAL,B,3500,9.62,0,0.1,N,2,0,0,12.0
43,125000,MORTGAGE,4.0,HOMEIMPROVEMENT,A,8800,7.88,0,0.07,N,13,0,0,2.0
23,53004,MORTGAGE,7.0,PERSONAL,A,10000,5.79,0,0.19,N,3,0,0,8.0
23,73000,RENT,2.0,VENTURE,B,3000,12.18,0,0.04,N,3,0,0,5.0
25,60000,RENT,8.0,HOMEIMPROVEMENT,D,5000,15.57,0,0.08,N,4,0,0,21.0
29,56700,OWN,14.0,MEDICAL,B,11000,10.62,0,0.19,N,6,0,0,0.0
23,44390,OWN,3.0,EDUCATION,B,14300,10.99,0,0.32,N,2,0,0,4.0
22,55000,RENT,7.0,MEDICAL,B,10000,10.37,0,0.18,N,2,0,0,2.0
22,43000,RENT,7.0,DEBTCONSOLIDATION,C,24000,13.85,1,0.56,Y,3,1,1,98.0
29,85200,MORTGAGE,5.0,MEDICAL,C,8900,13.49,0,0.1,Y,6,0,0,7.000000000000001
31,73000,MORTGAGE,3.0,DEBTCONSOLIDATION,B,15000,10.99,0,0.21,N,9,0,0,5.0
23,31200,RENT,0.0,PERSONAL,C,3200,13.49,0,0.1,Y,2,0,0,13.0
34,52809,RENT,18.0,VENTURE,B,13000,10.62,0,0.25,N,9,0,0,1.0
26,66000,RENT,3.0,HOMEIMPROVEMENT,B,25000,11.58,1,0.38,N,4,1,1,100.0
23,39000,RENT,2.0,HOMEIMPROVEMENT,D,10000,15.2,1,0.26,N,4,1,1,92.0
73,75000,RENT,0.0,MEDICAL,A,7800,7.49,0,0.1,N,24,0,0,1.0
27,35000,RENT,3.0,MEDICAL,A,6000,7.49,0,0.17,N,10,0,0,3.0
28,73200,RENT,2.0,VENTURE,A,12000,8.9,0,0.16,N,5,0,0,0.0
26,90000,RENT,3.0,EDUCATION,C,8000,14.27,0,0.09,N,3,0,0,3.0
29,52044,MORTGAGE,12.0,EDUCATION,A,8875,7.9,0,0.17,N,7,1,0,8.0
26,63000,MORTGAGE,10.0,HOMEIMPROVEMENT,B,10000,9.25,0,0.16,N,3,0,0,14.000000000000002
31,53000,MORTGAGE,7.0,VENTURE,C,4550,11.03,0,0.09,Y,6,0,0,32.0
28,78000,MORTGAGE,4.0,HOMEIMPROVEMENT,B,24000,10.25,0,0.31,N,8,1,0,16.0
31,68004,MORTGAGE,15.0,MEDICAL,B,6000,10.95,0,0.09,N,9,0,0,2.0
27,83000,MORTGAGE,11.0,VENTURE,C,2500,13.99,0,0.03,Y,8,0,0,11.0
28,43500,MORTGAGE,12.0,EDUCATION,B,4000,12.69,0,0.09,N,8,0,0,14.000000000000002
28,50000,RENT,4.0,PERSONAL,B,7200,10.99,0,0.14,N,9,0,0,3.0
24,119500,OWN,8.0,HOMEIMPROVEMENT,B,3500,12.18,0,0.03,N,2,0,0,7.000000000000001
31,46300,MORTGAGE,16.0,PERSONAL,A,7500,7.88,0,0.16,N,6,0,0,3.0
28,77000,MORTGAGE,5.0,PERSONAL,B,15000,12.21,0,0.19,N,5,0,0,16.0
27,85000,RENT,11.0,PERSONAL,B,6000,10.99,0,0.07,N,7,0,0,4.0
30,144000,MORTGAGE,7.0,PERSONAL,A,6000,8.49,0,0.04,N,7,0,0,0.0
22,36000,MORTGAGE,6.0,DEBTCONSOLIDATION,A,10000,5.42,0,0.28,N,3,0,0,8.0
22,70000,MORTGAGE,6.0,VENTURE,B,2000,10.74,0,0.03,N,2,0,0,2.0
22,66614,MORTGAGE,6.0,MEDICAL,E,11000,17.99,1,0.14,Y,2,1,1,86.0
25,75000,RENT,9.0,DEBTCONSOLIDATION,B,25000,10.36,1,0.33,N,2,1,1,97.0
28,50820,MORTGAGE,12.0,PERSONAL,B,10000,10.59,0,0.2,N,8,1,0,1.0
23,83200,MORTGAGE,6.0,EDUCATION,A,4000,7.49,0,0.05,N,4,0,0,7.000000000000001
25,70000,MORTGAGE,4.0,PERSONAL,C,15000,13.16,0,0.21,Y,3,1,0,4.0
27,81193,RENT,2.0,DEBTCONSOLIDATION,B,12000,10.71,0,0.15,N,6,0,0,5.0
45,100000,MORTGAGE,16.0,PERSONAL,A,16000,6.62,0,0.16,N,16,0,0,1.0
28,90000,MORTGAGE,0.0,MEDICAL,A,15000,7.88,0,0.17,N,6,0,0,0.0
29,75000,MORTGAGE,3.0,PERSONAL,B,4000,10.75,0,0.05,N,9,0,0,1.0
32,110000,MORTGAGE,5.0,EDUCATION,B,10000,10.99,0,0.09,N,9,0,0,2.0
21,35100,RENT,1.0,EDUCATION,A,3500,5.79,0,0.1,N,2,0,0,3.0
22,53124,MORTGAGE,4.0,EDUCATION,C,6500,13.61,0,0.12,N,3,0,0,9.0
44,76000,MORTGAGE,3.0,HOMEIMPROVEMENT,C,3600,14.79,0,0.05,Y,12,0,0,10.0
27,45000,MORTGAGE,7.0,PERSONAL,A,12000,6.91,0,0.27,N,8,0,0,8.0
22,39000,MORTGAGE,1.0,VENTURE,F,5000,18.21,0,0.13,Y,4,1,0,49.0
44,99000,MORTGAGE,3.0,EDUCATION,B,8000,9.25,0,0.08,N,14,0,0,19.0
43,65000,MORTGAGE,2.0,EDUCATION,B,24000,10.99,0,0.37,N,13,0,0,3.0
24,95000,RENT,4.0,HOMEIMPROVEMENT,D,20000,15.31,0,0.21,Y,3,0,0,16.0
28,30000,RENT,12.0,MEDICAL,D,10000,17.58,1,0.33,N,5,1,1,99.0
34,44000,OWN,2.0,VENTURE,C,10000,13.43,0,0.23,N,6,0,0,3.0
26,160000,MORTGAGE,0.0,DEBTCONSOLIDATION,C,13750,13.49,0,0.09,N,4,0,0,1.0
22,26400,RENT,0.0,VENTURE,A,6000,8.59,0,0.23,N,3,0,0,0.0
23,120000,MORTGAGE,5.0,MEDICAL,B,6000,9.99,0,0.05,N,3,0,0,0.0
23,36996,OWN,4.0,MEDICAL,A,10000,7.51,0,0.27,N,3,0,0,2.0
22,42500,RENT,0.0,EDUCATION,A,7500,7.9,0,0.18,N,2,0,0,1.0
22,26400,RENT,0.0,EDUCATION,C,5500,13.72,0,0.21,Y,2,0,0,5.0
24,133300,RENT,6.0,DEBTCONSOLIDATION,B,25000,10.37,0,0.19,N,2,0,0,1.0
24,57996,RENT,1.0,HOMEIMPROVEMENT,A,5000,8.0,0,0.09,N,3,0,0,2.0
32,75000,MORTGAGE,12.0,HOMEIMPROVEMENT,B,12000,10.65,0,0.16,N,5,0,0,9.0
23,24000,RENT,4.0,MEDICAL,C,4000,11.66,0,0.17,N,4,0,0,10.0
26,63000,MORTGAGE,10.0,MEDICAL,A,3500,7.68,0,0.06,N,4,0,0,4.0
33,100000,MORTGAGE,16.0,MEDICAL,B,15000,11.71,0,0.15,N,9,0,0,1.0
28,37290,MORTGAGE,7.0,PERSONAL,A,5500,5.42,0,0.15,N,5,0,0,14.000000000000002
23,108000,MORTGAGE,5.0,DEBTCONSOLIDATION,D,10000,15.31,1,0.09,Y,2,1,1,96.0
24,30000,MORTGAGE,8.0,DEBTCONSOLIDATION,B,17000,11.99,0,0.57,N,3,1,0,22.0
22,67200,MORTGAGE,2.0,PERSONAL,B,5000,9.99,0,0.07,N,2,0,0,14.000000000000002
25,85000,RENT,5.0,EDUCATION,A,14400,8.49,0,0.17,N,2,0,0,4.0
25,100000,MORTGAGE,9.0,PERSONAL,A,4800,7.14,0,0.05,N,3,0,0,0.0
30,72000,MORTGAGE,8.0,DEBTCONSOLIDATION,C,4800,13.49,0,0.07,Y,7,0,0,11.0
30,90000,RENT,2.0,EDUCATION,B,7200,11.99,0,0.08,N,7,0,0,0.0
24,84000,MORTGAGE,8.0,HOMEIMPROVEMENT,A,8000,7.51,0,0.1,N,2,0,0,3.0
24,67000,OWN,2.0,MEDICAL,B,16000,12.69,0,0.24,N,2,0,0,4.0
40,275004,MORTGAGE,2.0,MEDICAL,B,24500,10.99,0,0.09,N,13,0,0,12.0
24,70000,RENT,8.0,DEBTCONSOLIDATION,B,8000,11.71,0,0.11,N,3,0,0,4.0
26,65000,MORTGAGE,8.0,HOMEIMPROVEMENT,A,11500,7.49,0,0.18,N,4,0,0,2.0
34,120579,MORTGAGE,9.0,DEBTCONSOLIDATION,C,9600,13.49,0,0.08,Y,7,0,0,4.0
43,54000,RENT,0.0,DEBTCONSOLIDATION,A,3000,8.94,0,0.06,N,14,0,0,9.0
26,55000,RENT,1.0,DEBTCONSOLIDATION,C,3000,13.49,0,0.05,N,2,0,0,11.0
30,175000,MORTGAGE,2.0,HOMEIMPROVEMENT,A,6000,7.68,0,0.03,N,7,0,0,0.0
22,46968,RENT,1.0,PERSONAL,C,8500,13.49,0,0.18,N,4,1,0,4.0
27,140000,OWN,12.0,VENTURE,B,24100,11.83,0,0.17,N,10,0,0,2.0
26,52500,MORTGAGE,0.0,PERSONAL,B,15250,9.63,0,0.29,N,2,0,0,18.0
35,33600,RENT,8.0,VENTURE,D,3200,16.49,0,0.1,Y,5,0,0,43.0
24,44000,RENT,3.0,DEBTCONSOLIDATION,C,12000,12.23,0,0.27,N,3,1,0,20.0
22,26004,MORTGAGE,6.0,PERSONAL,A,12000,7.88,0,0.46,N,4,1,0,21.0
40,14400,OWN,10.0,HOMEIMPROVEMENT,A,8000,7.14,1,0.56,N,12,1,1,97.0
27,57600,OWN,4.0,VENTURE,C,3000,12.99,0,0.05,Y,10,0,0,5.0
27,120000,MORTGAGE,5.0,HOMEIMPROVEMENT,D,25000,15.95,0,0.21,N,9,0,0,23.0
24,59600,RENT,8.0,HOMEIMPROVEMENT,A,10000,5.99,0,0.17,N,3,0,0,2.0
34,119000,MORTGAGE,10.0,HOMEIMPROVEMENT,A,6000,7.49,0,0.05,N,10,0,0,0.0
29,84500,MORTGAGE,3.0,PERSONAL,A,35000,8.9,0,0.41,N,6,0,0,13.0
23,60000,MORTGAGE,6.0,PERSONAL,B,2000,10.36,0,0.03,N,2,0,0,5.0
31,108000,MORTGAGE,11.0,DEBTCONSOLIDATION,C,35000,13.49,0,0.32,N,10,1,0,19.0
24,33000,RENT,8.0,MEDICAL,B,6400,9.99,0,0.19,N,2,0,0,25.0
22,50000,MORTGAGE,6.0,VENTURE,B,10000,9.88,0,0.2,N,4,0,0,0.0
25,42240,OWN,10.0,HOMEIMPROVEMENT,A,8000,6.62,0,0.19,N,4,0,0,5.0
35,124596,MORTGAGE,1.0,EDUCATION,B,20000,11.49,0,0.16,N,5,0,0,2.0
23,103240,MORTGAGE,0.0,VENTURE,A,4000,7.49,0,0.04,N,4,0,0,0.0
30,42000,RENT,2.0,MEDICAL,B,16200,10.25,1,0.39,N,6,1,1,100.0
38,90000,MORTGAGE,9.0,PERSONAL,C,14000,12.73,0,0.16,Y,12,0,0,8.0
43,60000,MORTGAGE,27.0,HOMEIMPROVEMENT,B,10000,9.88,0,0.17,N,16,0,0,7.000000000000001
25,82000,RENT,2.0,PERSONAL,A,9200,6.03,0,0.11,N,3,0,0,1.0
23,120000,MORTGAGE,7.0,VENTURE,C,6000,13.06,0,0.05,N,4,0,0,3.0
28,76113,RENT,4.0,HOMEIMPROVEMENT,C,14500,12.61,0,0.19,N,7,1,0,7.000000000000001
22,81000,MORTGAGE,5.0,EDUCATION,A,6600,7.88,0,0.08,N,4,0,0,5.0
31,40000,OWN,2.0,EDUCATION,B,2200,10.99,0,0.06,N,7,0,0,1.0
29,144000,MORTGAGE,4.0,DEBTCONSOLIDATION,C,5000,13.06,0,0.03,N,7,0,0,9.0
36,47000,MORTGAGE,0.0,EDUCATION,A,5500,7.14,0,0.12,N,16,0,0,2.0
34,41979,MORTGAGE,14.0,EDUCATION,C,8150,15.23,0,0.19,N,10,0,0,21.0
32,20004,RENT,16.0,PERSONAL,A,3500,6.39,0,0.17,N,5,0,0,27.0
24,90000,MORTGAGE,3.0,VENTURE,A,12000,7.51,0,0.13,N,3,0,0,0.0
26,70000,MORTGAGE,11.0,HOMEIMPROVEMENT,C,20000,14.27,0,0.29,Y,4,0,0,21.0
32,31000,MORTGAGE,16.0,DEBTCONSOLIDATION,A,3000,7.51,0,0.1,N,7,1,0,14.000000000000002
22,54000,MORTGAGE,6.0,MEDICAL,A,5000,6.03,0,0.09,N,2,0,0,7.000000000000001
36,37400,MORTGAGE,2.0,PERSONAL,B,6250,6.0,0,0.17,N,14,0,0,17.0
24,64000,MORTGAGE,9.0,DEBTCONSOLIDATION,B,10000,10.99,0,0.16,N,4,0,0,10.0
26,76800,MORTGAGE,2.0,PERSONAL,A,12800,6.92,0,0.17,N,4,0,0,2.0
22,30000,RENT,0.0,PERSONAL,A,8000,9.32,0,0.27,N,4,0,0,33.0
29,48000,MORTGAGE,1.0,VENTURE,C,7000,12.68,0,0.15,Y,6,0,0,14.000000000000002
24,42000,RENT,2.0,HOMEIMPROVEMENT,D,6000,14.96,1,0.14,Y,3,1,1,97.0
24,88400,RENT,8.0,MEDICAL,D,5000,15.31,1,0.05,N,4,1,1,80.0
23,62844,RENT,7.0,HOMEIMPROVEMENT,C,7500,11.97,0,0.12,N,4,1,0,37.0
34,32758,RENT,0.0,DEBTCONSOLIDATION,D,8400,14.96,1,0.26,N,5,1,1,93.0
22,31500,MORTGAGE,3.0,VENTURE,B,4500,9.88,0,0.14,N,2,0,0,3.0
24,55000,MORTGAGE,8.0,MEDICAL,A,1800,7.49,0,0.03,N,3,0,0,0.0
26,44000,RENT,5.0,DEBTCONSOLIDATION,C,4600,13.99,0,0.1,N,4,1,0,45.0
23,42000,RENT,1.0,HOMEIMPROVEMENT,C,6000,12.99,1,0.14,N,4,1,1,73.0
30,35004,RENT,0.0,MEDICAL,A,7500,8.63,0,0.21,N,5,0,0,11.0
28,63000,RENT,12.0,HOMEIMPROVEMENT,B,18000,10.65,0,0.29,N,9,0,0,12.0
23,28685,RENT,3.0,DEBTCONSOLIDATION,C,7000,12.73,0,0.24,N,2,0,0,35.0
21,86000,RENT,5.0,EDUCATION,B,6000,10.0,0,0.07,N,4,0,0,1.0
40,15864,RENT,4.0,MEDICAL,B,2375,11.11,0,0.15,N,12,0,0,4.0
22,54000,RENT,6.0,DEBTCONSOLIDATION,D,5000,17.27,1,0.09,Y,2,1,1,96.0
28,50000,RENT,4.0,DEBTCONSOLIDATION,B,7200,10.99,0,0.14,N,7,0,0,2.0
30,67000,RENT,2.0,VENTURE,A,9250,7.49,0,0.14,N,7,0,0,0.0
30,48000,MORTGAGE,3.0,HOMEIMPROVEMENT,B,9000,12.42,0,0.19,N,7,0,0,5.0
36,28000,MORTGAGE,1.0,VENTURE,D,3075,15.62,0,0.11,Y,12,1,0,39.0
25,37000,RENT,1.0,DEBTCONSOLIDATION,F,4200,18.43,1,0.11,Y,2,1,1,94.0
24,30000,RENT,0.0,MEDICAL,A,3500,5.99,0,0.12,N,2,0,0,5.0
33,42000,RENT,3.0,MEDICAL,B,9000,10.99,0,0.21,N,8,0,0,1.0
26,54000,MORTGAGE,5.0,EDUCATION,B,10000,8.88,0,0.19,N,4,0,0,15.0
25,95000,MORTGAGE,8.0,EDUCATION,B,6800,9.63,0,0.07,N,4,0,0,4.0
22,98000,MORTGAGE,6.0,PERSONAL,B,25000,10.25,0,0.26,N,3,1,0,3.0
25,39000,RENT,0.0,HOMEIMPROVEMENT,E,4000,17.74,1,0.1,N,2,1,1,93.0
31,83300,MORTGAGE,9.0,MEDICAL,D,10000,15.31,1,0.1,Y,5,1,1,91.0
24,60000,MORTGAGE,8.0,EDUCATION,B,3000,10.65,0,0.05,N,2,0,0,10.0
57,53000,MORTGAGE,1.0,PERSONAL,C,5800,13.16,0,0.11,N,30,0,0,21.0
33,59450,MORTGAGE,1.0,PERSONAL,B,3000,10.38,0,0.05,N,5,0,0,9.0
24,39996,RENT,2.0,EDUCATION,A,1000,7.49,0,0.03,N,3,0,0,3.0
23,36000,OWN,7.0,EDUCATION,B,6000,8.88,0,0.17,N,2,0,0,0.0
25,42000,RENT,3.0,MEDICAL,A,5000,7.51,0,0.12,N,3,0,0,0.0
24,24000,RENT,8.0,MEDICAL,B,2000,10.99,0,0.08,N,3,0,0,23.0
22,60000,MORTGAGE,6.0,EDUCATION,A,11200,5.79,0,0.19,N,4,0,0,1.0
28,24000,RENT,5.0,PERSONAL,B,5500,10.36,0,0.23,N,7,0,0,11.0
24,78000,OWN,6.0,HOMEIMPROVEMENT,B,4500,12.69,0,0.06,N,3,0,0,6.0
24,91000,MORTGAGE,5.0,DEBTCONSOLIDATION,A,15000,7.88,0,0.16,N,2,0,0,0.0
35,26400,OWN,19.0,VENTURE,A,6600,5.99,0,0.25,N,8,0,0,7.000000000000001
30,60000,MORTGAGE,14.0,EDUCATION,B,4500,10.83,0,0.07,N,10,0,0,11.0
35,165000,MORTGAGE,3.0,VENTURE,B,8000,11.49,0,0.05,N,8,0,0,0.0
28,150000,RENT,1.0,MEDICAL,C,12500,14.35,0,0.08,Y,8,0,0,8.0
25,59000,OWN,6.0,HOMEIMPROVEMENT,A,5000,6.17,0,0.08,N,2,0,0,5.0
21,83004,MORTGAGE,2.0,DEBTCONSOLIDATION,D,10000,15.28,1,0.12,N,4,1,1,90.0
24,44400,RENT,4.0,EDUCATION,F,15650,21.74,1,0.35,N,4,1,1,99.0
27,35000,RENT,5.0,MEDICAL,C,10375,14.27,1,0.3,N,5,0,1,52.0
26,42996,RENT,10.0,MEDICAL,B,8500,10.2,0,0.2,N,2,0,0,7.000000000000001
27,47380,MORTGAGE,11.0,HOMEIMPROVEMENT,C,15000,13.79,0,0.32,Y,9,0,0,13.0
22,48000,MORTGAGE,1.0,PERSONAL,B,4000,9.63,0,0.08,N,2,0,0,11.0
30,36000,RENT,2.0,EDUCATION,B,6400,10.59,0,0.18,N,9,0,0,3.0
29,53313,RENT,13.0,MEDICAL,B,19850,10.99,1,0.37,N,7,1,1,99.0
22,60000,MORTGAGE,3.0,MEDICAL,C,3250,12.73,0,0.05,Y,4,0,0,5.0
39,65000,RENT,12.0,VENTURE,B,20000,10.74,1,0.31,N,17,1,1,88.0
34,55000,MORTGAGE,3.0,VENTURE,A,12800,5.42,0,0.23,N,9,0,0,2.0
27,42000,MORTGAGE,4.0,PERSONAL,C,2850,13.48,0,0.07,N,7,1,0,6.0
25,26500,RENT,9.0,PERSONAL,B,6000,12.42,0,0.23,N,3,0,0,18.0
28,24996,MORTGAGE,6.0,PERSONAL,A,6000,5.99,0,0.24,N,7,0,0,14.000000000000002
24,96000,MORTGAGE,6.0,VENTURE,A,12000,5.42,0,0.13,N,4,0,0,0.0
33,14400,OWN,0.0,VENTURE,C,2000,14.79,0,0.14,N,10,0,0,19.0
24,45996,RENT,2.0,VENTURE,C,10800,13.16,0,0.23,N,4,0,0,8.0
33,118000,MORTGAGE,12.0,DEBTCONSOLIDATION,D,35000,17.49,1,0.3,Y,7,1,1,80.0
36,150000,MORTGAGE,20.0,MEDICAL,A,10000,7.49,0,0.07,N,14,0,0,2.0
22,36000,MORTGAGE,6.0,VENTURE,D,1400,14.84,0,0.04,N,2,0,0,20.0
42,73100,RENT,4.0,MEDICAL,D,12000,16.77,1,0.14,Y,13,1,1,82.0
27,51000,RENT,3.0,VENTURE,A,1300,7.68,0,0.03,N,7,0,0,0.0
28,43200,RENT,1.0,EDUCATION,A,3000,7.49,0,0.07,N,7,0,0,5.0
25,80000,MORTGAGE,4.0,MEDICAL,C,25000,13.49,0,0.31,N,2,0,0,18.0
32,37000,RENT,3.0,HOMEIMPROVEMENT,C,4650,13.49,1,0.13,N,7,1,1,60.0
28,68553,MORTGAGE,1.0,HOMEIMPROVEMENT,C,15000,13.85,0,0.22,Y,10,0,0,28.000000000000004
25,57500,RENT,4.0,VENTURE,C,6000,11.28,0,0.1,N,2,1,0,28.999999999999996
24,76597,RENT,5.0,PERSONAL,B,22000,9.25,0,0.29,N,4,0,0,9.0
31,62050,RENT,5.0,MEDICAL,D,5800,14.11,1,0.08,Y,10,1,1,73.0
23,44496,MORTGAGE,2.0,EDUCATION,A,3500,7.49,0,0.08,N,4,0,0,5.0
25,51996,RENT,9.0,VENTURE,B,20000,10.99,1,0.38,N,3,1,1,99.0
24,135000,MORTGAGE,4.0,HOMEIMPROVEMENT,B,10000,10.99,0,0.07,N,3,0,0,6.0
22,41000,RENT,3.0,DEBTCONSOLIDATION,C,15000,12.73,1,0.37,N,3,1,1,98.0
35,33000,RENT,4.0,EDUCATION,A,7000,7.9,0,0.21,N,9,1,0,6.0
24,65000,MORTGAGE,8.0,VENTURE,D,7200,17.58,0,0.11,Y,4,0,0,11.0
25,70000,MORTGAGE,5.0,PERSONAL,A,8000,7.88,0,0.11,N,4,0,0,1.0
22,66960,RENT,1.0,VENTURE,A,23400,7.49,1,0.35,N,2,1,1,90.0
28,30000,MORTGAGE,5.0,VENTURE,A,15000,7.49,0,0.5,N,9,0,0,3.0
23,30000,RENT,3.0,PERSONAL,B,10000,11.14,1,0.33,N,2,1,1,100.0
32,65000,RENT,3.0,HOMEIMPROVEMENT,A,3625,6.03,0,0.06,N,8,0,0,3.0
22,34000,RENT,3.0,DEBTCONSOLIDATION,A,4975,7.51,0,0.15,N,2,1,0,17.0
33,210000,MORTGAGE,17.0,DEBTCONSOLIDATION,B,20000,9.91,0,0.1,N,7,0,0,3.0
24,72400,MORTGAGE,4.0,EDUCATION,E,25000,17.99,0,0.35,Y,2,0,0,42.0
23,86000,MORTGAGE,7.0,DEBTCONSOLIDATION,D,4800,16.0,1,0.06,Y,3,1,1,97.0
28,150000,MORTGAGE,6.0,VENTURE,A,10000,8.07,0,0.07,N,8,0,0,0.0
24,44000,MORTGAGE,4.0,HOMEIMPROVEMENT,A,2200,8.9,0,0.05,N,4,1,0,9.0
48,83000,RENT,2.0,VENTURE,B,12000,10.99,0,0.14,N,17,0,0,0.0
26,17280,RENT,0.0,HOMEIMPROVEMENT,C,3000,13.49,1,0.17,N,4,1,1,99.0
29,37000,RENT,1.0,MEDICAL,C,10000,12.53,0,0.27,N,5,0,0,18.0
25,32000,RENT,1.0,MEDICAL,E,2500,16.45,1,0.08,N,3,1,1,94.0
24,134300,MORTGAGE,2.0,MEDICAL,E,12000,16.45,1,0.08,N,2,1,1,75.0
25,168000,MORTGAGE,2.0,DEBTCONSOLIDATION,B,35000,10.65,0,0.21,N,4,0,0,11.0
25,25000,RENT,4.0,VENTURE,B,2000,9.91,0,0.08,N,4,0,0,4.0
25,30720,MORTGAGE,3.0,VENTURE,B,2000,11.12,0,0.07,N,2,0,0,6.0
36,83000,MORTGAGE,0.0,VENTURE,C,13000,11.97,0,0.16,N,14,0,0,10.0
27,55000,MORTGAGE,1.0,DEBTCONSOLIDATION,A,9000,7.51,0,0.16,N,8,0,0,12.0
26,85000,MORTGAGE,0.0,PERSONAL,C,12000,14.27,0,0.14,N,4,0,0,17.0
46,47844,OWN,16.0,VENTURE,A,27175,8.49,0,0.57,N,13,0,0,8.0
32,175000,MORTGAGE,17.0,HOMEIMPROVEMENT,B,24000,10.99,0,0.14,N,7,0,0,9.0
25,48000,MORTGAGE,9.0,EDUCATION,C,7000,12.09,0,0.15,Y,2,0,0,24.0
23,45600,RENT,4.0,VENTURE,C,5000,14.22,0,0.11,N,4,0,0,9.0
21,30000,RENT,0.0,EDUCATION,C,1500,13.92,0,0.05,Y,3,0,0,11.0
22,58000,OTHER,3.0,DEBTCONSOLIDATION,C,15000,13.79,0,0.26,Y,4,0,0,8.0
22,85000,MORTGAGE,0.0,EDUCATION,B,12000,11.99,0,0.14,N,3,0,0,9.0
27,65000,MORTGAGE,11.0,VENTURE,A,9000,7.66,0,0.14,N,6,0,0,0.0
25,100000,MORTGAGE,9.0,MEDICAL,A,12000,8.94,0,0.12,N,4,0,0,0.0
44,48000,MORTGAGE,9.0,DEBTCONSOLIDATION,B,5000,9.99,0,0.1,N,15,0,0,6.0
26,67000,RENT,9.0,VENTURE,A,8000,7.14,0,0.12,N,2,0,0,0.0
24,90000,MORTGAGE,4.0,HOMEIMPROVEMENT,A,5000,8.0,0,0.06,N,4,0,0,3.0
31,30000,RENT,0.0,VENTURE,D,6600,16.49,1,0.22,Y,6,1,1,92.0
36,48450,RENT,2.0,DEBTCONSOLIDATION,C,10000,13.61,0,0.21,N,15,0,0,8.0
24,40000,RENT,3.0,VENTURE,A,7000,7.88,0,0.17,N,4,0,0,1.0
24,110000,RENT,1.0,EDUCATION,A,11200,7.49,0,0.1,N,4,0,0,0.0
22,80000,RENT,5.0,EDUCATION,C,10000,14.27,0,0.13,N,2,0,0,10.0
37,66000,MORTGAGE,4.0,EDUCATION,B,25000,11.86,0,0.38,N,13,1,0,5.0
31,24000,RENT,2.0,PERSONAL,A,3000,7.49,0,0.13,N,8,0,0,23.0
27,50000,OWN,5.0,PERSONAL,A,5275,7.49,0,0.11,N,5,0,0,0.0
27,36120,MORTGAGE,2.0,VENTURE,D,2000,15.58,0,0.06,Y,5,0,0,9.0
23,60000,OWN,3.0,MEDICAL,A,10000,6.92,0,0.17,N,4,0,0,0.0
21,35000,MORTGAGE,6.0,DEBTCONSOLIDATION,B,15000,10.99,0,0.43,N,4,0,0,19.0
25,30000,RENT,6.0,MEDICAL,B,4000,9.76,0,0.13,N,3,0,0,13.0
29,84000,OWN,13.0,PERSONAL,A,6000,5.42,0,0.07,N,5,0,0,0.0
21,42000,RENT,5.0,EDUCATION,A,1500,5.79,0,0.04,N,3,0,0,0.0
21,43971,MORTGAGE,5.0,PERSONAL,A,4600,5.42,0,0.1,N,4,0,0,19.0
28,73500,RENT,0.0,HOMEIMPROVEMENT,C,14400,12.98,0,0.2,Y,6,0,0,13.0
24,47000,MORTGAGE,0.0,PERSONAL,C,12000,13.49,0,0.26,Y,3,0,0,7.000000000000001
59,55000,MORTGAGE,15.0,PERSONAL,B,1000,10.59,0,0.02,N,29,0,0,30.0
24,75000,MORTGAGE,3.0,VENTURE,A,16000,6.62,0,0.21,N,2,0,0,1.0
21,27200,RENT,0.0,MEDICAL,C,5000,13.49,0,0.18,N,3,0,0,8.0
26,51996,MORTGAGE,2.0,MEDICAL,E,6500,15.68,1,0.13,N,4,1,1,88.0
21,26400,RENT,0.0,EDUCATION,C,2400,14.79,0,0.09,Y,2,0,0,11.0
24,23500,MORTGAGE,2.0,HOMEIMPROVEMENT,B,7000,10.38,0,0.3,N,4,0,0,36.0
27,47500,MORTGAGE,5.0,MEDICAL,A,13000,7.88,0,0.27,N,8,1,0,6.0
22,31875,RENT,3.0,EDUCATION,C,7500,13.11,0,0.24,N,2,0,0,16.0
41,70000,MORTGAGE,2.0,PERSONAL,B,5000,12.69,0,0.07,N,12,0,0,14.000000000000002
24,29000,RENT,5.0,MEDICAL,C,6000,15.27,0,0.21,N,2,0,0,26.0
33,75000,MORTGAGE,6.0,DEBTCONSOLIDATION,B,10000,10.99,0,0.13,N,10,0,0,2.0
24,56972,OWN,6.0,DEBTCONSOLIDATION,E,15000,16.4,1,0.26,N,4,1,1,55.00000000000001
34,33612,MORTGAGE,0.0,PERSONAL,A,9000,7.74,0,0.27,N,9,1,0,8.0
28,89250,RENT,0.0,MEDICAL,E,20000,16.77,1,0.19,N,8,1,1,91.0
41,75000,MORTGAGE,19.0,EDUCATION,C,5500,12.87,0,0.07,Y,16,0,0,14.000000000000002
62,66000,RENT,2.0,EDUCATION,B,6000,10.99,0,0.09,N,23,0,0,12.0
34,140004,MORTGAGE,4.0,DEBTCONSOLIDATION,A,12000,7.49,0,0.09,N,8,0,0,1.0
24,79500,RENT,8.0,HOMEIMPROVEMENT,B,16000,11.14,0,0.2,N,4,0,0,13.0
28,30000,RENT,0.0,DEBTCONSOLIDATION,D,14125,14.74,1,0.47,N,10,1,1,99.0
27,52000,RENT,5.0,MEDICAL,B,26000,10.99,1,0.5,N,10,1,1,99.0
22,60000,RENT,6.0,VENTURE,D,7800,15.21,0,0.13,N,4,0,0,20.0
23,90000,MORTGAGE,7.0,VENTURE,A,21000,7.49,0,0.23,N,4,0,0,1.0
27,44004,MORTGAGE,2.0,MEDICAL,A,10000,6.92,0,0.23,N,6,0,0,5.0
31,80000,RENT,6.0,PERSONAL,A,10000,7.49,0,0.13,N,9,0,0,0.0
29,71000,RENT,1.0,DEBTCONSOLIDATION,C,12000,13.16,0,0.17,Y,9,0,0,6.0
23,150000,MORTGAGE,7.0,DEBTCONSOLIDATION,A,9600,6.92,0,0.06,N,2,0,0,0.0
23,40000,MORTGAGE,7.0,VENTURE,A,5000,6.62,0,0.13,N,4,0,0,0.0
31,101000,RENT,3.0,DEBTCONSOLIDATION,A,20000,7.9,0,0.2,N,5,0,0,1.0
36,1200000,OWN,16.0,MEDICAL,A,10000,6.54,0,0.01,N,11,0,0,2.0
21,51800,MORTGAGE,1.0,VENTURE,B,5000,9.99,0,0.1,N,3,0,0,4.0
24,40000,RENT,8.0,MEDICAL,C,4500,12.84,0,0.11,N,3,0,0,16.0
32,43000,RENT,2.0,MEDICAL,B,6950,9.91,0,0.16,N,9,0,0,5.0
22,50000,RENT,1.0,EDUCATION,A,11000,7.49,0,0.22,N,3,0,0,1.0
26,63000,RENT,3.0,HOMEIMPROVEMENT,C,6000,13.23,0,0.1,N,2,0,0,15.0
24,70000,MORTGAGE,8.0,DEBTCONSOLIDATION,B,7000,9.99,0,0.1,N,4,0,0,2.0
25,45000,MORTGAGE,4.0,VENTURE,C,10400,14.27,0,0.23,Y,2,0,0,33.0
22,55000,MORTGAGE,6.0,PERSONAL,C,3250,13.49,0,0.06,Y,4,0,0,4.0
34,67014,MORTGAGE,18.0,VENTURE,C,16000,13.22,0,0.24,N,8,0,0,10.0
36,130000,RENT,3.0,DEBTCONSOLIDATION,B,14000,10.37,0,0.11,N,14,0,0,2.0
22,83200,RENT,3.0,EDUCATION,D,10000,16.29,0,0.12,N,4,0,0,10.0
25,36960,RENT,8.0,DEBTCONSOLIDATION,D,12500,14.61,1,0.34,Y,4,1,1,94.0
21,48000,RENT,1.0,DEBTCONSOLIDATION,C,1800,13.35,0,0.04,Y,2,0,0,7.000000000000001
33,18000,RENT,3.0,EDUCATION,C,3300,11.97,1,0.18,N,8,1,1,96.0
27,51000,RENT,1.0,HOMEIMPROVEMENT,B,8400,10.71,0,0.16,N,5,0,0,13.0
21,30000,RENT,5.0,VENTURE,A,12000,5.79,1,0.4,N,3,1,1,97.0
24,88000,MORTGAGE,2.0,EDUCATION,G,25000,18.84,1,0.28,N,2,1,1,64.0
24,122000,RENT,4.0,EDUCATION,B,15000,11.58,0,0.12,N,3,0,0,1.0
22,34480,RENT,4.0,VENTURE,D,1550,15.21,1,0.04,Y,3,0,1,64.0
32,21120,RENT,0.0,MEDICAL,A,10000,7.49,1,0.47,N,6,1,1,99.0
27,120000,MORTGAGE,2.0,MEDICAL,B,16000,12.21,0,0.13,N,8,0,0,0.0
22,40000,MORTGAGE,3.0,DEBTCONSOLIDATION,B,7500,11.49,0,0.19,N,3,0,0,6.0
21,21600,RENT,4.0,DEBTCONSOLIDATION,A,6700,6.92,1,0.31,N,4,1,1,87.0
24,95000,MORTGAGE,7.0,DEBTCONSOLIDATION,B,15000,12.69,0,0.16,N,2,0,0,2.0
30,120000,RENT,3.0,HOMEIMPROVEMENT,E,10000,17.04,0,0.08,N,5,0,0,17.0
21,45000,RENT,3.0,EDUCATION,B,10000,10.25,0,0.22,N,2,0,0,2.0
27,31000,OWN,3.0,HOMEIMPROVEMENT,B,5500,10.65,0,0.18,N,7,0,0,13.0
31,31000,RENT,5.0,PERSONAL,A,7500,7.49,0,0.24,N,9,0,0,10.0
21,43000,MORTGAGE,5.0,PERSONAL,A,7000,6.62,0,0.16,N,4,0,0,4.0
22,107004,MORTGAGE,2.0,VENTURE,A,10000,7.29,0,0.09,N,4,0,0,0.0
28,48000,MORTGAGE,13.0,PERSONAL,C,5000,15.27,0,0.1,Y,5,1,0,33.0
26,25000,RENT,4.0,MEDICAL,D,6500,14.09,1,0.26,Y,2,1,1,71.0
32,30000,RENT,7.0,EDUCATION,B,3000,12.42,0,0.1,N,8,0,0,20.0
34,52000,RENT,2.0,VENTURE,C,5000,13.99,0,0.1,Y,8,0,0,12.0
29,44500,RENT,3.0,VENTURE,C,14400,13.61,1,0.32,Y,10,1,1,96.0
24,51000,RENT,1.0,DEBTCONSOLIDATION,A,3000,8.9,0,0.06,N,2,0,0,12.0
34,75500,RENT,0.0,EDUCATION,D,19200,16.77,1,0.25,Y,7,1,1,88.0
34,102000,RENT,4.0,EDUCATION,E,8400,17.19,0,0.08,Y,10,0,0,20.0
23,34348,MORTGAGE,7.0,EDUCATION,A,5000,7.9,0,0.15,N,3,0,0,11.0
27,60000,MORTGAGE,3.0,EDUCATION,C,5000,12.73,0,0.08,Y,8,0,0,13.0
24,42500,MORTGAGE,5.0,PERSONAL,A,4800,7.51,0,0.11,N,2,0,0,2.0
35,40000,OWN,5.0,VENTURE,A,8000,7.66,0,0.2,N,7,0,0,1.0
30,63000,RENT,2.0,HOMEIMPROVEMENT,A,6000,7.49,0,0.1,N,7,0,0,2.0
34,45000,MORTGAGE,3.0,MEDICAL,C,5300,13.23,0,0.12,N,6,0,0,18.0
23,28800,MORTGAGE,4.0,MEDICAL,A,10625,7.49,0,0.37,N,2,0,0,5.0
31,100000,MORTGAGE,2.0,MEDICAL,A,5000,5.42,0,0.05,N,8,0,0,0.0
29,95000,MORTGAGE,4.0,DEBTCONSOLIDATION,C,2400,13.72,0,0.03,N,9,0,0,4.0
27,20400,RENT,3.0,MEDICAL,A,5500,6.91,0,0.27,N,7,0,0,4.0
39,60000,RENT,3.0,PERSONAL,B,8000,9.88,0,0.13,N,14,0,0,1.0
31,90000,MORTGAGE,11.0,EDUCATION,A,12000,6.92,0,0.13,N,5,0,0,0.0
23,28000,MORTGAGE,4.0,HOMEIMPROVEMENT,D,5225,14.84,1,0.19,N,2,1,1,61.0
25,175000,MORTGAGE,9.0,PERSONAL,B,7550,11.49,0,0.04,N,4,0,0,1.0
40,40000,OWN,12.0,HOMEIMPROVEMENT,B,13750,8.88,0,0.34,N,16,0,0,4.0
23,35000,RENT,2.0,HOMEIMPROVEMENT,B,4000,12.18,1,0.11,N,4,1,1,75.0
26,96000,MORTGAGE,6.0,MEDICAL,B,20000,11.11,0,0.21,N,4,0,0,0.0
22,38000,RENT,2.0,MEDICAL,A,18500,7.66,1,0.49,N,4,1,1,100.0
24,19800,RENT,1.0,DEBTCONSOLIDATION,A,5600,5.79,1,0.28,N,3,1,1,87.0
29,83700,RENT,3.0,PERSONAL,C,19000,13.49,0,0.23,N,10,0,0,10.0
35,76000,RENT,2.0,VENTURE,C,1000,13.49,0,0.01,N,8,0,0,6.0
35,60000,MORTGAGE,0.0,MEDICAL,B,12000,10.75,0,0.2,N,8,0,0,8.0
29,40000,OTHER,2.0,DEBTCONSOLIDATION,E,15000,16.63,1,0.38,Y,10,1,1,82.0
26,47000,MORTGAGE,5.0,MEDICAL,A,6600,7.9,0,0.14,N,2,0,0,12.0
25,38000,MORTGAGE,9.0,HOMEIMPROVEMENT,A,5400,8.9,0,0.14,N,2,0,0,14.000000000000002
26,92500,RENT,3.0,DEBTCONSOLIDATION,B,12000,11.71,0,0.13,N,4,0,0,0.0
27,70000,MORTGAGE,3.0,HOMEIMPROVEMENT,A,5200,7.51,0,0.07,N,10,0,0,5.0
28,128400,MORTGAGE,3.0,PERSONAL,C,4000,13.35,0,0.03,Y,8,0,0,8.0
30,60000,MORTGAGE,8.0,PERSONAL,C,7400,13.11,0,0.12,Y,5,0,0,2.0
25,34980,MORTGAGE,1.0,VENTURE,B,6000,11.48,0,0.17,N,2,0,0,10.0
23,60000,RENT,3.0,EDUCATION,E,10000,16.77,0,0.17,N,2,0,0,26.0
23,37700,MORTGAGE,7.0,DEBTCONSOLIDATION,A,10000,9.63,0,0.27,N,3,1,0,14.000000000000002
35,114000,MORTGAGE,11.0,EDUCATION,B,7000,11.49,0,0.06,N,10,0,0,4.0
23,78000,MORTGAGE,4.0,DEBTCONSOLIDATION,C,6000,12.99,0,0.08,N,3,0,0,19.0
25,59000,RENT,4.0,MEDICAL,B,15000,9.99,0,0.25,N,3,1,0,11.0
22,60000,MORTGAGE,1.0,EDUCATION,B,17000,9.45,0,0.28,N,4,0,0,6.0
33,65000,RENT,3.0,DEBTCONSOLIDATION,C,7000,14.26,0,0.11,N,10,0,0,6.0
26,58947,RENT,10.0,MEDICAL,A,4500,6.03,0,0.08,N,2,0,0,20.0
27,61400,MORTGAGE,3.0,PERSONAL,C,10000,13.49,0,0.16,Y,9,0,0,7.000000000000001
23,63600,MORTGAGE,4.0,DEBTCONSOLIDATION,B,20000,10.99,0,0.31,N,3,1,0,7.000000000000001
29,74000,RENT,3.0,EDUCATION,C,16000,13.11,0,0.22,Y,6,1,0,30.0
24,43500,RENT,6.0,MEDICAL,D,10000,13.62,1,0.23,Y,3,1,1,76.0
26,175000,MORTGAGE,7.0,DEBTCONSOLIDATION,B,30000,10.99,0,0.17,N,2,0,0,10.0
25,130000,MORTGAGE,2.0,VENTURE,D,19400,16.0,0,0.15,Y,4,0,0,18.0
22,50000,MORTGAGE,7.0,EDUCATION,A,6400,8.0,0,0.13,N,2,0,0,0.0
29,125000,MORTGAGE,5.0,PERSONAL,A,12000,5.79,0,0.1,N,7,0,0,1.0
27,29000,RENT,4.0,PERSONAL,A,9750,7.51,1,0.34,N,6,1,1,98.0
25,76000,MORTGAGE,4.0,HOMEIMPROVEMENT,A,14000,7.66,0,0.18,N,3,0,0,2.0
24,42000,RENT,8.0,MEDICAL,A,5000,5.42,0,0.12,N,2,0,0,2.0
28,43150,RENT,3.0,VENTURE,B,6000,9.99,0,0.14,N,9,0,0,1.0
24,24000,RENT,2.0,HOMEIMPROVEMENT,D,3500,15.65,1,0.15,Y,3,1,1,100.0
36,65000,RENT,7.0,MEDICAL,C,15000,13.72,0,0.23,N,11,0,0,8.0
25,55000,RENT,9.0,DEBTCONSOLIDATION,A,3600,8.9,0,0.07,N,3,0,0,4.0
34,948000,MORTGAGE,18.0,PERSONAL,B,2000,9.99,0,0.0,N,7,0,0,2.0
31,8412,OWN,4.0,PERSONAL,A,2500,7.14,1,0.3,N,8,1,1,98.0
24,35000,RENT,1.0,VENTURE,A,12000,6.54,1,0.34,N,2,1,1,99.0
35,19200,RENT,2.0,VENTURE,A,3675,8.49,1,0.19,N,7,1,1,93.0
29,63755,MORTGAGE,14.0,MEDICAL,C,3000,13.49,0,0.05,Y,10,0,0,8.0
27,98000,RENT,11.0,HOMEIMPROVEMENT,D,20000,16.0,0,0.2,N,8,1,0,16.0
42,45000,RENT,1.0,MEDICAL,B,18200,10.83,1,0.4,N,16,1,1,99.0
23,26000,MORTGAGE,3.0,DEBTCONSOLIDATION,B,7800,10.59,0,0.3,N,4,0,0,17.0
23,92000,MORTGAGE,7.0,PERSONAL,A,12000,6.62,0,0.13,N,3,0,0,0.0
34,38000,MORTGAGE,9.0,PERSONAL,C,14500,12.84,0,0.38,Y,6,0,0,7.000000000000001
22,15000,RENT,0.0,VENTURE,D,5000,15.31,1,0.33,Y,4,1,1,100.0
23,92000,RENT,0.0,EDUCATION,A,6500,8.0,0,0.07,N,3,0,0,2.0
25,51500,RENT,5.0,VENTURE,C,1325,14.79,0,0.03,N,3,0,0,22.0
25,55315,RENT,3.0,EDUCATION,B,15000,10.74,0,0.27,N,2,0,0,6.0
45,55000,RENT,1.0,PERSONAL,A,4000,6.03,0,0.07,N,12,0,0,12.0
27,93000,RENT,11.0,PERSONAL,A,4200,5.42,0,0.05,N,6,0,0,6.0
31,24000,RENT,0.0,MEDICAL,A,7000,7.51,0,0.29,N,7,0,0,5.0
27,38004,MORTGAGE,0.0,DEBTCONSOLIDATION,D,12000,16.77,1,0.32,N,6,1,1,88.0
40,31504,RENT,13.0,MEDICAL,E,10000,16.77,1,0.32,N,13,1,1,94.0
32,48000,MORTGAGE,8.0,HOMEIMPROVEMENT,A,5200,5.42,0,0.11,N,5,0,0,5.0
27,61200,MORTGAGE,3.0,MEDICAL,A,13000,8.49,0,0.18,N,10,1,0,12.0
30,85332,RENT,3.0,VENTURE,C,14000,14.22,0,0.16,N,7,0,0,13.0
22,57000,MORTGAGE,4.0,EDUCATION,A,12875,7.9,0,0.23,N,2,0,0,10.0
24,28800,RENT,5.0,MEDICAL,A,8000,7.49,0,0.28,N,2,0,0,2.0
30,65004,MORTGAGE,6.0,PERSONAL,A,7100,8.0,0,0.11,N,10,0,0,2.0
26,108000,RENT,9.0,EDUCATION,G,24000,20.16,1,0.22,N,3,1,1,63.0
29,56000,MORTGAGE,4.0,MEDICAL,B,8000,11.49,0,0.14,N,5,1,0,9.0
28,70910,RENT,8.0,MEDICAL,E,3000,17.44,1,0.04,Y,5,1,1,68.0
32,49000,RENT,2.0,HOMEIMPROVEMENT,B,12000,11.11,0,0.24,N,9,1,0,27.0
26,135000,MORTGAGE,11.0,EDUCATION,A,6700,6.03,0,0.05,N,4,0,0,0.0
22,49600,MORTGAGE,4.0,VENTURE,D,10000,14.96,0,0.2,Y,3,0,0,28.999999999999996
27,15000,RENT,2.0,EDUCATION,C,3000,13.23,1,0.2,N,7,1,1,100.0
29,48000,RENT,6.0,MEDICAL,C,10000,13.8,0,0.21,N,10,0,0,12.0
31,84000,MORTGAGE,2.0,VENTURE,A,7600,7.51,0,0.09,N,5,0,0,0.0
22,54996,RENT,6.0,DEBTCONSOLIDATION,C,2500,14.35,0,0.05,Y,4,0,0,8.0
25,39000,RENT,3.0,MEDICAL,C,7600,12.84,0,0.19,N,3,1,0,22.0
25,24000,RENT,2.0,VENTURE,B,8500,9.88,1,0.35,N,4,1,1,98.0
22,33000,RENT,5.0,DEBTCONSOLIDATION,B,7800,10.99,0,0.24,N,3,0,0,22.0
27,31200,RENT,2.0,PERSONAL,A,6000,6.62,0,0.19,N,10,1,0,6.0
30,50000,RENT,2.0,VENTURE,C,2000,14.79,0,0.04,N,10,0,0,14.000000000000002
33,60000,MORTGAGE,3.0,DEBTCONSOLIDATION,A,5000,5.42,0,0.08,N,7,0,0,1.0
23,48000,OWN,8.0,EDUCATION,C,6000,12.87,0,0.13,Y,2,0,0,2.0
23,93000,RENT,0.0,DEBTCONSOLIDATION,D,25000,14.59,1,0.27,Y,2,1,1,90.0
23,62500,RENT,7.0,MEDICAL,B,26000,11.71,1,0.42,N,2,1,1,100.0
39,66000,MORTGAGE,21.0,HOMEIMPROVEMENT,E,2000,18.39,0,0.03,N,12,1,0,34.0
26,21000,RENT,0.0,MEDICAL,B,4000,11.36,0,0.19,N,2,0,0,18.0
33,116000,MORTGAGE,5.0,EDUCATION,C,15000,12.84,0,0.13,N,7,0,0,3.0
26,57550,MORTGAGE,4.0,DEBTCONSOLIDATION,A,3500,5.42,0,0.06,N,4,0,0,1.0
23,90096,MORTGAGE,0.0,EDUCATION,C,10150,11.97,0,0.11,N,3,0,0,6.0
39,61766,MORTGAGE,4.0,EDUCATION,A,5500,7.14,0,0.09,N,15,0,0,1.0
38,95000,MORTGAGE,5.0,EDUCATION,A,4000,9.63,0,0.04,N,12,0,0,2.0
23,36000,RENT,5.0,VENTURE,B,7000,10.65,0,0.19,N,2,0,0,3.0
26,100000,RENT,3.0,DEBTCONSOLIDATION,C,3000,13.57,0,0.03,N,3,0,0,6.0
24,20000,OWN,2.0,HOMEIMPROVEMENT,A,3000,8.94,0,0.15,N,2,0,0,8.0
23,60000,RENT,5.0,EDUCATION,C,7200,13.22,0,0.12,N,4,0,0,6.0
27,49000,RENT,11.0,MEDICAL,B,4000,10.59,0,0.08,N,8,0,0,8.0
28,180000,RENT,4.0,VENTURE,C,9000,13.8,0,0.05,N,10,0,0,5.0
30,38168,RENT,5.0,PERSONAL,B,7500,9.76,0,0.2,N,6,0,0,20.0
22,24000,OWN,0.0,DEBTCONSOLIDATION,D,4200,15.62,0,0.17,Y,2,0,0,4.0
24,45996,RENT,3.0,EDUCATION,C,2000,12.98,0,0.04,Y,4,0,0,3.0
22,36000,MORTGAGE,0.0,EDUCATION,C,11625,13.49,0,0.32,N,2,0,0,30.0
21,35000,RENT,5.0,MEDICAL,A,9000,8.94,0,0.26,N,3,0,0,30.0
35,48000,OWN,6.0,HOMEIMPROVEMENT,C,4200,13.61,0,0.09,N,7,0,0,11.0
23,85000,MORTGAGE,1.0,PERSONAL,C,15000,12.84,0,0.18,N,3,0,0,9.0
43,400000,MORTGAGE,5.0,HOMEIMPROVEMENT,B,28000,9.91,0,0.07,N,11,0,0,4.0
35,30555,RENT,4.0,MEDICAL,C,4500,13.22,0,0.15,N,10,0,0,8.0
24,90000,RENT,6.0,HOMEIMPROVEMENT,D,15000,17.27,0,0.17,Y,4,0,0,15.0
35,29400,RENT,0.0,EDUCATION,B,6150,12.21,0,0.21,N,10,0,0,30.0
24,49000,RENT,8.0,EDUCATION,A,7000,7.49,0,0.14,N,3,1,0,3.0
28,90000,MORTGAGE,12.0,EDUCATION,B,21000,11.36,0,0.23,N,8,0,0,1.0
37,26500,RENT,11.0,MEDICAL,C,2000,13.16,0,0.08,N,12,0,0,14.000000000000002
25,54000,MORTGAGE,7.0,EDUCATION,B,5500,10.59,0,0.1,N,4,0,0,15.0
24,36000,MORTGAGE,8.0,PERSONAL,C,3500,13.06,0,0.1,Y,3,0,0,15.0
34,220000,MORTGAGE,13.0,DEBTCONSOLIDATION,C,11275,12.99,0,0.05,N,8,0,0,1.0
26,30000,MORTGAGE,0.0,EDUCATION,A,4000,7.14,0,0.13,N,3,0,0,4.0
37,42000,RENT,0.0,MEDICAL,A,12000,7.49,0,0.29,N,14,0,0,1.0
26,62361,MORTGAGE,6.0,PERSONAL,B,21650,12.69,0,0.35,N,4,0,0,6.0
27,30000,RENT,4.0,PERSONAL,A,8650,8.94,0,0.29,N,6,0,0,25.0
42,82000,MORTGAGE,13.0,HOMEIMPROVEMENT,E,26800,16.77,1,0.33,Y,15,0,1,52.0
26,20000,MORTGAGE,1.0,DEBTCONSOLIDATION,A,1500,7.74,0,0.07,N,4,0,0,16.0
36,31200,RENT,0.0,EDUCATION,A,10000,6.91,1,0.32,N,15,1,1,87.0
32,60000,RENT,3.0,MEDICAL,B,2375,11.83,0,0.04,N,7,0,0,4.0
22,23000,RENT,6.0,VENTURE,C,4850,14.27,0,0.21,Y,4,0,0,6.0
27,54000,RENT,11.0,VENTURE,D,6000,14.59,0,0.11,Y,5,0,0,32.0
23,149981,MORTGAGE,7.0,MEDICAL,C,25000,12.98,0,0.17,N,3,0,0,1.0
26,53000,RENT,4.0,VENTURE,B,6800,9.91,0,0.13,N,3,0,0,4.0
27,130000,MORTGAGE,12.0,PERSONAL,A,5000,8.63,0,0.04,N,5,0,0,4.0
27,23000,RENT,4.0,MEDICAL,A,6000,8.9,0,0.26,N,6,0,0,9.0
22,48000,RENT,7.0,PERSONAL,B,7200,12.69,0,0.15,N,2,0,0,7.000000000000001
26,215000,MORTGAGE,11.0,EDUCATION,A,12000,7.88,0,0.06,N,2,0,0,7.000000000000001
26,66000,MORTGAGE,9.0,DEBTCONSOLIDATION,D,15000,14.42,1,0.23,N,2,1,1,87.0
22,86000,MORTGAGE,4.0,PERSONAL,A,24000,7.51,0,0.28,N,2,0,0,9.0
28,80000,MORTGAGE,5.0,HOMEIMPROVEMENT,C,15000,14.17,0,0.19,N,8,0,0,25.0
25,110500,RENT,9.0,VENTURE,D,6400,13.67,0,0.06,N,3,0,0,19.0
21,30000,MORTGAGE,6.0,PERSONAL,A,3000,5.99,0,0.1,N,4,0,0,9.0
24,65000,RENT,0.0,PERSONAL,A,4800,7.88,0,0.07,N,4,0,0,3.0
22,65000,RENT,4.0,EDUCATION,D,34000,17.58,1,0.52,N,4,1,1,98.0
24,16000,RENT,2.0,EDUCATION,D,4200,15.31,1,0.26,N,2,1,1,98.0
51,58000,RENT,2.0,MEDICAL,E,1500,19.03,1,0.03,N,24,1,1,84.0
37,48000,MORTGAGE,4.0,HOMEIMPROVEMENT,A,7000,7.9,0,0.15,N,15,0,0,5.0
24,57000,RENT,1.0,MEDICAL,A,3000,7.88,0,0.05,N,3,0,0,12.0
30,19968,RENT,3.0,DEBTCONSOLIDATION,E,4000,16.45,1,0.2,N,9,1,1,91.0
30,66000,RENT,5.0,EDUCATION,D,10000,14.83,0,0.15,Y,9,1,0,17.0
27,80000,MORTGAGE,2.0,EDUCATION,A,12000,6.99,0,0.15,N,6,0,0,2.0
22,52800,RENT,1.0,PERSONAL,A,2100,6.76,0,0.04,N,2,0,0,0.0
24,60000,OWN,4.0,EDUCATION,A,5000,5.79,0,0.08,N,3,0,0,1.0
23,36000,RENT,1.0,EDUCATION,A,7000,7.9,0,0.19,N,4,0,0,11.0
24,64000,MORTGAGE,5.0,VENTURE,D,12000,16.77,0,0.19,N,2,0,0,14.000000000000002
40,75000,RENT,6.0,EDUCATION,A,15000,7.29,0,0.2,N,11,0,0,1.0
21,30000,RENT,5.0,EDUCATION,B,8000,10.99,0,0.27,N,2,0,0,37.0
25,46596,RENT,2.0,DEBTCONSOLIDATION,B,13200,12.53,0,0.28,N,4,0,0,28.999999999999996
27,104000,RENT,8.0,DEBTCONSOLIDATION,B,11000,10.99,0,0.11,N,8,0,0,3.0
24,67600,RENT,7.0,HOMEIMPROVEMENT,D,10000,16.02,0,0.15,Y,2,0,0,18.0
40,28800,RENT,4.0,DEBTCONSOLIDATION,B,5400,10.37,0,0.19,N,15,0,0,11.0
40,80000,RENT,0.0,MEDICAL,A,6000,8.94,0,0.07,N,11,0,0,1.0
28,100000,MORTGAGE,4.0,VENTURE,B,20000,11.48,0,0.2,N,5,0,0,1.0
33,140000,MORTGAGE,14.0,DEBTCONSOLIDATION,A,9600,6.91,0,0.07,N,5,0,0,0.0
27,77000,MORTGAGE,12.0,EDUCATION,A,4900,6.03,0,0.06,N,7,0,0,5.0
53,85000,RENT,2.0,PERSONAL,A,8000,7.74,0,0.09,N,26,0,0,1.0
24,92341,RENT,9.0,DEBTCONSOLIDATION,A,12000,7.51,0,0.13,N,4,0,0,0.0
33,71000,MORTGAGE,10.0,HOMEIMPROVEMENT,A,10000,5.79,0,0.14,N,9,0,0,0.0
24,105000,MORTGAGE,8.0,PERSONAL,A,11000,5.42,0,0.1,N,3,0,0,1.0
25,31000,RENT,2.0,EDUCATION,A,1800,8.32,0,0.06,N,2,0,0,31.0
35,60000,OWN,9.0,PERSONAL,B,24000,12.53,0,0.4,N,9,0,0,2.0
31,85000,RENT,6.0,MEDICAL,B,22000,11.58,0,0.26,N,5,0,0,8.0
24,120000,RENT,9.0,MEDICAL,C,15400,14.26,0,0.13,N,2,0,0,14.000000000000002
26,80171,RENT,3.0,HOMEIMPROVEMENT,C,18000,13.85,0,0.22,N,3,0,0,14.000000000000002
21,60000,RENT,5.0,EDUCATION,B,10000,12.18,0,0.17,N,2,0,0,1.0
28,71007,MORTGAGE,4.0,EDUCATION,F,25000,18.62,0,0.35,N,7,0,0,50.0
46,40452,OWN,4.0,EDUCATION,B,4000,11.71,0,0.1,N,17,0,0,13.0
33,44000,RENT,0.0,MEDICAL,D,9000,15.21,1,0.2,Y,6,1,1,94.0
41,75000,RENT,1.0,PERSONAL,B,20000,11.14,0,0.27,N,11,0,0,3.0
33,57800,MORTGAGE,12.0,MEDICAL,A,7000,6.99,0,0.12,N,6,0,0,2.0
48,100000,MORTGAGE,3.0,DEBTCONSOLIDATION,B,15000,9.88,0,0.15,N,11,0,0,0.0
29,39000,MORTGAGE,12.0,PERSONAL,A,16000,5.99,0,0.41,N,8,0,0,20.0
28,14400,RENT,2.0,VENTURE,C,4800,14.65,1,0.33,Y,9,1,1,99.0
26,101000,MORTGAGE,10.0,VENTURE,F,25000,17.46,0,0.25,N,4,1,0,23.0
22,60000,MORTGAGE,6.0,DEBTCONSOLIDATION,C,18000,12.99,0,0.3,N,2,0,0,13.0
24,42000,MORTGAGE,4.0,PERSONAL,E,18250,16.82,1,0.43,Y,4,1,1,56.99999999999999
37,103000,RENT,1.0,EDUCATION,D,10000,15.62,1,0.1,Y,12,1,1,88.0
29,190000,MORTGAGE,3.0,EDUCATION,B,14000,10.99,0,0.07,N,6,0,0,0.0
27,30000,RENT,4.0,EDUCATION,B,10000,10.74,1,0.33,N,10,1,1,99.0
27,38004,MORTGAGE,11.0,DEBTCONSOLIDATION,C,6500,13.79,0,0.17,Y,8,0,0,10.0
22,63211,RENT,7.0,DEBTCONSOLIDATION,B,6500,11.86,0,0.1,N,2,0,0,7.000000000000001
35,54000,RENT,0.0,PERSONAL,D,20500,14.61,1,0.38,Y,5,1,1,100.0
23,48600,MORTGAGE,7.0,PERSONAL,B,19000,11.36,0,0.39,N,4,0,0,13.0
33,79050,MORTGAGE,17.0,MEDICAL,D,12750,15.95,1,0.14,N,10,1,1,87.0
30,12996,RENT,1.0,PERSONAL,E,2000,17.19,1,0.15,N,6,1,1,83.0
21,44000,RENT,6.0,EDUCATION,D,8000,15.21,0,0.18,N,2,1,0,15.0
30,54000,RENT,1.0,EDUCATION,A,12000,6.62,0,0.22,N,6,1,0,0.0
58,100000,MORTGAGE,6.0,PERSONAL,A,6000,5.42,0,0.06,N,19,0,0,0.0
24,30000,MORTGAGE,8.0,HOMEIMPROVEMENT,C,5000,13.48,1,0.17,Y,2,1,1,54.0
36,92000,MORTGAGE,18.0,MEDICAL,A,4000,7.29,0,0.04,N,11,0,0,1.0
22,72000,RENT,6.0,MEDICAL,C,12000,12.99,0,0.17,Y,3,0,0,10.0
25,76000,RENT,1.0,DEBTCONSOLIDATION,A,5000,7.9,0,0.07,N,3,0,0,0.0
23,75000,RENT,4.0,EDUCATION,B,7500,11.83,0,0.1,N,2,0,0,2.0
29,32400,MORTGAGE,2.0,MEDICAL,B,10625,10.99,0,0.33,N,5,0,0,5.0
28,65000,MORTGAGE,8.0,EDUCATION,D,3000,15.31,0,0.05,N,7,0,0,17.0
24,46000,RENT,8.0,PERSONAL,B,13000,10.99,0,0.28,N,3,0,0,11.0
33,36000,RENT,5.0,EDUCATION,B,12200,9.99,1,0.34,N,6,1,1,100.0
25,28008,RENT,5.0,MEDICAL,B,4000,10.0,0,0.14,N,2,0,0,14.000000000000002
21,47760,MORTGAGE,2.0,PERSONAL,A,15000,6.03,0,0.31,N,2,0,0,34.0
24,54000,RENT,8.0,HOMEIMPROVEMENT,B,6800,10.59,0,0.13,N,3,0,0,39.0
33,46000,RENT,13.0,PERSONAL,C,5600,15.27,0,0.12,N,9,0,0,33.0
23,60000,RENT,4.0,PERSONAL,C,5000,13.98,0,0.08,Y,2,0,0,2.0
29,71000,RENT,4.0,DEBTCONSOLIDATION,A,9700,8.94,0,0.14,N,5,0,0,2.0
33,160000,MORTGAGE,3.0,PERSONAL,B,22000,10.75,0,0.14,N,8,0,0,0.0
27,120000,MORTGAGE,11.0,HOMEIMPROVEMENT,B,18000,10.74,0,0.15,N,6,0,0,2.0
23,78000,RENT,7.0,DEBTCONSOLIDATION,A,8100,7.29,0,0.1,N,2,0,0,2.0
23,130000,MORTGAGE,7.0,MEDICAL,B,25000,11.12,0,0.19,N,3,0,0,1.0
31,96000,OWN,3.0,PERSONAL,B,10000,9.99,0,0.1,N,6,0,0,0.0
34,47300,MORTGAGE,3.0,MEDICAL,A,12000,7.88,0,0.25,N,8,0,0,0.0
22,110000,MORTGAGE,2.0,VENTURE,B,9000,11.11,0,0.08,N,4,0,0,1.0
27,36000,RENT,11.0,HOMEIMPROVEMENT,D,15000,16.77,1,0.42,N,9,1,1,97.0
23,42000,RENT,2.0,EDUCATION,A,7000,7.88,0,0.17,N,3,0,0,3.0
23,62000,MORTGAGE,8.0,HOMEIMPROVEMENT,C,9000,11.03,0,0.15,N,2,1,0,43.0
41,98004,MORTGAGE,25.0,DEBTCONSOLIDATION,C,12000,13.57,0,0.12,N,15,0,0,12.0
24,50000,MORTGAGE,7.0,VENTURE,D,1000,14.42,0,0.02,N,3,0,0,33.0
37,42000,RENT,5.0,DEBTCONSOLIDATION,B,8000,12.69,0,0.19,N,15,0,0,7.000000000000001
